phone_normalized,wdc_subject_count,sample_values,sample_subjects
2028851000,222606,(202) 885-1000,_:ne3be761d911b44a79ccadd78d6bbeb51xb1 | _:ne3be761d911b44a79ccadd78d6bbeb51xb5 | _:ne3be761d911b44a79ccadd78d6bbeb51xb9 | _:n464739f20a574d5c87737d884cce3181xb1 | _:n464739f20a574d5c87737d884cce3181xb5
+440152465201,16390,+44 (0)1524 65201 | \r\n            +44 (0)1524 65201\r\n        ,_:node1ifdru3qjx22146098 | _:node1ife4g150x80686 | _:node1ifdq5sh3x33285757 | _:node1ifgc6vojx4862721 | _:node1ifgc6vojx4862723
3158594011,8521,(315) 859-4011 | 315-859-4011,_:node1ifg57rg9x6737397 | _:nbbd8b28ae4e5481d9b94dc42510120a4xb0 | _:nd10bf5d5a92442388db8ff085089d5b7xb0 | _:nc733ddf3f91d4c8e8aa1b29cd3edb219xb0 | _:nf881f86fe2bb4c9f8ccc6b3e5587fe36xb0
+4401224272000,8491,\r\n                            Tel: +44 (0)1224 272000\r\n                         | \n                            Tel: +44 (0)1224 272000\n                         | \r\n                        Tel: +44 (0)1224 272000\r\n                    ,_:node1ifg0c5tjx14164843 | _:node1ifdbnbshx1557796 | _:node1iff9ipl0x11481676 | _:node1ifd0kpegx19388494 | _:node1ifd32ihsx1622114
8474913741,2893,(847) 491-3741,_:node1iffv1drux1986703 | _:nbe14da47320445b4ae13a2d138a8ac45xb1 | _:n11290831e5c346c69039569c67c3ce6dxb1 | _:na74fec07447f441db3830b353ba50ab9xb1 | _:na3499f7e99624b6baa08cb6b373bc130xb1
3125038649,2892,(312) 503-8649,_:nbe14da47320445b4ae13a2d138a8ac45xb1 | _:n11290831e5c346c69039569c67c3ce6dxb1 | _:na74fec07447f441db3830b353ba50ab9xb1 | _:na3499f7e99624b6baa08cb6b373bc130xb1 | _:n092f95f67bd4433b8c734595ee5707ffxb1
+74956737371,2610,+74956737371,_:node1ifenc83gx9409248 | _:node1ifenc83gx9409252 | _:node1ifenc83gx9409256 | _:node1ifenc83gx9409260 | _:node1ifenc83gx9409265
+441274232323,2427,+441274 232323 | +44 1274 232323,_:n2c73020be17747a087c8b46b2fe0e690xb0 | _:n89c46b982bed4a9f9e944e1e15a92bdaxb0 | _:nb743e4015c2c48a38abad7cbdb9713faxb0 | _:n6b37768d53024b9f9d7144b324d1d1e6xb0 | _:n0174f409a05140d497bdb11f3a6267f5xb0
2023195000,2013,202-319-5000,_:n2e6053d82af74c799c69c5e3f469c45bxb0 | _:n0addbde1642d427b8d23a5c08435e65fxb0 | _:nd3bb82e079f24d41a0e7016e1e44553axb0 | _:na40c309263d74284aae7ba96d389a121xb0 | _:n7e8eb616ec46431485dd706137289e0dxb0
+4402477657688,1970,+44 (0)24 7765 7688,_:n331554b9b67c4beaaed92c3717d9b42dxb0 | _:n4174358bba6642a7982c52847d47ce71xb0 | _:n638e9d92ee3a4f5583055ef661866846xb0 | _:n7f1c4a7271b741dfb716d85e62044336xb0 | _:n899ed8a02dab40c3a0936287a43a9275xb0
4107063100,1768,410-706-3100,_:node1iff9ococx7349049 | _:node1ifec7eslx10181320 | _:node1iff1n039x14620192 | _:node1ifekvdcdx7261936 | _:node1ife3r8gux27567413
+12609825000,1679,+1-260-982-5000,_:n2b703bdd067640ed94ea5cf0416744d1xb0 | _:n827a73d166a5422fb063842dbffa9eacxb0 | _:n9e97c4ff703d4bfb93e215fd4fe22da9xb0 | _:nf00e8cfd752d4734bbe3a4e048766820xb0 | _:nb4cfffd103074fa4bcc8d4cf9f3f1df7xb0
2509605555,1436,2509605555 | 250-960-5555,_:n3d78685f32614be3bf2004633b8feb7dxb0 | _:n85bb85cfc7e949b98381e29e98da023cxb0 | _:nda609c660ecb41128f47ea0783a7fc90xb0 | _:ndd5747bd912c4952aae70994923d7498xb0 | _:nf81cf05c6e5b44c488fc7d4dabf764b0xb0
+4401179656261,1413,+44 (0)117 9656261,_:node1iffqq80ox25310854 | _:node1ifdm7r8hx3193066 | _:node1ifdnk6ccx5457902 | _:node1ife8p8d5x5816842 | _:node1ife8pd83x28482819
+8475783000,1315,+8475783000 | +847578-3000,_:node1ifev9u40x14968638 | _:node1iff0qmv6x9773091 | _:node1iff0qq3ox7503275 | _:node1iff53p5ax123759 | _:node1ifdbjul8x22498829
2026870100,1264,Phone: 202-687-0100 | Phone: (202) 687.0100 | \n      Phone number\n      P.\n      202-687-0100\n     | Phone: (202) 687-0100,_:node1iffoicjux2592884 | _:node1iffm9aksx275136 | _:node1iff6qi48x36618562 | _:node1ifd4q5qbx17682706 | _:node1ifd34cgsx20305906
0738205225,1259,(07) 3820 5225 ,_:n51a9c50b609244108abf7755012024bfxb1 | _:n51a9c50b609244108abf7755012024bfxb11 | _:naa702b4b98e94ae2a58ebdf19c330229xb1 | _:naa702b4b98e94ae2a58ebdf19c330229xb7 | _:nd149eb34ac85422fb195a6e30919a0e7xb0
5182766000,1152,(518) 276-6000,_:node1ifg57rg9x6737493 | _:na29daacb8e72482fa8b13645b373c5e0xb0 | _:nd643fd098877412d9167e22121e121edxb0 | _:n038acafacd52408c8066b7dc61bce89cxb0 | _:ne5ae2d407e3c4504a6db6f7e51582f8fxb0
+902462111000,1098,+ 90 (246) 211 1000,_:n57a5ce547f4640e79d870c519704d551xb0 | _:n615acdafcfc5480a84826b5d793290bbxb0 | _:na12dd598437e42baa7acb43407764784xb0 | _:nbba2308bf39446c8a69179619c849710xb0 | _:ne6d09af64ed6480aafb6e0ec6cc71069xb0
+17053249144,1013,+1-705-324-9144,_:n65cb8fd9b48a48a18b29a48a7cfc6d64xb5 | _:nbd7a10abfaa744b3a90eba4a7ff74025xb5 | _:n08d07642ae1c49948455f8b34815e49dxb5 | _:n7a07923d050f405e862f9e0a5083a03fxb5 | _:n65756f5531ab4ee89af252440849a051xb5
+17053726865,1013,+1-705-372-6865,_:n65cb8fd9b48a48a18b29a48a7cfc6d64xb9 | _:nbd7a10abfaa744b3a90eba4a7ff74025xb9 | _:n08d07642ae1c49948455f8b34815e49dxb9 | _:n7a07923d050f405e862f9e0a5083a03fxb9 | _:n65756f5531ab4ee89af252440849a051xb9
+17054571680,1013,+1-705-457-1680,_:n65cb8fd9b48a48a18b29a48a7cfc6d64xb7 | _:nbd7a10abfaa744b3a90eba4a7ff74025xb7 | _:n08d07642ae1c49948455f8b34815e49dxb7 | _:n7a07923d050f405e862f9e0a5083a03fxb7 | _:n65756f5531ab4ee89af252440849a051xb7
+17057495530,1013,+1-705-749-5530,_:n65cb8fd9b48a48a18b29a48a7cfc6d64xb3 | _:nbd7a10abfaa744b3a90eba4a7ff74025xb3 | _:n08d07642ae1c49948455f8b34815e49dxb3 | _:n7a07923d050f405e862f9e0a5083a03fxb3 | _:n65756f5531ab4ee89af252440849a051xb3
0120870707,1013,0120-870-707,_:n37ac2a9526754879bf381261d643afaexb0 | _:n029a62893f2b403d9aa878e0b6a5df14xb0 | _:n7f8e75ff39814b869e7e04c50de8cec9xb0 | _:n063171dfeded45729ccc9057c2362469xb0 | _:n09104bf0d1254055ad3d14bb7688c17axb0
5745357000,969,(574) 535-7000,_:node1iffv0v6fx9462611 | _:node1ifencfsix78705471 | _:node1ifec7nvvx6889673 | _:node1iff0qnh9x21837903 | _:node1iff0qr8kx1930953
8003487422,968,(800) 348-7422,_:node1ifencfsix78705471 | _:node1ifec7nvvx6889673 | _:node1iff0qnh9x21837903 | _:node1iff0qr8kx1930953 | _:node1ife0a3k9x4520556
5413465015,931,541.346.5015,_:node1ifernjb9x7487859 | _:node1iffokkm7x7339250 | _:node1ifd0khspx9973500 | _:node1iffst9gix7371549 | _:node1ifd0kc6cx10142138
+38118514312,922,+381 18 514 312,_:n0c96f063584e44b0a4f8a29d9496de93xb3 | _:n0c96f063584e44b0a4f8a29d9496de93xb4 | _:n6b1c8dbac29049089d06fac886c4df9bxb1 | _:n1767d289cb7c4874bc9c956fd0a2b564xb1 | _:nd5b07a39c8cb41d1a5a9dd9d2e749fe1xb3
9403974334,844,(940) 397-4334,_:n5485efb6f0a24d878369ba1d4ea7f00cxb1 | _:n76a0d2268ae041a0888c470c6f027523xb1 | _:ne5df400f42ec4be3aee29c6af3af5182xb0 | _:n35d7eb8b99494e3ba512070d00fee7b7xb0 | _:n173f82ad2224430b818c6ba7ca7d43ddxb1
+966114948888,799,+966 11 494 8888,_:nf49fb01653944cae9b956e4e11873ed1xb0 | _:na8b02b81e4b3437798fd906e5f2c6aeexb0 | _:n0984c2171c404a19a8689e863b79086fxb0 | _:nd1e3afedae164a569a29a88b7b584389xb0 | _:n5201e7e55c5f49aebc9bac0e8e05fd0fxb0
95824069899,789,958 24 06 98/99,_:n1015dd7ac65c491c981e1bef3011599dxb0 | _:nef0130834fdb4ffca883e2f2d6405f77xb0 | _:ne56b42ddd3614c02b0218d957bc286a5xb0 | _:na902c47296494fb49ef5a434291d6aa4xb0 | _:n3e987a6c46a242f389503c4b7589b2ecxb0
8004249595,752,800-424-9595,_:ndc1197816a1645d889262625b655f45fxb0 | _:n45346f4a4a2a4847971c40b31c433dc3xb0 | _:n074dc7b93fdd4571a71769d88f4366a5xb0 | _:na12d7e3b4f6247c783e1392cc4b1ea83xb0 | _:na3b4f67bcbe64e469ee0973c09c3c95axb0
7137984951,707,(713) 798-4951,_:node1ifd0kq4nx12867438 | _:node1ifd3s8n8x13258872 | _:node1ifd3s49mx295027 | _:node1ifd21ilkx5209650 | _:node1ifd0kg1dx12793859
571353700034202883419900,676,"(571) 3537000, 3420288 y 3419900",_:nb1b94093930f473f909a952d02000c98xb2 | _:na1bca4e0a9d74397ac047f43dc8b3e62xb2 | _:naf22625c2ed94e4ea7de0674dbc2f303xb2 | _:nc95483c3723f4b2abead5be5be088a61xb2 | _:nacee80470e0342b4bb6fecee67fb0125xb2
5124714141,637,512-471-4141,_:node1ifg85d95x3467052 | _:node1ifdfuepfx11007368 | _:node1ifeh837px20796027 | _:node1ifdqdl1px925466 | _:node1ifekv9gpx932848
5124714271,637,512-471-4271,_:node1ifg85d95x3467052 | _:node1ifdfuepfx11007368 | _:node1ifeh837px20796027 | _:node1ifdqdl1px925466 | _:node1ifekv9gpx932848
18774628439,634,1-877-462-8439,_:n260f54dfac11461c81c0d9d58a012a85xb0 | _:n832d02a3ba3e42f1a2c06fae0e200c43xb0 | _:nff7c813e11f84f53a7d8942532ba9226xb0 | _:n74319013b59845218669cabc2c77c5a7xb0 | _:n9bdbf946dddc47ebb81ec4e9d5494867xb0
2026874203,632,Phone: 202-687-4203,_:node1ifehbhs8x5695817 | _:node1ife4g2j4x15586862 | _:node1ifec7p6kx38171800 | _:node1ifeeq1dpx5550251 | _:node1ifeg3q5fx5600531
+84438692137,587,+84 4 3869 2137,_:n255465e0d2dd405fa5989a8ecc5dc043xb0 | _:n7bd9c8ec3a1241648b3dacb890dcb495xb0 | _:n9a5e1eb394c140718987e4e027c144afxb0 | _:n48cf10768fd24a50b5804e960b410093xb0 | _:n17615d23c0b04487b580075ce08d6726xb0
2023195236,582,202-319-5236,_:nf23e9915d2db44f58996b39ad20221c6xb0 | _:n942910139bed46389f8d0802964ef123xb0 | _:na591c6f605904c2ebde454c4a6892b6axb0 | _:nf6da1dff67a8442aa2e834a1861a3818xb0 | _:nccca9e83e31e479ebd4df1dab775a4a1xb0
9055259140,580,905-525-9140,_:node1ifelqf22x531923 | _:node1ifelqf22x531924 | _:node1iffsd6hix5638856 | _:node1iffsd6hix5638857 | _:node1ife77d55x42164745
+9721800207777,576,+972 1-800-207-777,_:n6ed3e38de0894ffc9b1765a0a817a7caxb0 | _:nb0af221cae764409ab59790363b601f3xb0 | _:n95bf73241611417bbfbfdce92c390b1dxb0 | _:nec7cd386e6304752a5bfdc2f6847d310xb0 | _:n750468eb58aa443ab4138f60fb18cfb1xb0
+17244582000,565,+1-724-458-2000,_:ne62f653fc79a4d42a6320c656671ce91xb2 | _:n052c39479d244694a99ac5a8c6d0cd82xb2 | _:n5036b32a0c4a4aafa1ac8d80d06ec35bxb2 | _:na35dc156569a4837948a339d10f7ebf6xb2 | _:nfd537913984b4fcaab79b9fbb50ac6aaxb2
+18504742704,560,+1 (850) 474-2704,_:n431a18acd9fa4064b7ceb76e221ecaaaxb0 | _:n621154850c334bbaae63daec871949e3xb0 | _:n10bf837fad6e4836b3c5831a14c96d79xb0 | _:n271d89261f4741629c816a3135da09b2xb0 | _:n499409ef5a114295bafdfd43e70cad1cxb0
5035388383,558,503-538-8383 | (503) 538-8383,_:node1ife8p7pqx9993409 | _:node1ifg4s81dx14742254 | _:node1ife4friix25122593 | _:node1ifdvi584x34958348 | _:node1ife8pq1mx7591339
+13014059828,555,+1 301-405-9828,_:nfef5c0ab5a464e648d026fd10faffeccxb0 | _:n5d0d0e311abc434a8a7cca4219b1f91bxb0 | _:n2ba3b4ffea2a4291b454cc7a9f79998fxb0 | _:nd3e66fb68a5849fca896a0baf443260fxb0 | _:n98b93438653a4bd3af9178f266dfd9e9xb0
1121398500,554,(11) 2139 8500,_:node1ife8p77mx11935028 | _:node1ifdmh5i4x14254235 | _:node1ifdn1opox11692295 | _:node1ife5casqx21848647 | _:node1ifdqdl1px1852764
11987511659,554,(11) 98751-1659,_:node1ife8p77mx11935028 | _:node1ifdmh5i4x14254235 | _:node1ifdn1opox11692295 | _:node1ife5casqx21848647 | _:node1ifdqdl1px1852764
+31102171100,549,+31 10 217 11 00,_:node1ife8pbh2x14182116 | _:node1ifed7jjbx26912797 | _:node1ifebf7abx4176986 | _:node1iff48ma6x11606397 | _:node1iff0j4ajx11485362
+494312100,531,+494312100 | \r\n                            +49 (431) 2100\r\n                        ,_:node1ife5c4iox14160358 | _:node1ifd2m07cx9277009 | _:node1ifebbn59x4346773 | _:node1iffb9oabx9287805 | _:node1ife8pibix14287158
8007864832,488,800 786 4832,<https://sic.gob.mx/ficha.php?table=centro_educacion&table_id=495> | _:n724a1c1434ba401c8cb83863e1f8f127xb0 | _:nf16683bc5ad140c6a9718146b9cffdfexb0 | _:n062fb6c43cdc47b98c9377fc82abc326xb0 | _:n3a2592b2c8cd4e60a011a674bf1da312xb0
+12542958642,477,+12542958642,_:n103cac318d56435b83fe1d6f2f720b55xb0 | _:nd1865aea5b2a4633a655e6edd8a4700exb0 | _:n524672ea6f374afe92fba58f5d903e78xb0 | _:n297ff44087674f59a5216d44510f4defxb0 | _:n51c669a85a5e4165800eb2d1161a400cxb0
+432742313228200,467,+43-2742-313-228-200,_:node1ifd4prsrx6892845 | _:node1ife0chh7x6700134 | _:node1ife4g150x6486843 | _:node1ifd0tb8tx49296089 | _:node1ifdgrq5kx6823652
0455385000,467,0455 – 38 50 00,_:nfc627b75d498480db6167b9695981c07xb0 | _:n5bece9b95de54d9aa79bc21bdeec173bxb0 | _:n496ebcadae6441c38443b7344c996c7axb0 | _:n02f3a0400f8c44a3a3cac2b7aa60803fxb0 | _:n21dbb5a0ce7549d9ba9f73b701afd97axb0
4154574440,460,(415) 457-4440,_:nd0b45e1820f942bc97bc7882f8817817xb0 | _:ne20798654deb470a986f76d003c14d52xb0 | _:ned3a11494ebe461b97cde36d06176f9axb0 | _:ne3a8872e40ed4072b32287236e844cc8xb0 | _:nbbf74e19052d4525846b05f27909b182xb0
+12085623000,452,+12085623000,_:n1e97e5b1ad9d460dab2477787ebff75fxb5 | _:nd0f2e4f65a054c8db89c29d1bff1ad49xb5 | _:n6a565a6761284773ab510b6631ed9bffxb5 | _:ncac9cf633e944613896425dcb7c35400xb5 | _:n4b16fa3d67fc438b9d895466ef8341e2xb5
920003015,447,920003015,_:node1ifd4q14px17448750 | _:node1ifdtq6c5x17331618 | _:node1ifd3s8n8x22568403 | _:node1ifdmt7k8x19951397 | _:node1ifd0ka05x31769907
5742619500,424,(57)(4) 2619500\r\n                 | (57)(4) 2619500\r\n                \r\n                ,_:node1ifd2m6n8x19310265 | _:node1ifdi85n1x1826651 | _:node1ife5bqoex1882386 | _:node1iffmbadlx11823744 | _:node1iffst9gix6584933
2158986081,400,(215) 898-6081,_:node1iff6s8ptx5687795 | _:node1iffb9k3tx18094938 | _:node1ifekm4rlx18342282 | _:node1iffoicjux13604768 | _:node1iffa4t37x3112172
2026872293,398,Phone: 202-687-2293,_:node1ifdbn891x8867381 | _:node1ifd8t9i4x20623417 | _:node1ifdgbh41x5838924 | _:node1ifde24tgx977415 | _:node1ifdgf12ax962637
+18007726951,394,+18007726951,_:n24ad74e1513846dcac2df676bd015695xb0 | _:n22a4067c98d8467fb7fbc996ab5179cexb0 | _:n1e48d30140754545acec177bc45081d7xb0 | _:nc642e17f1fdf4b57b1aceeb3b954e76fxb0 | _:n1e96106d3b2b4a86a91ceff59eea4d00xb0
+919743277777,379,+91-9743277777,_:n43904f6635a446b580dd725e366495efxb0 | _:nadbe9a9f015541ffbd48744f2262c0d8xb0 | _:na39acabd72f04381a8b86627dc62e4cbxb0 | _:ncf25b21491e24e50b47c9517ce6e7638xb0 | _:nf359b839389645ad84db0e022892a162xb0
7245326600,373,724-532-6600,_:n862bc6cd0b30440c95fbc064b545761axb0 | _:ndc4ad6482c404e10960f7119225c9c76xb0 | _:nb960e3e5180741b3982c98714bbd7708xb0 | _:n1aa1409716cc4ffcaf9dd436456be586xb0 | _:n075587e12e9e451d95fba629f7ab97d8xb0
+49403287070,344,+49 40 328707-0,_:node1ifd6l9tmx30991833 | _:node1ifdi87opx4480575 | _:node1ife8icrbx31903458 | _:node1ifec7p6kx31773415 | _:node1ifekm4rlx2058342
2026876134,344,\n      Phone number\n      P.\n      202-687-6134\n    ,_:node1iffuaffmx3758336 | _:node1iffuaffmx3758339 | _:node1iffqq80ox3892990 | _:node1iffqq80ox3892994 | _:node1iffukje0x1470503
2128545406,342,(212) 854-5406,_:n55844b571cf143b88701600f29c51b9dxb0 | _:n3cadde3433d249e0814897f83c331effxb0 | _:n44c431f7961041b1b020821443b5925cxb0 | _:n8cba2be0bce342d98c69bb6f41141f57xb0 | _:n74bb3c720ccc43d88a96ffdd34af2e53xb0
2108203659,335,21 0820 3659,_:n63921ce5b6dc4605b8863296b0dda3b5xb0 | _:nac03a893a1004825941bfed72c0ee01axb0 | _:neb61a27e8aeb4c95acd9f847427b84b4xb0 | _:n8e685778d3e14edd9b313d61055dd24bxb0 | _:n34b7a9f0da71423ab90e4dc62862f0a5xb0
2026875932,332,\n      Phone number\n      P.\n      202-687-5932\n    ,_:node1ifec0oa5x1055588 | _:node1ifec0oa5x1055591 | _:node1ife8p77mx6182798 | _:node1ife8p77mx6182801 | _:node1ife8pdd8x11142584
2026876838,306,\n      Phone number\n      P.\n      202-687-6838\n    ,_:node1ifg9njobx397482 | _:node1ifg9njobx397485 | _:node1ifgbocu3x394922 | _:node1ifgbocu3x394925 | _:node1ifgbmhgdx390554
2026878409,296,\n      Phone number\n      P.\n      202-687-8409\n    ,_:node1ifgasfcbx2833352 | _:node1ifgasfcbx2833355 | _:node1ifg58g34x10093235 | _:node1ifg58g34x10093238 | _:node1ifgbtlo2x306082
+528007864832,278,+52 800 786 4832,_:n969f5699b6e542b19ae0643a1b025d83xb0 | _:n005cb538d5ca4860a3f159ea10f4c89dxb0 | _:n9237d7807b164933a1505fe59db63645xb0 | _:n82cb61ea751446a19ec679d75ee2c073xb0 | _:n058dd6f814cf44a986e44c09073c3d02xb0
+18007827284,266,+18007827284,_:node1ifd34avnx4971179 | _:node1ifd0kjmox22370797 | _:node1ifd3s6rox15136692 | _:node1ifd6t8skx6525522 | _:node1ifd4ps0rx22382187
+18886715803,265,+1-888-671-5803,_:nde2b1944c7f349b38ce2104e569485d5xb0 | _:nfef471876832450c9a360979a69082f4xb0 | _:nbd354c7ccb7d431db087720ea8681b12xb0 | _:nddf2c67ff7c041899cb1bb43dc7f20c6xb0 | _:n6b5a72f1a2404f77af7652da91f953d6xb0
01932797700,262,01932 797 700,_:n6a685de01b7f40308be703b23d67f0bfxb0 | _:n7b2d7854afeb46d9a2a6fcbfb8facf14xb0 | _:n61e1b4c33dbb4f41bebf72a3edadf636xb0 | _:n38ca412616764914823d5ebbc5e254daxb0 | _:ncfe6fb39f5cc4138b7e765ea9b0baf25xb0
+13172744591,256,+1-317-274-4591,_:n39ba407a75134fe6b46df63ebff52e4axb7 | _:n5388bfb76fd947d484e747a9067cdbc4xb7 | _:n2c5dff1bd1c14263a131ce264052895dxb7 | _:nba8530c8cce34b8284246c2a554bd70bxb7 | _:n59fd101b67614851a2482d50b87220c0xb7
+13172745555,256,+1-317-274-5555,_:n39ba407a75134fe6b46df63ebff52e4axb4 | _:n5388bfb76fd947d484e747a9067cdbc4xb4 | _:n2c5dff1bd1c14263a131ce264052895dxb4 | _:nba8530c8cce34b8284246c2a554bd70bxb4 | _:n59fd101b67614851a2482d50b87220c0xb4
7408571311,256,740-857-1311,_:nc39587f8473b45b6be7c389f787b3e0bxb0 | _:n7fb7d0e87a2548f48cf46d09593bb0d3xb0 | _:n3104bad8aed244219d34f7f964cc433axb0 | _:n5bd1c625ea9d4447b7e9c6ac8ec43a59xb0 | _:n98a22d1acd6f4a9dbd7717317a55f543xb0
2026873838,246,\n      Phone number\n      P.\n      202-687-3838\n    ,_:node1iff53ok5x15934286 | _:node1iff53ok5x15934289 | _:node1iffhed22x1242074 | _:node1iffhed22x1242077 | _:node1ifencfsix55491532
2024442223,237,Phone: 202-444-2223,_:node1ifdvb6ntx5787436 | _:node1ifg62laex8150056 | _:node1ifg69s90x3518289 | _:node1ifg588ckx6125491 | _:node1iff6qdnix13182705
2026874300,222,\n      Phone number\n      P.\n      202-687-4300\n    ,_:node1ifg430gkx2741415 | _:node1ifg430gkx2741418 | _:node1iffpv30dx343481 | _:node1iffpv30dx343484 | _:node1iffv8lbnx364930
968325400,211,968325400,_:nc35f26e945df4c60b66f8e502598435exb1 | _:n621a5fcf0e3c474da24bd47ec2211134xb1 | _:nc2cb0ef7fa4040dcad94f65cf283d86dxb1 | _:n2ed430ae1c874399a4bd66c0aaeee042xb1 | _:ndfbf0bde8c5649bd97880d26af7d0045xb1
+6562215253,200,+65 62215253,_:nd3bbc43eea8d4c75991673b980e56ef8xb0 | _:n38b7d47d5d834835bf9a84e99a748f94xb0 | _:n532ae8a3616a4e509bd333e9bf4a5a8cxb0 | _:nd597c8ba3e5340ecb59295b9f2ad9bd0xb0 | _:n32127fc9081e462aa956cc5c64b57216xb0
+918595984948,194,+918595984948,_:n84843b2d7bdf495ca2aee5cbc9551f1cxb0 | _:na63fc8a56cba4b0daeb5d8806144f815xb0 | _:n68af9c37cc5a4dcba62a7a4c8894b66dxb0 | _:nda84ba6903654b8487e1f244cf1547cfxb0 | _:ndd205889266e492aa1876d6851a9c886xb0
918595984948,194,91 85959 84948,_:ndc270a16eda54e90b4a12268fb346dbfxb0 | _:n692aad8953544ce99b30e134ee51c8e7xb0 | _:nbecbffc28b2b44dbb7ffb2eb15b9166dxb0 | _:n4025f40d821741c3a452910d62062027xb0 | _:naae9d9bacbb94cca9d3be7e5a9250e9dxb0
+18005355494,193,+18005355494,_:n9aa473a9c52243f8ae17d5a6579e8930xb0 | _:n8cd718ed94904da68a95fd98e4be1ee7xb0 | _:neb2276c695f347289ab4e7de30f42df3xb0 | _:neda93ba929e84803b6ef102b7cac4775xb0 | _:nda8f243eeed047e493067a1296dd171fxb0
+49931321870,193,\r\n                            +49 (931) 32187 0\r\n                         | +49 93 13 21 87 0,_:node1iff3jbcfx30970808 | _:neaf636a533db45d19084ed765a1d5d02xb0 | _:n4da08251ca32444f9a5b0f997593d21cxb0 | _:n4f1bdb34a3fd4be192f83e0a43b29077xb0 | _:n56a3367c7cd0467c8731f129aaaceb26xb0
9405526291,189,9405526291,_:nbb444c0b14c04d8ba3a46497bbc15a4bxb0 | _:n86f26fede98a49769340eaaa4f7d5a04xb0 | _:nb02d901fd868433fb72c76472c831da5xb0 | _:n6e64588f052046b490e3a9d4b4369c79xb0 | _:ndbf1ed9f910440f6afc7e3d61ab9eeeaxb0
+34943212800,188,+34 943 21 28 00,_:n3e3619ed600f437f8b1d86896478b867xb0 | _:n7f9ee4a76a244e978273e465a667c1c6xb0 | _:nbe8cad430a684e6b9f3e7e61eb545ef8xb0 | _:n1630607d17c7451db6ee38f36cb69942xb0 | _:n97577c2dc1a44e7081ab39c9bb8a5a16xb0
+41216516200,183,+41 21 651 62 00,_:n020d32d462184c17a6e5705daced2148xb1 | _:nf8181a510fb64a88a63109fddf9a82d8xb1 | _:n81d4ce9e5d0a4c9ba3309ca99aeddf8exb1 | _:n4293cbc781094fc5827804f4106ac01cxb1 | _:n72ad5e575db445e5b592ffe7cb38fda8xb1
0086,177,0086,_:n7e9062ae82b84741b85c73ea8c6c959bxb0 | _:n56900d36e6b6405a83b53f8742ca9a7fxb0 | _:n26f84c822cc746459054e7ab0bfe2808xb0 | _:n528e7591fb7b4a2e987eaa1e053efae7xb0 | _:n0c9755f9cdd1434c84504182fd35322cxb0
2026876247,176,\n      Phone number\n      P.\n      202-687-6247\n    ,_:node1ifdvb51kx15023148 | _:node1ifdvb51kx15023151 | _:node1ife5casqx275853 | _:node1ife5casqx275857 | _:node1ife3r9v4x4861498
2023195488,170,202-319-5488,_:n6b627ea8badc47499262888cf2cfaff2xb0 | _:n5be0c0cff7b3447f8c820add59e72f98xb0 | _:nc3a1bc5fe3fe4781afc6879ef8ad7294xb0 | _:n049ddb6fd79a4e0e857883fe420bbba1xb0 | _:nd27c36ac1b3845878bc7025bb3a9aba2xb0
0432561336,169,(0432)56-13-36,_:node1iff1n3phx6334996 | _:node1ifefhh10x56124051 | _:node1ifevplt4x4093971 | _:node1iff0qpdvx1535572 | _:node1ifencfsix36196026
2026877007,168,\n      Phone number\n      P.\n      202-687-7007\n    ,_:node1ifd6t6h2x3585819 | _:node1ifd6t6h2x3585822 | _:node1ifd0kmplx31024510 | _:node1ifd0kmplx31024513 | _:node1ifd3s8vcx11096413
8149495000,162,814-949-5000 | (814) 949-5000,_:nb6f8ed295e3c45c58245486f6c7d0693xb0 | _:na6dbb00b05334dfea1ff3ce6f59f42a1xb0 | _:n3d77179dfb66405880da0aca8d519ddaxb0 | _:nbe9bd2bf2e124cb898af018fdf87c041xb0 | _:ne0d7f923cd7446a5ad4b4e308853142exb0
9518274105,160,951.827.4105,_:node1ifg3cl94x10602087 | _:node1iffuklkox30249619 | _:node1iffutm9ux25055878 | _:node1ifgbo858x644502 | _:node1ifgboau7x593735
2026874042,158,\n      Phone number\n      P.\n      202-687-4042\n    ,_:node1ifec7p6kx43122393 | _:node1ifec7p6kx43122396 | _:node1ifeepjiox39974504 | _:node1ifeepjiox39974507 | _:node1ifernjtix5994311
2026874134,156,\n      Phone number\n      P.\n      202-687-4134\n    ,_:node1ifeffhqsx23585709 | _:node1ifeffhqsx23585712 | _:node1ifelq2p2x6184653 | _:node1ifelq2p2x6184656 | _:node1ifeh837px26007392
2026872500,154,Phone: 202-687-2500,_:node1ife7vs3px3330574 | _:node1ife5c908x10318376 | _:node1ife7707hx5934305 | _:node1ife8phq8x717861 | _:node1ife8pjsbx748780
8003164127,154,800-316-4127,_:n22a1107a9fed4c66a73d86f42edb664cxb0 | _:n3f54d56808584ce9838bcdfbb6a9417dxb0 | _:n7311fde71dfd4abd818c955a44e960c2xb0 | _:n9c0d29bb46864ec2bc9a92c8f169395axb0 | _:n6a0acb847fbf4d70a4ddc24666a5790axb0
0272551577,153,(02) 7255 1577,_:n55566821470b4f048d3d31c065e7224fxb0 | _:n93af65850fca49c69cf95171c174346axb0 | _:n55e37fbbae114f8eab276a9fe30c8cb8xb0 | _:nea392de262a14eb392ed275eef4406d5xb0 | _:nda3d21a6077741b1997db8d58dab6692xb0
+4402072473666,149,+44 (0) 20 7247 3666,_:n02587f0e176f4ea1a78eebb35b6357d6xb0 | _:na78de55bacd1484ba057789754793926xb0 | _:n7e213b7be9584824af991935edc668bbxb0 | _:n8e140738e0774eaea5e9ad33a20f55d0xb0 | _:nb0a395a98e0b4588bddcd01739462ff3xb0
1911202400973,148,1-911-2024-00973,_:n99d5285cf00f45cd9e55e1d253e5755exb0 | _:n7cb095aae4344baf95e8d9e583ef5ffbxb0 | _:n6bf8636a23834b4e877eb1eac4826f0axb0 | _:n130e2b199122495a899252584f0e76bbxb0 | _:n9facb5ac2fda4924812d585f71faa3ebxb0
2044873300,146,204-487-3300,_:n88b77444d8324b35b19b40e6ab2fb8a1xb0 | _:na6b30f3f4c084eb3b1611fdd33d71028xb0 | _:nbbc166feedf0413fbfa0a0208b207762xb0 | _:n47615d6b2c2d486caf923c203df0b0f9xb0 | _:n22c1001e7b2a4838829b858d91d0a6ecxb0
+41223003377,143,+41 22 300 33 77,<https://genevadiplomacy.ch/2016/04/25/> | <https://genevadiplomacy.ch/2016/11/01/> | <https://genevadiplomacy.ch/2016/11/29/> | <https://genevadiplomacy.ch/2016/11/> | <https://genevadiplomacy.ch/2017/01/22/>
2026877435,143,Phone: 202-687-7435,_:node1ifdvb30dx7788951 | _:node1ifdqcedbx3036159 | _:node1ifdq5od6x3018156 | _:node1ifdmt6tbx12834574 | _:node1ifdq82pux2990862
2026877424,142,\n      Phone number\n      P.\n      202-687-7424\n    ,_:node1iffm9b16x8532971 | _:node1iffm9b16x8532974 | _:node1ifflfd0nx1211937 | _:node1ifflfd0nx1211940 | _:node1iff9o86tx20929358
04027232100,139,"040 - 27232100,",_:node1iff6qdnix14776912 | _:node1iff48hvex26686727 | _:node1iff0r15cx39004940 | _:node1iffc3561x7068224 | _:node1iff46skdx19585409
27232300,139,27232300 ,_:node1iff6qdnix14776912 | _:node1iff48hvex26686727 | _:node1iff0r15cx39004940 | _:node1iffc3561x7068224 | _:node1iff46skdx19585409
27232301,139,27232301 ,_:node1iff6qdnix14776912 | _:node1iff48hvex26686727 | _:node1iff0r15cx39004940 | _:node1iffc3561x7068224 | _:node1iff46skdx19585409
2026876618,137,Phone: 202-687-6618,_:node1ifed72kdx45346617 | _:node1ifed7dhsx30098472 | _:node1ifenccslx5269902 | _:node1ifencalmx5608938 | _:node1ifeeptdax22648892
55580000,137,55580000,_:node1ifenc83gx6886998 | _:node1ifenc694x7144293 | _:node1ifdtq0oox6928896 | _:node1iff02iq7x1873886 | _:node1ifdq5v8gx1901332
576013537000601342028860134199003419900,137,"(57) 601-3537000, 601-3420288 y 601-3419900 y 3419900",_:ncf62e7adc2fe4426a02803b68e236936xb0 | _:n6dcb612c8f83474e8e8a9e098da235f7xb0 | _:n01fe022a63d94d9aa81d7559e30bb076xb0 | _:n900a592fb9d54d2a9de2c41a774b0ad9xb0 | _:nadbeb695cce340dbb94b7bd7e21e00e5xb0
8605153800,131,(860) 515-3800,_:n9962fd62a7834a0dafc548488d38a6f5xb0 | _:nbf428b54a85c4a55a3fd083b711cac68xb0 | _:nb8b872e3227d40b6a1678703e3acd4bcxb0 | _:n9dae084a2f1147898c511fd0e8dd612cxb0 | _:n8a5ab35aaff1483fb95df0afe691b5d8xb0
8602972000,130,860-297-2000 | (860) 297-2000,_:n13867294571a4528afdccfa01af85734xb0 | _:n269f0c2044f048f78775f27600547bfbxb0 | _:ne0bc1b5316b446b2a28a186201b19171xb0 | _:nd49c852512db49e3ae48d15c0a20c5cfxb0 | _:n1554b9e867044ed9955fde2a9ebb4051xb0
2158985000,128,(215) 898-5000,_:node1iffv152lx1931755 | _:node1ifenc6dqx21306523 | _:node1ifepnf9qx23844162 | _:node1ifekjgkrx29212891 | _:node1ifevg2alx11431394
2023195414,125,202-319-5414,_:na838dabf93b24a47b17764f4e7c50172xb0 | _:na5317c94ede14af894616b80660b5a6exb0 | _:nd104281191314fd2aff539e61aea046bxb0 | _:n150be5cdf5f247b68f617492c0947f1cxb0 | _:nf187b15d0f7a492fa1391703fef48343xb0
918007000755,125,918007000755,_:nf05e0fa112fe431d886d0110bffa2b21xb0 | _:n59f8a745135a4b1494181dda3d57644fxb0 | _:n15291f6923e64b09bc9e6b4cd6adb4b0xb0 | _:n71cdc231dbb8486a96e07ba1fdeadbf1xb0 | _:ne3b6217b8e464e76bcb0041e5be52527xb0
918007478659,125,918007478659,_:nf05e0fa112fe431d886d0110bffa2b21xb0 | _:n59f8a745135a4b1494181dda3d57644fxb0 | _:n15291f6923e64b09bc9e6b4cd6adb4b0xb0 | _:n71cdc231dbb8486a96e07ba1fdeadbf1xb0 | _:ne3b6217b8e464e76bcb0041e5be52527xb0
918407979167,125,918407979167,_:nf05e0fa112fe431d886d0110bffa2b21xb0 | _:n59f8a745135a4b1494181dda3d57644fxb0 | _:n15291f6923e64b09bc9e6b4cd6adb4b0xb0 | _:n71cdc231dbb8486a96e07ba1fdeadbf1xb0 | _:ne3b6217b8e464e76bcb0041e5be52527xb0
2026875743,124,\n      Phone number\n      P.\n      202-687-5743\n    ,_:node1ifflgumrx2702193 | _:node1ifflgumrx2702196 | _:node1ifflmpmix204058 | _:node1ifflmpmix204061 | _:node1iffnnrvgx226865
2026877464,122,\n      Phone number\n      P.\n      202-687-7464\n    ,_:node1ifd4r5rpx5293593 | _:node1ifd4r5rpx5293596 | _:node1ifd0q3gqx5218938 | _:node1ifd0q3gqx5218941 | _:node1ifd32opkx352047
+18885535333,121,+1-888-553-5333,_:n0e662234a75047f19b29aa6c951b4f8axb0 | _:n1443897e07934332a454ed62e4a59ee9xb0 | _:n0ffd0c7df1264e69984f4d6195357282xb0 | _:n088e06df8a8a48868c86d9f0a83102a2xb0 | _:n13aeb27689194bf9808fb9d4795b4b4cxb0
+18005972687,120,+1 (800) 597-2687,_:nca58a0085fd8493bbc5a1a2e611d1f4fxb0 | _:ne7c9ff527a6c4a00bf8cc1ce0059e920xb0 | _:n7e9f62ae2f914cd6aec1f9d7f51cd7a7xb0 | _:n961b9b80b84f41178284fdfd3543b4dcxb0 | _:n33557f8795bd439188cf08d7e78ea1aaxb0
2023195256,119,202-319-5256,_:n3e54ef96d9c54c4f8274e5e31f7da3a8xb0 | _:n6ebbba74e7ca4b66b5b82b1baba724b1xb0 | _:n57babc7cc3a64549a46a69388273af5dxb0 | _:n702ef4e21fbd476e8f1a1db32c1c67ffxb0 | _:n8d4a884565134537b77c9ba87bda3d8dxb0
+14166392099,111,+1-416-639-2099,_:nc69ac4cf6de34ada90938edc1b72778dxb0 | _:n49580a14f5204f648e5c555d1b70a5dexb0 | _:nb4b18f908f914ae3b35a47c18f17e26axb0 | _:n441f25c4fa034d10b8f1e79c71fd4becxb0 | _:n4f5d81b8f5a04e2a91dbff78c71b0f2cxb0
1877,110,1-877-YTC-EDUC,_:node1ifdq5k8gx29708745 | _:node1ifdvbajkx12172347 | _:node1ifdmhr87x36174817 | _:node1ifdtq8ghx19476513 | _:node1ifdmh2e1x39766966
0327181000,109,032 718 10 00,<https://droitne.ch/droitne/auteurs/1/unine> | <https://droitne.ch/droitne/auteurs/137/unine> | <https://droitne.ch/droitne/auteurs/150/unine> | <https://droitne.ch/droitne/auteurs/160/unine> | <https://droitne.ch/droitne/auteurs/180/unine>
0327181222,109,032 718 12 22,<https://droitne.ch/droitne/auteurs/1/facdroit> | <https://droitne.ch/droitne/auteurs/137/facdroit> | <https://droitne.ch/droitne/auteurs/150/facdroit> | <https://droitne.ch/droitne/auteurs/160/facdroit> | <https://droitne.ch/droitne/auteurs/180/facdroit>
+17166733111,108,+1-716-673-3111,<https://www.fredonia.edu/#/schema/Organization/1> | _:n75711bb996e94262b333c7d785c1879bxb5 | _:n24a453b7a059484d80e6803af0f96fddxb5 | _:na1cbca1d56d64016aa68d349312d0ddaxb5 | _:n2d19795b42734ec6ab8fe78c75f6be5cxb5
+972864616089,108,+972 8 646 1608/9,_:n6c0d9b7a7a31472ba7a9fdd7dcc6129bxb1 | _:nfaa0039d37264b06add488cfd12e3343xb1 | _:ne5f91b1af1e14c0994a662386f9711f2xb1 | _:nc2e33f66e868441bb638ea31dc40ac5exb1 | _:n97d644bc595e4de88523309097e62ae7xb1
2026875974,106,\n      Phone number\n      P.\n      202-687-5974\n    ,_:node1iff0qq3ox3149122 | _:node1iff0qq3ox3149125 | _:node1iff0qm93x12763157 | _:node1iff0qm93x12763160 | _:node1ifernl21x12880683
2026871618,104,\n      Phone number\n      P.\n      202-687-1618\n    ,_:node1iffcqmbhx13036456 | _:node1iffcqmbhx13036459 | _:node1iff9ir6hx27319644 | _:node1iff9ir6hx27319647 | _:node1iffm97c3x5181631
2026876400,101,Phone: 202-687-6400,_:node1ifg4s8m7x15976230 | _:node1ifgbkk7lx4177951 | _:node1ifg649v0x6007815 | _:node1ifgckrr6x2635259 | _:node1ifg5tdqfx3699098
2026876051,100,\n      Phone number\n      P.\n      202-687-6051\n    ,_:node1iffc1tgjx5527623 | _:node1iffc1tgjx5527626 | _:node1iffju47vx3118968 | _:node1iffju47vx3118971 | _:node1ifencfsix53578155
+912027420261+9102027421549,98, +91 20 27420261 / +91 020 27421549,_:n8ce0d5f8ec7c4587a34a5b161fe464f6xb0 | _:n3e152c896a2a4021ad57c9b05663efb4xb0 | _:n13c539af83cc4df2bee87d39a3350c8cxb0 | _:neee7eef3a0cc4b00b91dfb2d4180d46dxb0 | _:n070f722be232417992c0451004378463xb0
2026874020,98,Phone: 202-687-4020,_:node1iff0r11px12942367 | _:node1iff0qu0px7656869 | _:node1iff0qo48x14711203 | _:node1ifevbu37x14849201 | _:node1iff11pknx5324196
02228791111,97,02228791111,_:nec6a7bf06ce84532936d2b8faa799c4fxb0 | _:nd57e1b00a4ae494681bc53717be511ebxb0 | _:n48f02dde1e4642df8d8229d2ba2ca1f0xb0 | _:n0d89a41b02d94ef39636a7899b3e3396xb0 | _:nff10c69cb10e43ed9569089e4d7346ffxb0
2026875601,97,Phone: 202-687-5601,_:node1ife4jqnfx37561643 | _:node1ifedbsupx13370158 | _:node1ife8pibix18844435 | _:node1ifeh837px3019105 | _:node1ife3r8gux37560250
2026873493,96,Phone: 202-687-3493,_:node1ife8pbh2x25008089 | _:node1iffnqiqmx7842847 | _:node1ifflgo50x12760894 | _:node1iffm97t4x12743194 | _:node1iffukc66x2809757
0924813354,95,092-481-3354,_:nb2c50f35608840a0963a1a96bf586a74xb0 | _:n281fbf43087049ac856869bd3bdb53cexb0 | _:na8ad597f5bd74e7d908aa596c0140e0dxb0 | _:n3edf0fd54fb14568b0d7f0f4facaec40xb0 | _:naa4b2ea937134c8c80abbe923c64a0a1xb0
8068743571,92,806-8743571,_:naf2abeceae54447c9d8125bf484af60dxb0 | _:n674f614545244aac8bfed698a2e6f1ecxb0 | _:n3733d169456940279f48b6e5a51ea62cxb0 | _:n513e7985cf1f49efa9fea14eb33162b1xb0 | _:n44ceff0d35ab4832b16e9c59219c69bfxb0
3053482000,91,(305) 348-2000,_:n830c353553e64727b40f0e7f5f6b4e29xb0 | _:nda0206396f6942bf98f5d9623ef7bc6axb0 | _:n50dc49546eab49829f5c5e00fa19afaexb0 | _:n29256086ad7d47e3ada241eaeec2ee04xb0 | _:n4b16300f12934cc68e1fe8c3a657213bxb0
2026871501,88,\n      Phone number\n      P.\n      202-687-1501\n    ,_:node1ife8pq1mx15497742 | _:node1ife8pq1mx15497750 | _:node1ifeepo57x308796 | _:node1ifeepo57x308799 | _:node1ifed77ahx7719686
+918447738112,87,+91-8447738112,_:n5cc87bbb5670458eb96afbc015250809xb0 | _:nab92d1d02c23425c897391cda0e6617cxb0 | _:n02940b68c7d94b24ba5abdaa650568c6xb0 | _:nbc62b485389f4ecab162a92005805ed4xb0 | _:n4e2d92c88ad848c6bd9e74271fa32e50xb0
075392040,87,075-392040,_:node1ifdgf4slx7146216 | _:node1ifdgoe30x6883554 | _:node1ifd7jtthx32034356 | _:node1ifd0kbnlx49655148 | _:node1ifdgodfux6966685
2023195085,86,202-319-5085,_:n9a92c641d5ae4d8396bd69f8e8df08a0xb0 | _:nbdc9cb2629664001b850f9885daf6c43xb0 | _:n42dd77eeed7c477da4126c805e40b8c9xb0 | _:n0fd107d178664fceb5bfed59694cdb5bxb0 | _:n029c194a2d52444388b3f2d715dfaaefxb0
2026874798,86,Phone: 202-687-4798,_:node1ifekm4ugx2567111 | _:node1ifed8c6ax17665019 | _:node1ifdn1j4hx69390256 | _:node1ife8pdd8x30328663 | _:node1ifec7nvvx25339062
2029340121,86,\n      Phone number\n      P.\n      202-934-0121\n    ,_:node1ifg2hjjgx27948618 | _:node1ifg2hjjgx27948621 | _:node1ifg4smh1x11118822 | _:node1ifg4smh1x11118825 | _:node1ifgbvcbix1243263
+351253802500,85,(+351) 253 802 500,_:node1ifdh8jkox3143754 | _:node1ifd3s5afx25164987 | _:node1ifd0kp0tx30290241 | _:node1ifd3saibx35092541 | _:node1ifd7gn1hx17798748
8172577000,82,817-257-7000,_:n49591dd2c28044d3baca4a269ba02784xb0 | _:n86f5e2ab31984660a42b5103cf153895xb0 | _:n216dd1229b364dbfbf5710cfc82fc042xb0 | _:n30af626baa0f4169abef5f47f97e9232xb0 | _:n21391b11ab63480e914c36ec810167c7xb0
8442344075,80,844-234-4075,_:n7da2e48876e341cf938c4f0536a66183xb3 | _:n4b408a55fef94fe38a6f5d4e3b18d3b5xb4 | _:n66ac6030a01948f8865365abf4874211xb4 | _:n7f2f09d890384c5fa1f5edfbf3560347xb5 | _:n59f96e8acf0a40b580128be5db696452xb4
8556397799,79,855-639-7799,_:n1afc35e3b80e49d5a186709ef67ac2d0xb3 | _:n62fba00c300e4caebb0614c7427cafefxb3 | _:n6727380e9a9949b883b2c5a77b232a88xb3 | _:n390ae45db03b45a6a7e96f6173b81d98xb4 | _:n36d3ca3b568c4db4975c54ea4d130467xb4
8665459506,77,866-545-9506,_:ndc2e776b5ff34dfeb94f9115dc96abe2xb4 | _:nc4def08f2f124597ade8dd1434917b83xb5 | _:n154b77b200184d65b054d4691e7e9ba1xb5 | _:na86346b4fa0440fc8b55816e2f2c177exb5 | _:n60e4875dc3c04319bd14143042263912xb5
+4401723336700,76,+44(0)1723 336700,_:na16d87cc1faf4f85a6a4a38a26c5c344xb0 | _:nf89c67c9f27149c39176767484cef299xb0 | _:nb23a7065c9e44093a0ea1736968d0672xb0 | _:ne4137290820d42a79816bd451cfa0763xb0 | _:nd53ae33bede046219c8a874bca0151c3xb0
+12625471211,75,+12625471211,_:n272313f75f104423a219757ee2549919xb2 | _:n5e7c7ae235ba4c45aa0bf4ded62eceafxb2 | _:ne8d520f8e8a84b2fb5f70e492b2d0151xb2 | _:ne24d4ae393dc4c099fe5f6c13245daaaxb2 | _:nfb9c82e13fd3426f9c747cde5cfd86c0xb2
+919381917001,75,+919381917001,_:n0ca8e070e4294630b60f9297a1ad2cd0xb0 | _:n86b3d7c93d5d486e96863f9158ec9812xb0 | _:nf79c49491f924c099483cd1e636fbc39xb0 | _:n2666a7181563411698e85155f77da7bbxb0 | _:n95b35b2c926446d9963422a5a665a0aexb0
+912027805600+912027423422,74,+91 20 27805600 / +91 20 27423422,_:n21a0c671512e4dcd8c187702238b8fefxb0 | _:n28e2915e5129429c86b7d3b1f1978ab8xb0 | _:n66164d82724f4fafb100562d83ec88d2xb0 | _:nd34de01d5f1e40b0b9c00e1e8139cb57xb0 | _:ndb2b92c899fe40f38fb1ae1504dbbfafxb0
2026872400,73,Phone: 202-687-2400,_:node1ifdhccejx1283985 | _:node1ife8pbh2x41164365 | _:node1ifen2hp6x1250801 | _:node1ifelpuhux1228220 | _:node1ifelqpjdx4902792
2026876130,73,Phone: 202-687-6130,_:node1ifdvb8vfx8062099 | _:node1ifdq5pj1x18173852 | _:node1ifdvkl7ex5628094 | _:node1ifdn1lb4x25376481 | _:node1ifdvmbv0x5731306
0017804923111,72,001-7804923111,_:nc5b3f3e2dcd546be9793d695f26a05e2xb0 | _:n2735095ea20b49fc832e7cb8b049447exb0 | _:n53c34885c13b432aa5f401fcae4b5684xb3 | _:n8aab23a2ed244ea9a9c3de371b828163xb3 | _:n7bbb8a1aca7945c59936e553c91bf8e4xb3
2023195484,72,202-319-5484,_:n308c601c308640089c7a4ed0e779c868xb0 | _:n9782b0b6365b4417a5102b436d8ba6daxb0 | _:ne62ccbc210064a5194826142fae5db31xb0 | _:n99068750d71e4998a00d12510f7eca5bxb0 | _:n2ac21313ea3244d187dc97a8b4d8427bxb0
2026879823,72,Phone: 202-687-9823,_:node1ife4k0dvx14448739 | _:node1ifdvb10ix17618397 | _:node1ife3qusix2983752 | _:node1ife4fsibx3061465 | _:node1ifdvgcnlx12843154
6108921200,71,610-892-1200,_:ncf759de39969462485701d55dc54f3ebxb0 | _:nfbacf6dc8eee44ed8cffde28817bae18xb0 | _:n61e218ca68b54f04a3cc501b75b90804xb0 | _:n764a0831a76e425aaccf4681097b44efxb0 | _:n1b9da7540db94b2097b65cde75bcda30xb0
9733535205,71,973-353-5205 | 973.353.5205,<http://www.newark.casarodantecosas.com/> | <http://www.newark.&#20122;&#27954;&#21338;&#24425;&#24179;&#21488;&#25490;&#21517;&#25490;&#21517;.edu/> | <http://www.newark.tsumiki-hairfactory.com/> | <http://www.newark.huanglongdianzi.com/> | <http://www.\u7EBD\u74E6\u514B.&#20122;&#27954;&#21338;&#24425;&#24179;&#21488;&#25490;&#21517;&#25490;&#21517;.edu/>
+41432551313,70,+41 43 255 13 13,<https://www.unterstrass.edu/150-jahre/1/#identity> | <https://www.unterstrass.edu/150-jahre/#identity> | <https://www.unterstrass.edu/150-jahre/abgabe-der-maturarbeit/#identity> | <https://www.unterstrass.edu/150-jahre/anekdoten-stuben/#identity> | <https://www.unterstrass.edu/150-jahre/auf-dem-campus-entsteht-eine-skulptur/#identity>
0978618066,69,0978618066,_:n6f6bc0fdccd44ba6a2af41aa4334082fxb0 | _:nee391ffff7c44f7e9e861322c08b41fexb0 | _:nd07ae539587141e98d5fb52b4f02ed7cxb0 | _:n5e4cfa1de91648bfa167bf5246638860xb0 | _:n9d6e0a7fbbae495dbe39c590f0398d7cxb0
+17349957300,68,+1-734-995-7300,<http://kkigsn.candep.net> | <http://www.tiaodafu.com> | <http://izzegw.huangerying.net> | <http://03kw.humanityawakened.com> | <http://okytdn.jsrur.com>
2026871448,68,Phone: 202-687-1448,_:node1ifd0kftmx2909185 | _:node1ife8icrbx13254641 | _:node1ife4fq7ux10169906 | _:node1ife8pp21x5480725 | _:node1ifdn1krlx49276306
2023194289,67,202-319-4289,_:n9a78dc3faaa8449badb115326f8e6ce8xb0 | _:nb7a655676bbe44a1bcbad9d363c07f91xb0 | _:n231691c85b16445b860f4ba904498592xb0 | _:nedb79315ade1499fa79be9b850693737xb0 | _:n8e8f54ac3bbb43fea7f7264d8773ff6cxb0
+34936763784,66,(+34) 936 763 784,_:node1ifdsnr8qx2203518 | _:node1ifdq5jddx9465009 | _:node1ifdq5k8gx9590573 | _:node1ifdmt6cox16847408 | _:node1ifdspuntx2207884
+917880090391,64, +91 788 009 0391,_:n2a511a45f02b4ff1bde3c2a1eb3cd184xb0 | _:n739a7fe864304f78ae27e04785408f6bxb0 | _:ne11a1c6a68404b28bc1a233094ac119bxb0 | _:n57d388c9838848a5a33747ced00e7e9dxb0 | _:n69ee212d180246a28a44d24a12a97ce2xb0
9373766390,64,(937) 376-6390,_:n3c2af9879159456f804bc1f0054562b5xb0 | _:nc3bf6e6d3a834da59c3d4cc90a47b936xb0 | _:nea400c8110914f28af4960c578fffa57xb0 | _:n0df626c8174844ccac4e0840375d5a59xb0 | _:n4d07089510d14757ad9150cb92e6e0c3xb0
+14507736800,63,+14507736800,_:n7d8c46a29f30412790cc55158c606dc9xb0 | _:n6b423b358b2b474a9a78c03d7894331exb0 | _:n61a5b340f31b43228f9c9d9a62ec1d31xb0 | _:n8abdbc0ea9de4efb90d26c079676698axb0 | _:n9b3771cc4cf641d2904d61592d07f051xb0
+4402038730700,63,+44(0)20 3873 0700,_:neef1b00034c54266b99575a360100e97xb0 | _:n3104c95e4e36493bbdf6cccdaf235ee3xb0 | _:nc422603f0de84900ae738ececbfd6ba1xb0 | _:nd81063290f3048d4b6ce6f23d41b23b3xb0 | _:n1b0676ac19294252a535207b237d9ebbxb0
4192511313,62,419-251-1313,<https://mercycollege.edu/about/mercycollege.edu#identity> | <https://mercycollege.edu/mercycollege.edu#identity> | <https://mercycollege.edu/academics/mercycollege.edu#identity> | <https://mercycollege.edu/academics/programs/academic-minors/mercycollege.edu#identity> | <https://mercycollege.edu/academics/programs/mercycollege.edu#identity>
2026873132,61,Phone: 202-687-3132,_:node1ifg4slpjx16125902 | _:node1ifg4sghfx1436046 | _:node1ifgbo9sgx3102820 | _:node1ifg58032x8774432 | _:node1ifg4si0tx8558116
2026875918,60,Phone: 202-687-5918,_:node1ife8pbh2x5465040 | _:node1ife4g0b3x17634801 | _:node1ife4k0dvx20493328 | _:node1ifdvb10ix33024975 | _:node1ife9hapnx578831
8009953159,60,800.995.3159,_:nd8f150bb99964e55bdbb2f81d4239ae0xb0 | _:nd6c3bde476984e21b5f79f0c981d6dc0xb0 | _:naa0bf7a253994558902bbff1c7139103xb0 | _:n656a0afe7ebd41848094ce636dbee852xb0 | _:n3599f39e369b43b6bc358e33a462fae0xb0
2023195400,59,202-319-5400,_:n22701ecc1fb1459eb789ee03721c0d68xb0 | _:n796fc6db854d42a39890027e17ed1823xb0 | _:nb50eaec1c1c149b8b64059a9dd8420f8xb0 | _:nea6976bfad51414892b5d9249939a1f2xb0 | _:neb8fa9d13fad4c5b8ed3a553ae721ed2xb0
2026870289,58,\n      Phone number\n      P.\n      202-687-0289\n    ,_:node1ifd6l59kx5185842 | _:node1ifd6l59kx5185845 | _:node1ifd4ptrjx10418043 | _:node1ifd4ptrjx10418046 | _:node1ifd0ka05x30031652
2026876147,58,\n      Phone number\n      P.\n      202-687-6147\n    ,_:node1ifdu5n3ox6179762 | _:node1ifdu5n3ox6179765 | _:node1ifdla5g1x18505449 | _:node1ifdla5g1x18505452 | _:node1ifdq7bnjx8612031
2026875330,56,\n      Phone number\n      P.\n      202-687-5330\n    ,_:node1ife3r8gux67718402 | _:node1ife3r8gux67718405 | _:node1ife3r7avx65988428 | _:node1ife3r7avx65988431 | _:node1ife3r8gux68160540
+639063411288,55,+6390-6341-1288,_:n4dfb2ec6943d47db8676be7868492985xb0 | _:nd5e465a42ec54bb6a6ee55c80a973b5cxb0 | _:n6c49d50815f646fbb2cdae753e3b4591xb0 | _:n808f98da03c546d0b86ed8d3592346d6xb0 | _:nbd17c2dda8b9407193d528c31122f49bxb0
+919810508409,55,+91 9810508409,_:n7d059981a6b5430190f6ccaa9da01e15xb0 | _:n63c35824ebf444acb9435c24c1ae4ba7xb0 | _:n13ff9d01cf184e9d89989cd76d11ea56xb0 | _:ncfdc14e35e70457f8df25f91cab1e80fxb0 | _:nb49f05ae4ea848e5825ce652dcc019a2xb0
0112226050,55,011-222-6050,_:n540c8607e55c45cbb3d835e8a7fb1e1cxb0 | _:nbd62154079044129b7c0e613d2573272xb0 | _:ncaa1193bdf814e5aab30e3162c43a67bxb0 | _:n6a9e717e8a284e93a31ba3b8376c24bdxb0 | _:nda0cc78d73f64456ba59bef23455e404xb0
2026876061,55,Phone: 202-687-6061,_:node1ife187max736019 | _:node1ifdse5s8x5558110 | _:node1ifdvkl7ex7908726 | _:node1ifdnm0pgx15198282 | _:node1ifdsginqx3119507
2026876073,55,Phone: 202-687-6073,_:node1ifduabu5x394979 | _:node1ifdtq7cjx10226519 | _:node1ifdspqdjx5156086 | _:node1ifdsnvkbx2944478 | _:node1ifdmhr87x24905203
2029340747,55,Phone: 202-934-0747,_:node1iff6qlbgx12967240 | _:node1iff0qohsx21558346 | _:node1iffaad92x2861499 | _:node1iff53lbax28051979 | _:node1iff0qmv6x21692200
6102855000,55,610-285-5000,_:n17bcae116e8d406895fe867d2f94437fxb0 | _:n816b0d176d44425b9ba01d1513579ef1xb0 | _:ne1955edf25ba48a786d5226c7e2d5893xb0 | _:na668452d87ad48e2a5f28b6765f21bd1xb0 | _:n78d2c0d94ae04db28c746b77148b869cxb0
912228444014,55,912228444014,_:n080d068a51974b199dd4111065c2ab13xb0 | _:nebeb73b19d194ab48e8aef966ea5f73bxb0 | _:n358072d2dbf044be9f70f0058ecdc071xb0 | _:ndaf18a8d0e204a09abf68d6eee8b5adbxb0 | _:n586e242065e44f11ae619b7994ea913axb0
917045894370,55,917045894370,_:n080d068a51974b199dd4111065c2ab13xb0 | _:nebeb73b19d194ab48e8aef966ea5f73bxb0 | _:n358072d2dbf044be9f70f0058ecdc071xb0 | _:ndaf18a8d0e204a09abf68d6eee8b5adbxb0 | _:n586e242065e44f11ae619b7994ea913axb0
917666605366,55,917666605366,_:n080d068a51974b199dd4111065c2ab13xb0 | _:nebeb73b19d194ab48e8aef966ea5f73bxb0 | _:n358072d2dbf044be9f70f0058ecdc071xb0 | _:ndaf18a8d0e204a09abf68d6eee8b5adbxb0 | _:n586e242065e44f11ae619b7994ea913axb0
2026870824,54,Phone: 202-687-0824,_:node1ife4h90sx7471408 | _:node1ife4f13dx9922200 | _:node1ife5bqs2x5959008 | _:node1ife5bqlcx12450946 | _:node1ife7sd5gx282248
+911413500300,53,+911413500300,_:n1214cd5204954457b98db9fd35f36a8fxb0 | _:na3fb246d0bdf4f96aa13f66342529f91xb0 | _:n7559eb925809420aa18776af058d954exb0 | _:nd14dd625f7d04459a6e127054df97807xb0 | _:n9bf405027a5a423381e960c7fa1a8fa1xb0
2024442000,53,Phone: 202-444-2000,_:node1ifdn1j4hx25659617 | _:node1ife0cjkcx6174013 | _:node1ifdvb6ckx8331008 | _:node1ifdveki9x3637381 | _:node1ife0g0nkx3792010
+302110080813,52,(+30) 2110080813,_:node1ifebbkqrx8133941 | _:node1iff0qqovx26260767 | _:node1iff9ococx11663336 | _:node1ifencfsix51666098 | _:node1iffb9jb3x1671873
2026875592,52,Phone: 202-687-5592,_:node1ifec7iq7x21658717 | _:node1ifec7nndx36261847 | _:node1ifed7dhsx16505635 | _:node1ife5casqx41121179 | _:node1ifelq5n1x1360296
2504725462,52,250-472-5462,_:n23a23d834d934201935d6b001db1ebd1xb0 | _:n3f4393d527b6497aac7e680c06580fe1xb3 | _:n692567739eb84850bc628557176ea605xb3 | _:nc833a2bc6bde4ce2bc0c10bbd5c7fc9exb3 | _:nf0ffcf5d1295408c962540f7d96ae9b4xb3
3056273001,52,(305) 627-3001,_:node1ifd0kcp7x11878222 | _:node1ifd2m6p7x6659907 | _:node1ifd0kcvlx12056899 | _:node1ifd3saibx4152234 | _:node1ifd2m0jqx6531484
4042554500,52,(404) 255-4500,_:node1ifd0kcp7x11878218 | _:node1ifd2m6p7x6659903 | _:node1ifd0kcvlx12056895 | _:node1ifd3saibx4152230 | _:node1ifd2m0jqx6531480
4072658383,52,(407) 265-8383,_:node1ifd0kcp7x11878224 | _:node1ifd2m6p7x6659909 | _:node1ifd0kcvlx12056901 | _:node1ifd3saibx4152236 | _:node1ifd2m0jqx6531486
5613814990,52,(561) 381-4990,_:node1ifd0kcp7x11878220 | _:node1ifd2m6p7x6659905 | _:node1ifd0kcvlx12056897 | _:node1ifd3saibx4152232 | _:node1ifd2m0jqx6531482
8772064279,52,877-206-4279,<https://www.cambridgehealth.edu/#Organization-CambridgeCollegeofHealthcareandTechnology> | <https://www.cambridgehealth.edu/bachelor-science-nursing/#Organization-CambridgeCollegeofHealthcareandTechnology> | <https://www.cambridgehealth.edu/blog/#Organization-CambridgeCollegeofHealthcareandTechnology> | <https://www.cambridgehealth.edu/blog/cambridge-health-supports-athleaders-breast-cancer-run/#Organization-CambridgeCollegeofHealthcareandTechnology> | <https://www.cambridgehealth.edu/blog/enter-the-medical-field-in-less-than-a-year-in-palm-beach/#Organization-CambridgeCollegeofHealthcareandTechnology>
+4402477658787,51,+44 (0)24 7765 8787,_:n88c5f83f67f549b08ed6c48c23cf5792xb0 | _:n8bbbdc5f945643f7b150704b95eb3b99xb0 | _:n2633cea690b84e238ab2fe0e484cdd5exb0 | _:n030ce2de9e454e9aa4c28d2263684ce7xb0 | _:nf2ff522929d942d7b1e41571040bf9c4xb0
2023195750,51,202-319-5750,_:n70f918d76c47494388557d5b4a8eb23cxb0 | _:n7670ee53da924a1b99de4587634bb464xb0 | _:n99298f8d827a418aaf51488312355236xb0 | _:nc2b191418c2a4f4ca9a68cfeee95ec5dxb0 | _:n199ca11f01b8484186e32bad144a510bxb0
2026875867,51,Phone: 202-687-5867,_:node1ifed7crsx8138353 | _:node1ife7707hx27979682 | _:node1ifeeatusx3190191 | _:node1ife8phc4x20628901 | _:node1ifebr0cnx10664785
+4401935423921,50,+44 (0)1935 423921,_:n60183c2df1564be085fb98d9140923eaxb0 | _:nf395b2b7852b4212a7304b98898e161exb0 | _:n521685f7159e4b5c9e7149d0a1809618xb0 | _:n8281876c722d4aad80cbbc0a08528ac8xb0 | _:n2c1bd715a37e43448c4f39a1d8dd1ebfxb0
2026875854,50,\n      Phone number\n      P.\n      202-687-5854\n    ,_:node1ifevbkk9x3481217 | _:node1ifevbkk9x3481220 | _:node1ifevbkk9x3334667 | _:node1ifevbkk9x3334670 | _:node1ifeva07px3236064
+351253802260,47,(+351) 253 802 260,_:node1iff9iq4gx5536890 | _:node1iff9ij0rx557793 | _:node1iff6gjh0x18254437 | _:node1iffbe1uex5541841 | _:node1iff6qi48x35496922
+918899117288,47, +91-889-911-7288,_:n57858bed105445559e9b2c2bea63c701xb0 | _:n827cab1b0042411ab21a8d9cf9609c8dxb0 | _:n37e13813618342f285e09d61ac81aaa5xb0 | _:n62b38ba3a78e4cea9ffb4da39a0f54dexb0 | _:nc3a042f1dcb340439fae700dcc72c26fxb0
2856561,47,Тел.: 285-65-61,_:node1ifd4q5qbx5781276 | _:node1ifdrtp04x13085710 | _:node1ifd0kjj6x11257233 | _:node1iff0ucokx8193829 | _:node1ifdvem4tx3233614
917066088971,47,917066088971,_:nf05e0fa112fe431d886d0110bffa2b21xb0 | _:n59f8a745135a4b1494181dda3d57644fxb0 | _:n15291f6923e64b09bc9e6b4cd6adb4b0xb0 | _:n71cdc231dbb8486a96e07ba1fdeadbf1xb0 | _:ne3b6217b8e464e76bcb0041e5be52527xb0
02226435709,46,022-26435709,_:n4e2021f453d842269f66b4ea4b541d53xb0 | _:nea100ae4f1d54be7af358beae0b6516exb0 | _:nffc482681d30402090a75f2bd75a4de1xb0 | _:n3cc8617a7ecd43e3a306ce627055bdf2xb0 | _:nc260c1918ea54ffe841d15e2f2ac65fdxb0
0332088461,46,03-3208-8461,_:nb1c2dd625fbd456bac28d8159cee4bc8xb0 | _:n16bbf00c75b045c2a7515d55cf0d01d8xb0 | _:n2c2feb90846c42e798306f6a9e4af925xb0 | _:nd52fd86391564ae6962855a7f8e91503xb0 | _:n456ef44dd0b74a069b0bd21e55946566xb0
2026875681,46,Phone: 202-687-5681,_:node1iffek8nrx3287185 | _:node1ifffo23px3270949 | _:node1iff9o86tx17953800 | _:node1iffl7iqax853596 | _:node1iffkp6bgx3187501
2168448077,46,216-844-8077,_:nc254a64882604a2e8e9a366b43ce0669xb0 | _:nbd33ca6f2cbd48909ec302d940c53d25xb0 | _:n1a762ad2648142ecbc8830a93258d11bxb0 | _:nb606118cf04c489c98e67c262dad2550xb0 | _:na8b38d9dba224ebc851b5bf5145de6dexb0
5536841409,46,5536841409,_:n7acadc9ca0a24088b3edf746bf92dbccxb0 | _:n24b077e2548a43dfa0ac98f331d316d1xb0 | _:ne190074ea6fc4cd2884305b466a9459cxb0 | _:n5a8e222e16724d3f984fce51fcdc6f4exb0 | _:nb87529114e39429b94d64b6f60b56f05xb0
9057218668,46,905.721.8668,_:n525c2bd26062450d867c9059c5b0651bxb0 | _:n13880e80330a4755b8589ede35f11a6bxb0 | _:ndf6d011416484c7f90b9c4a2c07a6401xb3 | _:ne93bbae58cd847898c1d30cd0fda7f17xb0 | _:n9250436b03b949b98a683510c8b8bba3xb3
2026871587,44,\n      Phone number\n      P.\n      202-687-1587\n    ,_:node1ifdbn1uax15630247 | _:node1ifdbn1uax15630250 | _:node1iffst9gix17218576 | _:node1iffst9gix17218579 | _:node1ifg5817px175435
4199958000,44,(419) 995-8000,_:nd616694adb044556a504c31639eb7b58xb0 | _:n3576090055494d1aa07cdd3c938b6f10xb0 | _:n32ea41a2603f4733a3ba74b383584a63xb0 | _:nc3c6fb3a3de04c7b98bebe2925dfa0a2xb0 | _:n70a5f5ebe35945a9b60af23ec7a91755xb0
8445542425,44,844-554-2425,_:n8c24dd5f467942b08060c7dcd8e776b3xb3 | _:n7f335fb23644457b9f7f974423706927xb3 | _:nd891e1f8c1d84597a44077bce382130axb3 | _:nbc2adda1cb774e679a2428dcf95f156dxb4 | _:n6f4f2e45287c499ea79057a7f08042a2xb5
2026877010,43,Phone: 202-687-7010,_:node1ife5c1f2x5022644 | _:node1ife5c7kpx7512105 | _:node1ife4g5bsx10155214 | _:node1ife675sgx5010466 | _:node1ife675sgx4858627
2026875256,42,Phone: 202-687-5256,_:node1iffb9k3tx25998506 | _:node1iffegeiax6075957 | _:node1iff0qu5cx30659903 | _:node1iffcqpnux989548 | _:node1iff55jq0x24411273
2026876334,42,\n      Phone number\n      P.\n      202-687-6334\n    ,_:node1ifeva07px47153317 | _:node1ifeva07px47153321 | _:node1iff55s84x19022332 | _:node1iff55s84x19022335 | _:node1iff9o86tx17307828
8446400408,42,844-640-0408,_:n75185d949f4e4c7eb4f352594874ee2dxb3 | _:nd3c00cb727bd4c6caa7cbaac8b1933a1xb5 | _:n7dad7e84efd5428ba263509b0e9bc13exb5 | _:n9960e0cdcfac448abca2513f45195aebxb5 | _:n003904109dd94cfab11b78260fb5deadxb5
8590285522,42,8590285522,_:ne6304e5f96f84794ac435833471b183axb0 | _:na15ed2ea3bc3436eb7ffb365f23aa8afxb0 | _:n697f4225b80547208b80364fea91ce4fxb0 | _:n9ad92744d1b54034b96d437bd7d0a45bxb0 | _:nff58bdb238cd46e2939b4bbc602b8235xb0
5035542240,41,503-554-2240,_:node1ifebbknix7614670 | _:node1ifdvb9onx37155481 | _:node1ifd32opkx84559 | _:node1ifd0kmplx7388375 | _:node1iffsdesex19673926
+18303728000,40,+18303728000,<http://www.gdshacademy.com/academics/registrar#creator> | <http://www.gdshacademy.com/academics/registrar#identity> | <http://www.gdshacademy.com/academics/undergraduate-research#creator> | <http://www.gdshacademy.com/academics/undergraduate-research#identity> | <http://www.gdshacademy.com/admissions-aid/tuition-costs#creator>
2024448525,40,Phone: 202-444-8525,_:node1ife8pglvx3609855 | _:node1ife8phijx1161516 | _:node1ife4fnrfx18560594 | _:node1ifebbr8qx1193753 | _:node1ife4ggo5x19205910
2026875874,40,Phone: 202-687-5874,_:node1ifd0kl1ix5939191 | _:node1ifd2m26qx2993407 | _:node1ifd0kg8nx8130568 | _:node1ifd0kmplx7823872 | _:node1ifd0q3gqx5258022
2026878099,40,\n      Phone number\n      P.\n      202-687-8099\n    ,_:node1iff46skdx766922 | _:node1iff46skdx766925 | _:node1ifencalmx20848953 | _:node1ifencalmx20848956 | _:node1ifdn1krlx5669156
+61392148444,39,+61 3 9214 8444,_:n0fb11e50deb6454786989baa9d5ecf2axb0 | _:n33fba530e52743eab0fad921cc441521xb3 | _:nb9f3f6d5fc414097aeb6933bfa6bacc7xb3 | _:ncb4a3746317d46e0acabb2dffc3f4303xb3 | _:nf5c0a9467de84e7789dda42228910687xb3
2026871400,39,Phone: 202-687-1400,_:node1ifec7nndx17587025 | _:node1ifed7crsx10348406 | _:node1ifeamn0qx19731283 | _:node1ifeffe11x10169056 | _:node1ifedc497x12964491
4044132444,39,4044132444 | 404-413-2444,_:nd1458cf428d94d60b331fdb08d530b21xb0 | _:n4aa3d2bd312241e094cae65c9d22da2exb3 | _:n54d3c5f5944b4f999142fae2952e6865xb3 | _:n042f2e7d4c1e4ceebb47a83dfee7a612xb3 | _:nb8ecb4a4f8cc4f039a71ed3a9dc52f19xb3
+919910802713,38,+91 9910802713,_:n3851e08cc9fd4f63831ab7b8eef29503xb3 | _:n9d25c100c7ba4c95b7fc15e40f6e9c58xb3 | _:nb677e081158b49099b5d0ff343497645xb0 | _:n2cbcf8dbab884581a240ef5f067e65cexb0 | _:n80eb7591fadd48bd96a5a4d13c6ed9f5xb0
2028771946,38,Phone: 202-877-1946,_:node1ifduabu5x3627751 | _:node1ifdmt6cox21233480 | _:node1ifdvml6px6119637 | _:node1ifduac7rx3706781 | _:node1ife18bdix1186437
3069665751,38,(306) 966-5751,_:nffbc540195c148749830e7bf263a6df6xb0 | _:n837532a4a4904baf855ba02f92fa098exb0 | _:n52c3ff04af5848a1b43248e3658db58dxb3 | _:n31ef89e95cb84c70adde1ad0c74c8864xb0 | _:n4d8b65da3afa48f6a8af86a0453c992cxb0
7149927271,38,714-992-7271,_:node1ifd0kjj6x7946228 | _:node1ifd0kiurx5309528 | _:node1ifd0kd19x7957835 | _:node1ifd0kam1x7819603 | _:node1ifdverflx5103765
+9127622251036,37,+9127622251036,_:node1ifffo4j1x2610368 | _:node1iffhli21x7538167 | _:node1ifghk01dx240348 | _:node1iffaao4bx5005304 | _:node1iffidjp1x2523627
2026871249,37,Phone: 202-687-1249,_:node1iffl7iqax3098631 | _:node1iffh5veex551322 | _:node1iffedhimx17869657 | _:node1iffc2kp9x10250030 | _:node1iffm9eefx544305
2153295400,37,215-329-5400,_:n58008de12ab5458bbbfb4f28193e7da4xb11 | _:n4f9dded6dd6345f09b6509603b38275bxb11 | _:n9ffb3bde4a3341dea1eb32dd18bde727xb11 | _:n93a248ee14464c7c9a3db5a2ac8cbdbfxb11 | _:n7a3c4ff677fe49fe814d96e64e23c82axb11
3015521400,37,301-552-1400,_:n58008de12ab5458bbbfb4f28193e7da4xb9 | _:n4f9dded6dd6345f09b6509603b38275bxb9 | _:n9ffb3bde4a3341dea1eb32dd18bde727xb9 | _:n93a248ee14464c7c9a3db5a2ac8cbdbfxb9 | _:n7a3c4ff677fe49fe814d96e64e23c82axb9
3306723000,37,3306723000 | 330-672-3000,_:n41c6557f9bcc42cfbe41304fd055af7exb0 | _:n9adcbbe69c96448eae9be892f2fc8657xb5 | _:nf80335417c3b48c89698e22a2b95dec2xb5 | _:n877d4bce9f794ecea56c9b6f71a8f2d6xb4 | _:nf433fe7d87ea48febf6cb0253f283343xb5
4149303000,37,(414) 930-3000,<https://mtmary.edu/blog/2022/04/coffee-near-mount-mary.html> | <https://mtmary.edu/blog/2022/09/4-signs-you-should-major-in-ux.html> | <https://mtmary.edu/blog/2022/11/learn-why-students-chose-mount-mary-university.html> | <https://mtmary.edu/blog/2023/01/postexpand-your-thinking-at-a-college-that-goes-beyond-academics.html> | <https://mtmary.edu/blog/2023/01/postexpand-your-thinking-at-a-college-that-goes-beyond-academics.html?image>
7175697071,37,717-569-7071,_:n58008de12ab5458bbbfb4f28193e7da4xb0 | _:n4f9dded6dd6345f09b6509603b38275bxb0 | _:n9ffb3bde4a3341dea1eb32dd18bde727xb0 | _:n93a248ee14464c7c9a3db5a2ac8cbdbfxb0 | _:n7a3c4ff677fe49fe814d96e64e23c82axb0
2026871122,36,Phone: 202-687-1122,_:node1ife1qitux30041179 | _:node1ifefhkm5x401840 | _:node1ifebbn59x10292338 | _:node1ife8phc4x17776179 | _:node1ife7vr6sx17888795
2026876638,36,Phone: 202-687-6638,_:node1ife4jqnfx8005799 | _:node1ife3rfdox5734809 | _:node1ife5d7pux13186644 | _:node1ife4fq7ux8015917 | _:node1ifdq5sh3x37445919
2166724614,36,216-672-4614,_:n5156b8b936ae4dd48bcf8be3f56515b9xb4 | _:nbd3e4efc4cd94cb78303b6489b444240xb4 | _:n26313896c70a4e3692fe20be77c96330xb3 | _:n07a175a0a4cc4416adfae839b28ffc9fxb4 | _:n9a83a3a5f17c49ae9e04d62c9cabb60cxb4
4809949244,36,(480) 994-9244,_:nd556f18288c54364ac44c48f5622703cxb0 | _:ne5bc04c17ffb4eb8adc13f40e081de0bxb0 | _:ned412b063b784ab8bae6ba5583f02026xb0 | _:n07c6c0a174aa4388bcd464df395f787bxb0 | _:n55a7d4f2c66348db9600fe3baf53076axb0
8443021424,36,844-302-1424,_:n9e63fcaf2fca463cb1c04238ca9ccd18xb3 | _:nf7f98f4d7ff544f69c814b4df9085a44xb5 | _:nda64e011d5f243fbb6b482573548f29fxb5 | _:n9b5c0c6385674493b15ce5dc8b2a0983xb4 | _:n8900fa69b7df42978e059216bc77cb46xb5
+18005960274,35,+1 (800) 596-0274,<http://hxlgrr.careergazette.com/online> | <http://zxdkqq.hunzhonggguo.com/online> | <http://degas.find168.com/online> | <http://hxwuff.easyskyshop.com/online> | <http://misapprehendingly.chimney-sweep-london.com/online>
2026873432,35,Phone: 202-687-3432,_:node1ifec7q4dx18020727 | _:node1ifebbr8qx3079547 | _:node1ife3r8gux23382707 | _:node1ifeamff3x3060528 | _:node1ife5bqoex17996634
2026874977,35,Phone: 202-687-4977,_:node1ifdu0t06x1104736 | _:node1ifdtq8ghx1122991 | _:node1ifdn1lb4x18117331 | _:node1ifdsq2hgx1103179 | _:node1ifdrtdivx5939643
8073467859,35,(807) 346-7859,_:n89b3d7c53a794227bf30458b7e6fd006xb0 | _:n255e88c8652644049654b175c02ffe49xb0 | _:n45728c1603c94b0d9e20bfccdb2540d6xb3 | _:nf6d98b3aa9c640f397009c0910793d63xb3 | _:n77c76768275044b1a43263915ca091d7xb3
0019055259140,34,001 - 9055259140,_:nc90daa60a69543a5af15622ced5c2b1bxb0 | _:n8800c8a45ecf4c46b9372300db8cc9efxb0 | _:n57e97e949e2a45eaa006ffc724353ea6xb3 | _:nd02a2c0ce43b458ca8f3c290df84c97dxb0 | _:n8061106f96d74b39b51facc5c6c5aeb1xb3
01244511000,34,01244 511000,_:n865c44057aab444db159fccdb153c46fxb3 | _:n7f8e689da3a240ac99288e1a89f2164axb3 | _:n5da796b4dc8f42d3a2d231aa65c7a009xb3 | _:n12d78756004d43c1b8102f2f2bf2ddedxb0 | _:ndee51114e41e4233bf1eaff9796b9e4exb3
7243346000,34,724-334-6000,_:nd4a8d3dab4674bb3957726cf20fb0759xb0 | _:n90920b558a21413c86bfb400de27a715xb0 | _:ne2292271f60b4f8db1c28980ae8c902dxb0 | _:n3d44582195304a5ab080a73e0dce3dc4xb0 | _:n930fa0a3807b4d79810ef445657af44dxb0
2026874560,33,Phone: 202-687-4560,_:node1ifdgf86px3657663 | _:node1ifdhpe8ex1287877 | _:node1ifd4gjigx43189849 | _:node1ifdbn7lux13887994 | _:node1ifdfugpsx1228109
2027846671,33,Phone: 202-784-6671,_:node1ifebqpjfx13455006 | _:node1ifebbr8qx16026164 | _:node1ifed79vux6043276 | _:node1ifec16hrx8351282 | _:node1ife30p2hx33462281
8662758720,33,866-275-8720,_:n58008de12ab5458bbbfb4f28193e7da4xb13 | _:n4f9dded6dd6345f09b6509603b38275bxb13 | _:n9ffb3bde4a3341dea1eb32dd18bde727xb13 | _:n93a248ee14464c7c9a3db5a2ac8cbdbfxb13 | _:n7a3c4ff677fe49fe814d96e64e23c82axb13
+493012085961,32,+49 30 12085961,_:nf76589d3bd3e4deaa3abcbbfdd2df6aaxb0 | _:ndfe61b4bee89410a98a6eba6a1bdc2b7xb0 | _:n6edc3b228e6d4d93a47490c809e36434xb0 | _:nc29b08d90e354c919d9f273aeecd99ffxb0 | _:nf78d9db8201d41b096d2e2c5d33ca452xb0
+918951993708,32,+91-8951993708 | +91-8951993708 ,_:ne1bce68fa36243359d635160b56b28baxb0 | _:n41087ee96d7c4ea1b802b271b77c0c33xb0 | _:n6d298c343d74401a9e89ef438ce941d9xb0 | _:n13d1610151ba4eff89ba93503534ee55xb0 | _:nf8732774eea547c8bf9dc6e950eb5c8dxb0
2026871662,32,Phone: 202-687-1662,_:node1ifdtq575x7699685 | _:node1ifdvb79ax2741872 | _:node1ifdspruex7891055 | _:node1ifdtq23ox5273297 | _:node1ifd4q5qbx17640694
4167365000,32,416-736-5000,_:naa6b3cb6388d4650adf6a125a6ab5484xb0 | _:n03c43dbbcc5848318931b3825b5259e4xb3 | _:naf1aaeaf70cb40c49b1133df2ffef93dxb3 | _:n72a97ab7c62b4fbe8279bc28595b7a50xb3 | _:n6190c9a036a740f296d0d38f6c3e6fd5xb3
+48717488555,31,+48 71 748 85 55,_:n866c884044484c9ba950a7193f346d04xb0 | _:n3bb855e121aa4039bc90dd4f8bdc8bdbxb0 | _:n400f52cd7de64167851fe79a7f847738xb0 | _:neecc1a7e19b543a1bba5ef2680166e18xb0 | _:n34c55d7390ed451ea9e391110286a8bcxb0
2026871729,31,Phone: 202-687-1729,_:node1iff0qm93x10733315 | _:node1iff0qqovx23433815 | _:node1iff48ma6x3406527 | _:node1ifevg2alx16002917 | _:node1iffc3561x1020820
2026879359,31,Phone: 202-687-9359,_:node1ifdmh2e1x22911298 | _:node1ifdua6lnx5836265 | _:node1ifdvgcnlx3418526 | _:node1ifdu5lv2x3496204 | _:node1ifdq5pj1x26447217
+6478384610,29,+64 7 838 4610,_:n56b16ff8e0a649a4af48b73feed83186xb0 | _:n65727d1d02e74da9b941636e69774951xb0 | _:n0332e65514c146fc92662e3d33b7a1dexb3 | _:ne6f20e8d40304441999fa3f5f311cdbfxb0 | _:nd0076d8b37154f67b393000757273c11xb0
0222565271,29,022-256-5271,_:n8eb341efb30649d391e2e831e9a92948xb0 | _:ndaf6a39fcd2f4c9ab10de87d49c596d2xb0 | _:ncf4a0703c6604b33aa9501144679ea68xb0 | _:n9464a1230bd142de8b27308300560e7axb0 | _:nc2634137d7014473bc3c1f05f55a3acdxb0
2026871314,29,Phone: 202-687-1314,_:node1ifebf7f9x5681290 | _:node1ifed8c6ax3329552 | _:node1ifed7jjbx3202109 | _:node1ifeeps7ax773033 | _:node1ife8p77mx13206445
5035546150,29,503-554-6150,_:node1ifgc6lc6x3778917 | _:node1ifehbqm4x31708808 | _:node1ifebbtbax46324236 | _:node1ife77d55x56667575 | _:node1ifefavmvx37788875
7347646870,29,734-764-6870,_:nd3b16cf5086b42deaa84ef746be5d52dxb0 | _:n9f2a33116e5646d38c4092574ed2f395xb0 | _:n837f68565aa947d8958b02336102b2b1xb0 | _:n54b416422b0446258fdfc536d96a1547xb0 | _:n2716f6fa15a148cc8e17db72c32286b4xb0
+4599141477,28,+45 99 14 14 77,_:nab4df142032b41129d55b5b7f069534axb10 | _:n401ac59e55584521b47548d0694c71f4xb10 | _:nf645945d9c3f4a4590bd3bffd99a51fdxb10 | _:n84e67b3923164faca51e15bf764f8aecxb10 | _:n1f0721aa623541bc85598242d1e8602cxb10
+4599149249,28,+45 99 14 92 49,_:nab4df142032b41129d55b5b7f069534axb12 | _:n401ac59e55584521b47548d0694c71f4xb12 | _:nf645945d9c3f4a4590bd3bffd99a51fdxb12 | _:n84e67b3923164faca51e15bf764f8aecxb12 | _:n1f0721aa623541bc85598242d1e8602cxb12
+9102067919444,28,+91 020 67919444,_:nff54c8f5856f47b1847bf53523209b0bxb0 | _:n295855de32974a5d91a189000165fc8fxb0 | _:nd302f5cf0aa44252a56fe90a1b1b79edxb0 | _:n4601413d18b540338faf4cbe72eb3178xb0 | _:n01be238818ea4766b3165a9c5c9fde49xb0
15066485845,28,1-506-648-5845,_:n8beaf1a02b864eedb314a65ebe5bcd7exb3 | _:nfe019ccfcb404dbbac3b80f8b43d5193xb3 | _:nf854ef73742e4dbb95ffa0d7aa3547e1xb3 | _:n578b10f7dced440490a34d3663a27779xb3 | _:n4dd5dab139304d45bddddb949c1da776xb3
3305943034,28,(330) 594-3034,<http://hxlgrr.careergazette.com/akron> | <http://wtboqb.cavablog.com/akron> | <http://zxdkqq.hunzhonggguo.com/akron> | <http://degas.find168.com/akron> | <http://hxwuff.easyskyshop.com/akron>
4105168006,28,410-516-8006,_:node1ifdvml6px5157724 | _:node1ifelpqsnx7885635 | _:node1ifdvkl7ex7870409 | _:node1ife06rsvx5346369 | _:node1ifdq5j97x22679322
8000000886,28,800 0000 886 | 800 000 08 86 | 800 000 0886,_:ndf7fddf34b344a0689925e03aabfbdfcxb0 | _:n92700fb563ed4cbd8e2f5a3ccddfee95xb0 | _:n1b85773c8c46416094806d51026b1c02xb0 | _:n84fe94522a384a0cb3988a79ff6b1709xb0 | _:nfabc9c7d12874d6db1e8f099d24e66dexb0
+15703214000,27,+15703214000,_:n2028669a767d4644a5c85ae579cc4497xb0 | _:n171f8e146cb74f6f8807f9886abeed6dxb0 | _:nde9f5e453dc04d37a6f5041b004a8c6axb0 | _:n71492da9a69a40c7bc6c4a855f5d908exb0 | _:n7a05746bf03649559d0a8dc924596a11xb0
+18003453920,27,+18003453920,_:n2028669a767d4644a5c85ae579cc4497xb0 | _:n171f8e146cb74f6f8807f9886abeed6dxb0 | _:nde9f5e453dc04d37a6f5041b004a8c6axb0 | _:n71492da9a69a40c7bc6c4a855f5d908exb0 | _:n7a05746bf03649559d0a8dc924596a11xb0
15612970525,27,1-561-297-0525,_:node1ifdvb4akx15161435 | _:node1ife3r0pcx4953191 | _:node1ife5ctgex163950 | _:node1ife4g2k3x155073 | _:node1ife4ggo5x2587640
18009253368,27,1-800-925-3368,_:n891dfb9bd3474dd89d2db9cee9ebf102xb0 | _:n30e88f33dd654c6e89b322ada4ff1ab8xb0 | _:nb34649d5c2404651adea4f42b5fced96xb0 | _:n6fadccd28dd24dfda00f902ce471a5a0xb0 | _:n9e36b0de0c944e609ad4acdc22d8ff62xb0
2026874179,27,Phone: 202-687-4179,_:node1ifd0k4p8x2908112 | _:node1ifd0ki4dx2885504 | _:node1ifd4giv2x10498320 | _:node1ifd0ka79x13056473 | _:node1ifd0rb62x460284
4162895000,27,416-289-5000,_:n355077795a5e4688b5a11173e47b229fxb0 | _:n1ebb69b1320f4120ab9970266ea7bb88xb3 | _:nde0eb6ef3e5e4369afabb785ddbd9aecxb3 | _:ncf3c14cf63c045cb93a090069f4a204fxb0 | _:nf88a0f43e7fe4aabab3f240c13d42abbxb0
6088071909,27,(608) 807-1909,<http://hxlgrr.careergazette.com/madison> | <http://zxdkqq.hunzhonggguo.com/madison> | <http://degas.find168.com/madison> | <http://hxwuff.easyskyshop.com/madison> | <http://isolationism.xiaoyuanlanqiu.com/madison>
6103966000,27,610-396-6000 | (610) 396-6000,_:nae46641405814df0a461703d68d6717cxb0 | _:n3703e245c26043caa881f430dc66340cxb0 | _:n3e439a131de1473290d9986659ff44e2xb0 | _:nfa3db68937c545abb5c016a25f01a580xb0 | _:node1iffv152lx1931698
6152062858,27,(615) 206-2858,<http://wtboqb.cavablog.com/nashville> | <http://zxdkqq.hunzhonggguo.com/nashville> | <http://degas.find168.com/nashville> | <http://hxwuff.easyskyshop.com/nashville> | <http://isolationism.xiaoyuanlanqiu.com/nashville>
7313524000,27,(731) 352-4000 | 731-352-4000,_:node1ifg2vpt9x9249296 | <https://www.bethelu.edu/bethelu.edu#identity> | <https://www.bethelu.edu/about/consumer-information/bethelu.edu#identity> | <https://www.bethelu.edu/about/bethelu.edu#identity> | <https://www.bethelu.edu/academics/academic-services/office-of-disability-services/bethelu.edu#identity>
+4402477650660,26,+44 (0)24 7765 0660,_:n24dd1874b9dc4a769c6297fcd79526dcxb0 | _:n82ae19fd72344c489e77c8aa13db6e72xb0 | _:ne8499fb74263472b8f7ba82a466f140dxb0 | _:n7bec7bcbc98e482fbd5363a66ebe08f6xb0 | _:n76e900a77fe64468992f2e96fae24de3xb0
+6444635350,26,+64 4 463 5350,_:n9714d934380a4e5197faf801721ccdc8xb0 | _:n7fa81915637b4525bc32070fb6e62f9axb0 | _:ne21dbc6aad9a4894bf49f0ff5490683cxb0 | _:ne9d41f016c1f43d5b90d0a5c0d557bfcxb0 | _:n1d28b846e98844f3899e77daa14a0e5exb0
2026871600,26,\n      Phone number\n      P.\n      202-687-1600\n     | Phone: 202-687-1600,_:node1ife1b6ikx25324498 | _:node1ife1b6ikx25324501 | _:node1ife670cmx12629655 | _:node1ife670cmx12629658 | _:node1ifernj3jx7963561
2026878354,26,Phone: 202-687-8354,_:node1iffo688jx2564239 | _:node1iffscucsx2619491 | _:node1iffst9gix9751701 | _:node1iffv0rtpx5155701 | _:node1iffqiko4x143082
2027842687,26,Phone: 202-784-2687,_:node1ifdbs0vhx5987405 | _:node1ifd4q14px23185202 | _:node1ifdboucex18418783 | _:node1ifdbn7obx5887647 | _:node1iffmbadlx11387540
2622935475,26,(262) 293-5475,<http://kculnl.cavablog.com/kenosha> | <http://zxdkqq.hunzhonggguo.com/kenosha> | <http://degas.find168.com/kenosha> | <http://hxwuff.easyskyshop.com/kenosha> | <http://lji.sunmuhendislik.com/kenosha>
6123602484,26,(612) 360-2484,<http://hxlgrr.careergazette.com/minneapolis> | <http://zxdkqq.hunzhonggguo.com/minneapolis> | <http://hxwuff.easyskyshop.com/minneapolis> | <http://misapprehendingly.chimney-sweep-london.com/minneapolis> | <http://lji.sunmuhendislik.com/minneapolis>
8007772227,26,800-777-2227,<http://bichromic.ahnfy.com> | <http://9l.zstsod.com> | <http://tmxaxv.tushinkoza.net> | <http://unindifferently.riptiderenovations.com> | <http://hearth.tdanceshop.com>
8008775010,26,(800) 877-5010,<http://c4hubs.com#creator> | <http://c4hubs.com#identity> | <http://zghduv.com#creator> | <http://zghduv.com#identity> | <http://md1tv.com#creator>
8668706966,26,866-870-6966,_:nb63e58ace5e8492bb525b0f3102a39bcxb3 | _:n4db5afb9a0be457ea5359be048b2cfb9xb3 | _:n6a02a1802f584888bb818e4b9c77ffa7xb5 | _:n052e98cd48df46e68d3464bb09109e71xb4 | _:nb196f230a7374089a2a9b90187ee7eb6xb5
0525611148,25,052-561-1148,_:n5d772c1a8d6744368ed426e18f80d6c5xb0 | _:n50fa574b24da4b8abfa008386e54da28xb0 | _:n1154834736fb4345a130804cb517be4bxb0 | _:nc4163c61b1c54d14bbd7c7dae88d0dbfxb0 | _:nb71eab10a9ff4d22b7192aec8200ca9fxb0
2023195358,25,202-319-5358,_:n1e1c9824ef6a41a58ff0d30fc9f608c8xb0 | _:nc15d9c7365cd45328f8878c1894319ccxb0 | _:ndab7f0ba58e44c76bb7f69c4f60a46bbxb0 | _:nec4aac877c164503a75dfc8aa0c263e6xb0 | _:nd4ccfa94a21b4c5199f5f16bc6041686xb0
2624577624,25,(262) 457-7624,<http://isolationism.xiaoyuanlanqiu.com/milwaukeebrookfield> | <http://misapprehendingly.chimney-sweep-london.com/milwaukeebrookfield> | <http://lji.sunmuhendislik.com/milwaukeebrookfield> | <http://nqfqrd.cdqrjd.com/milwaukeebrookfield> | <http://ghliya.re-peng.com/milwaukeebrookfield>
+19196848129,24,+1 (919) 684-8129,_:n3130692d9fb2442eb924a14c0db00669xb0 | _:n6e5cd1e743d546fd83de9f13b9661c75xb0 | _:n6af5d9d2b7b34e3186afca77c08de0b7xb3 | _:nbfc8f1e39faf42efa98d703d9dfe9d83xb0 | _:n620e1fd5b49b4e63881467b2c3a4e9a1xb0
+97022322194,24,\r\n\t\t\t\t    \t +970-22322194\r\n\t\t\t\t     | +970   22322194 ,_:node1ifeamff3x12897718 | _:node1ifef1fl1x5442321 | _:node1ife7707hx28559943 | _:node1ifec7pp4x15745023 | _:node1ife4g3rmx32986144
0432023531,24,043-202-3531,_:nb784498f4fef4d298ff0622bf14b49e3xb0 | _:n7c62086c43104bb2a0f2dc98cdeba531xb0 | _:n3976d2c1d0d14c91a24c886e4d441a9dxb0 | _:n04f0b1199c8e4cd8a5b74393b1bc8af1xb0 | _:n1271280ab29f474b982cf5ddfda71f49xb0
2026872159,24,\n      Phone number\n      P.\n      202-687-2159\n    ,_:node1ifdmh2e1x44439151 | _:node1ifdmh2e1x44439154 | _:node1ife4fsibx5563349 | _:node1ife4fsibx5563352 | _:node1ife4g0b3x5470991
2026875000,24,Phone: 202-687-5000,_:node1ifed7dhsx54352476 | _:node1ifernpe8x21036810 | _:node1iff0qrpex842621 | _:node1ifev9u40x10856213 | _:node1ifernpe8x20902796
2057915860,24,(205) 791-5860,<http://degas.find168.com/birmingham> | <http://misapprehendingly.chimney-sweep-london.com/birmingham> | <http://lji.sunmuhendislik.com/birmingham> | <http://nqfqrd.cdqrjd.com/birmingham> | <https://www.herzing.edu/birmingham>
4076415227,24,(407) 641-5227,<http://zxdkqq.hunzhonggguo.com/orlando> | <http://degas.find168.com/orlando> | <http://isolationism.xiaoyuanlanqiu.com/orlando> | <http://lji.sunmuhendislik.com/orlando> | <http://nqfqrd.cdqrjd.com/orlando>
4401248383659,24,44 (0)1248 383659,_:n320ce586310b4042acda00e13d14f08exb0 | _:nf330c35351f54e3a8e965949f3473680xb0 | _:nd73ab4483d22468f87c4aa6dc65c3c1dxb0 | _:n3e7d4b853b4440b1925dbfe4c1e2d8c0xb0 | _:n11b3c45b1ce64f88846a1f348a40b046xb0
7177496000,24,717-749-6000,_:n1b711911a3d343b785c80ba806c32cbcxb0 | _:n63403bfddccd4515bc046c7c3373885axb0 | _:n0237a9a096c74abd8acf5dfc2c06eaaexb0 | _:nc5296460762e4402be9f18e07b1f4dbaxb0 | _:nc4846e73285749e7aba18ea47b01ad35xb0
7812831000,24,781-283-1000,<http://yrxwim.caifu588888.com#identity> | <http://www.Wellesley.edu#identity> | <http://mnphik.aegvn85.com#identity> | <http://rjmcjc.aegvn85.com#identity> | <http://gpsoxv.wsdpower.com#identity>
8067422011,24, (806) 742-2011,_:n6365403f45eb4591b4603495407ecf65xb3 | _:n733df5d397f540f0ba70b13006334130xb3 | _:n63bd8159c9ee4947b0bfba5ad0135e1cxb3 | _:n5674da4c314a453483846077010c1c07xb3 | _:n9d5c4348829b409aba8ff1ade02d592bxb0
9311431087,24,9311431087,_:nb50a677707be4a1bae6d51100d6d0c60xb0 | _:n15895d4520424be4861b3663ac33e6ccxb0 | _:nd2709381b517492d860bd84734808f40xb0 | _:nea0bafa1e661415f8ccce4fc6167c223xb0 | _:n9ef73c60c847467d9c70cc90f4800e87xb0
+3726101900,23,+372 610 1900,_:node1ifdqdl1px5389889 | _:node1ifdq7gngx3031105 | _:node1ifdmharhx15211314 | _:node1ifdn1cvcx15160546 | _:node1ifdbknl7x1265439
1800208148703371445590,23,"1800 208 1487,03371445590",_:n2c13fba16cac446f8ab103652e2fe9fbxb2 | _:n13f0d7f880e940be8a94308487d9ae25xb2 | _:nc543f9b6d1344de093e6e9ddea1f765cxb2 | _:na1fce208a8084e0aa25d5e92dcb34587xb2 | _:nc783a0a10cd54655ac38fa5dd8a58c18xb2
2026874000,23,Phone: 202-687-4000,_:node1iffi7j0cx5905641 | _:node1iffa4kagx28543443 | _:node1iffhgpl6x5800781 | _:node1iff9iqqbx15308738 | _:node1iffbe1uex5793115
4045864265,23,(404) 586-4265,<http://misapprehendingly.chimney-sweep-london.com/atlanta> | <http://lji.sunmuhendislik.com/atlanta> | <http://nqfqrd.cdqrjd.com/atlanta> | <https://www.herzing.edu/atlanta> | <http://3wv.sdxinrui.net/atlanta>
51988845673,23,"519-888-4567, ext. 3",_:n219f6f59e3b647cb970dbc212649b4bcxb0 | _:nf95cb9c992b0487289a78a1da87491d9xb3 | _:nb55691f73f3a4a28b0d3fad0d7415265xb0 | _:n5f2463dc13d54603b7c5863d517933c5xb0 | _:nfe3df8b3802d4f42b17531232ebf635dxb0
8143754700,23,814-375-4700,_:nef0061b71782405e91d4418350fd6d1axb0 | _:n74b8ff59e2e442b09ef6f6d69b27c2abxb0 | _:n212cc46603324ec1b34ea1dc59d828f9xb0 | _:n9b7615ac90e948629ab9866255c524c3xb0 | _:nbabcd15e240047988c52c90b1bd05db5xb0
+18005960724,22,+1 (800) 596-0724,<http://zxdkqq.hunzhonggguo.com> | <http://degas.find168.com> | <http://hxwuff.easyskyshop.com> | <http://lji.sunmuhendislik.com> | <http://nqfqrd.cdqrjd.com>
+18479256000,22,+1(847)925-6000,<https://harpercollege.edu/about/news/archives/2022/posts/www.harpercollege.edu> | <https://harpercollege.edu/stories/posts/www.harpercollege.edu> | <https://www.harpercollege.edu/about/news/archives/2017/posts/www.harpercollege.edu> | <https://www.harpercollege.edu/about/news/archives/2018/posts/www.harpercollege.edu> | <https://www.harpercollege.edu/about/news/archives/2019/posts/www.harpercollege.edu>
+6434796832,22,+64 3 479 6832,_:nf41bc437cc99488ca243c675d6770f6bxb0 | _:n207d70504b9249f3a0ffbc9d8d0031b5xb3 | _:n01b419c55dce490ba5412331a801b99axb0 | _:nb41adbf7194f4cfdbe2f77ab97c7a036xb0 | _:n5681e1ba42c14a0282d599ee47cb9674xb0
04226471113647111464711152980011298001229800132980014,22,"0422-6471113,6471114,6471115,2980011,2980012,2980013,2980014",_:nabf739cdbe034f8a83bfae21ae6d5b9cxb2 | _:n470483bfd67c4f32a07b9ed5fcf691c5xb2 | _:n6137c8da13304e04b5cb7479695d44d0xb0 | _:n6b70995cf91446fc9ea49d0229aa07f7xb2 | _:n9400663c1272435abc4ba3b93bc341c1xb0
08772284588,22,0877-2284588,_:n7fcea9bac86349988de60424df771085xb0 | _:nf4fe0753ad7b4af0bf7d48b3e22ed72dxb2 | _:n7919c8ac177343ecbe2ace63484d19faxb0 | _:n9d20caace44340dd9f3c4474c2cdd20exb2 | _:neef04971590a4633967281c63b72faa8xb2
2026871512,22,Phone: 202-687-1512,_:node1ifdverflx5189415 | _:node1ifdtq8n5x12635751 | _:node1ifdq5fm4x22008651 | _:node1ifdsq2hgx14997607 | _:node1ifdmh2e1x29811947
2026875717,22,\n      Phone number\n      P.\n      202-687-5717\n    ,_:node1ifdllgvcx12798163 | _:node1ifdllgvcx12798166 | _:node1ifdn1opox5632732 | _:node1ifdn1opox5632735 | _:node1ifdmt1sbx8165038
5046134295,22,(504) 613-4295,<http://misapprehendingly.chimney-sweep-london.com/new-orleans> | <http://lji.sunmuhendislik.com/new-orleans> | <http://nqfqrd.cdqrjd.com/new-orleans> | <https://www.herzing.edu/new-orleans> | <http://delphinus.yxrzy.com/new-orleans>
+1142124112,21,+11 4212 4112,_:n302e8b431a9b4ddab08b36050876bdd0xb0 | _:nea7f1750ec51453fa6baff6d8764bce3xb3 | _:nda71eb73bdf2439882d121d26525712cxb3 | _:n13db36ec6e244c33a4f95488ae40e75axb3 | _:nd139317f6fe34c06a6bd02b518f610a3xb3
+18198229600,21, +1 819-822-9600,_:n92cac262854d449aa50ffa5d73064650xb3 | _:n6c17d3a072184d84a880848bcf7195d2xb3 | _:n1b0461f2eee04f9697a23a2cbeeeda63xb3 | _:naca7668fb692488bb7938c1b94886811xb3 | _:nb1c22c4599eb4a8086500bb80bea14f2xb0
02433824929,21,02433824929,_:nb6e5ab4de1df4be8985a702bdda4b352xb10 | _:nb6e5ab4de1df4be8985a702bdda4b352xb14 | _:nb6e5ab4de1df4be8985a702bdda4b352xb16 | _:n5563a61f35984ec09d331b85f340ab59xb25 | _:n5563a61f35984ec09d331b85f340ab59xb28
0339852202,21,03-3985-2202,_:nc7b2a67890d8416fbb99eb0cac7eb3c4xb0 | _:nfe0d0a24a8c04dfdba7eff186f57e7f7xb0 | _:n61571142aab040a88086d4f4e9c54cd7xb0 | _:nc5a81e311eef4984b7bdb5c22a4d7623xb0 | _:ne637be7a6e5b4111b2524047449256a4xb0
2026873600,21,Phone: 202-687-3600,_:node1ifec7nvvx25885250 | _:node1ife779oox35847566 | _:node1ife7vpunx35647008 | _:node1ifelq5psx8039783 | _:node1ifd6t8skx1569211
8132855821,21,(813) 285-5821,<http://hxlgrr.careergazette.com/tampa> | <http://degas.find168.com/tampa> | <http://hxwuff.easyskyshop.com/tampa> | <http://misapprehendingly.chimney-sweep-london.com/tampa> | <http://lji.sunmuhendislik.com/tampa>
01722755569275557027555622756565,20,"0172-2755569,2755570,2755562,2756565",_:n324551196a4c40efb48aa7593bf7e863xb0 | _:n40c2d4d633894fa8a2c75ccf14b880f1xb2 | _:n9a98fba90ad24b12805876fed0b3343exb2 | _:n85706f0fee8148eb93ca172d1a3de546xb2 | _:n22a3afee512b44e1874317b66e18da77xb2
0442275134722751348227513502275137522759200,20,"044-22751347,22751348,22751350,22751375,22759200",_:n5f59504f6c7546e8afdf1fbeb7f59b1axb2 | _:n3cbda1c3a10b45e1812f9db973f30affxb2 | _:n1d36bac49785428bb8e27779350b6ae0xb2 | _:n0b8321f4a1354ca4948b84ade44346f9xb2 | _:n23ecf6aeb16a4702836b8f3a7a50282bxb0
2026874343,20,Phone: 202-687-4343 | \n      Phone number\n      P.\n      202-687-4343\n    ,_:node1iff3jbcfx27489389 | _:node1iff9ijtax9967451 | _:node1iff66lscx15123946 | _:node1iff9iqqbx12492648 | _:node1iff6qi48x14953172
2026877624,20,\n      Phone number\n      P.\n      202-687-7624\n    ,_:node1ifeeqf6fx15210144 | _:node1ifeeqf6fx15210147 | _:node1ifeg3po0x10342018 | _:node1ifeg3po0x10342021 | _:node1ifed7bnbx20151577
2026879364,20,\n      Phone number\n      P.\n      202-687-9364\n    ,_:node1ife5bsgdx2779774 | _:node1ife5bsgdx2779777 | _:node1ifdtps67x18349996 | _:node1ifdtps67x18349999 | _:node1ifdrtp04x21352938
4126681491,20,412-668-1491,_:ndf4c34a85b7746b3ab7607284bab00a3xb4 | _:n0c319d67159d46eda289355f0656ac64xb5 | _:ne94c6f6325954d86b5eeb711fc28ae25xb5 | _:naa701adf06ef4fa0aca9e28ff5ef6e17xb5 | _:n43d1daae39f04671a0a96989d7275100xb5
6498151717,20,(64 9) 815 1717,_:n42548f7fd67742548651123b6b235a9bxb0 | _:n1f0804dcde304ea2b009ae9352130483xb3 | _:n8fb0fa49ff9343dcb7003dc766127caexb3 | _:na499891831134f0cb537b7ba77c1f838xb0 | _:nb73c6bd43df54bcdabc28eb5a9787b20xb0
+351253401060,19,(+351) 253 401 060,_:node1ifernlmqx22702911 | _:node1iff04nb4x15456125 | _:node1iff1n542x5593995 | _:node1ifekm4ugx49498278 | _:node1iff0qqftx17916609
+351253802206,19,(+351) 253 802 206,_:node1ifelq264x18333846 | _:node1ifernim9x587383 | _:node1ifernjp4x3008288 | _:node1ifed7dhsx45052037 | _:node1ifernjb9x3116344
+4401912083333,19,+44 (0) 191 208 3333,_:n78db861ae1d84234b5797b66f424a52fxb3 | _:n61a02fe43dff4220ac96f2c3578ded29xb3 | _:n6419cc8f70884f7098661035e755f128xb3 | _:n651efa26c2144f9f8a12ea0fc455dbcfxb3 | _:nb950a3e4032c4d0bb0f5db9ede323198xb3
+6434230018,19,+64 3 423 0018,_:n4debb38c168a4eb58e8dc932f057c7a5xb0 | _:n230fcc5b06c440faa2c0091f4130b14dxb0 | _:n463e2dab9b2b41a983426df518191482xb0 | _:nc72a2ad1236c471bb031a52226e65ec6xb0 | _:nbc1df9a5030f44bea17b37eb85dab86cxb0
0525892755,19,052-589-2755,_:ndf653942bc584a968a9ed2a22fb16654xb0 | _:nab86714016e7486daaa150a4d373a302xb0 | _:ncb54d1ad287a4022888da920712915d7xb0 | _:n086191b63a80451b8ddfe479b285edbfxb0 | _:n7411ee0e363c46a68eca60522d90b915xb0
18003425864,19,1-800-342-5864,_:nc88eafa9deeb42fb9eca6a1bc5437174xb0 | _:n71aff6c52f374a13a5678da601080b15xb0 | _:n02ff4d525c294f339f872bb4d9e208d2xb0 | _:n1db4d56652644c8db0fbcbcdb21bd5e2xb0 | _:nd73184f76a654f0c96340786925d9808xb0
5087937373,19,508-793-7373,_:n85084a6765d24492be37f72df7d04f6cxb0 | _:nf2997295a8234b7a9aae17d7afe377f5xb3 | _:nf7964df5eba5454d9fa9b5134c637c57xb3 | _:n6d5736dee925452f9aa3361c60b644b5xb0 | _:n7cd55d398e424fbd9b60a9cb8d54edf0xb0
8132855281,19,(813) 285-5281,<http://lji.sunmuhendislik.com/tampa> | <http://nqfqrd.cdqrjd.com/tampa> | <https://www.herzing.edu/tampa> | <http://altruistically.ccnmaster.com/tampa> | <http://rnrwgn.yuzhangdaba.com/tampa>
+17349360671,18,+17349360671,<https://stamps.umich.edu/about/visiting/$SITE_URL#identity> | <https://stamps.umich.edu/courses/$SITE_URL#identity> | <https://stamps.umich.edu/events/$SITE_URL#identity> | <https://stamps.umich.edu/$SITE_URL#identity> | <https://stamps.umich.edu/facilities/$SITE_URL#identity>
+912027120077,18,+91 20-27120077,_:n8b4f090f339a4a41b8869387c6cff48bxb0 | _:n9b4469b6e14742759766b192f04d0ac2xb0 | _:na975b96bd5b24f4886f286693737b83bxb0 | _:n5b7dfd798d2048d6aead9278303f3956xb0 | _:n151e8c6103c64fc3b6ed58743ee618faxb0
+982191077725,18,+982191077725,_:n21c29bb671ed4995975922854f970dfexb0 | _:n073ca8a579544cf4b82fcb6103e9c1d5xb0 | _:n964d03984e4b48c1bf3c7fbb3190db18xb0 | _:n95fd87763b9546dab805f6181f3df2efxb0 | _:n2abd20c49c1a44cf952ae516bb508892xb0
18554285673,18,1-855-428-5673,<http://rwlocx.foodartorial.com/#collegeoruniversity> | <http://www.gcu\u90E8\u4EF6.edu/#collegeoruniversity> | _:n4d189b8db2634a1c95dc514b60531ca9xb0 | <http://zpmaec.91src.com/#collegeoruniversity> | _:n78dda0291e8c464b89009fa312667d77xb0
2022433555,18,Phone: 202-243-3555,_:node1ife8pp21x13414155 | _:node1ifec7nndx3628220 | _:node1ife672m9x21345236 | _:node1ifec3tllx1162358 | _:node1ifec7p6kx5975122
2023195282,18,202-319-5282,_:n6cf515310fb84ed69dece9aeb7809539xb0 | _:nd63135d892ed4aa9b20de6743a9367f5xb0 | _:n3167d24603c64ffd8a25df6837dbdc2bxb0 | _:na6d87d2b5aff42d0a0c5930b1083871cxb0 | _:n26e5dd98d7c040988c44a08a38d6f009xb0
2026872242,18,\n      Phone number\n      P.\n      202-687-2242\n    ,_:node1ifgc6quax4096770 | _:node1ifgc6quax4096773 | _:node1ifg8a9sgx6395906 | _:node1ifg8a9sgx6395909 | _:node1ifg586n2x8707730
2026876493,18,Phone: 202-687-6493,_:node1ifdi82tjx5372943 | _:node1ifdn15i8x2913244 | _:node1ifd4ps0rx40204792 | _:node1ifdi85h4x5352931 | _:node1ifd0tb8tx50012043
2026876575,18,Phone: 202-687-6575,_:node1ifdq5oh1x157974 | _:node1ifdmh2e1x9819789 | _:node1ifdq6m7qx160698 | _:node1ifdq5pdmx157547 | _:node1ifdhe09ex10161934
2026876622,18,Phone: 202-687-6622,_:node1iff46skdx25919183 | _:node1iff6qlbgx18427512 | _:node1iff9o86tx1270643 | _:node1iff48e6fx13384163 | _:node1iffa39d1x1222182
2026877491,18,Phone: 202-687-7491,_:node1ifdi8b27x2815215 | _:node1ifdgoahex7635286 | _:node1ifdhebsdx5260690 | _:node1ifdmh5i4x7794728 | _:node1ifdgf3r3x8324052
8668255426,18,(866) 825-5426 | 866-825-5426,<http://dcdhox.b7bys.com/campus-locations/phoenix> | <http://dcdhox.b7bys.com/online-programs> | <http://www.0786cj.com/campus-locations/phoenix> | <http://qggnsb.espoirholic.com/campus-locations/phoenix> | <http://qggnsb.espoirholic.com/online-programs>
961924950,18,961 924 950,_:n94f7335d13b447ba960fc14063b722f0xb0 | _:nc6061a16503d40459d8a260e2c6d32b2xb0 | _:nb1e877ae4517464ea3c8124bfa2dbe12xb0 | _:n31d37a341cbb4d4dbb208396d9228c27xb0 | _:nf76501b117f947c593b221e50314dd86xb0
9890001164,18,9890001164,_:n98c4ceecd962426381fe6227c571a26fxb0 | _:nc15b29be0d874c389fc2a8906989c563xb0 | _:na76f0e37134b46a2b8041a20a66a6f8bxb0 | _:n8d98b9afe0db45608c55e606f0dfd8e1xb0 | _:n72bf008ec5e74bd59b2173b608ab7d8exb0
+4943318450,17,+4943318450,_:node1iff0ab33x21598678 | _:node1ifd32ihsx6916287 | _:node1iffc2or1x1826534 | _:node1iffb9k3tx9402882 | _:node1iff9io9cx6700955
0016135333208,17,001 (613) 533-3208,_:n3e6af3ab611441fdae5facec45366fdexb0 | _:n54a22aab9ea34d6296f1946660638188xb3 | _:n2699478f2a7b439cbd65f92acf5b85a8xb0 | _:n3de569dce9b7487b8751f5b114ef7760xb0 | _:n2b8c6f2569944f01857f97138229816fxb0
01140526889,17,011 40526889,_:n65322fd40b834cafab3a8cf6dc0d104fxb3 | _:n5a6ce8d85b5f49bba59d938abbfed306xb3 | _:n7cbef2fd166845f8a3f208debf256004xb3 | _:n880b584f12334d0a8b4906e5467f01c9xb0 | _:n5373f7bb47e34c7db8be8bbda783b0e7xb0
01874221463221464,17,"01874-221463, 221464 | 01874-221463,221464",_:n88ad6928e17c4e48817f8fdd63efc1eaxb0 | _:n46ec6361e24e41e5a7af68612ad506bdxb0 | _:nebb36146743a4aaab92de96d4265c4b7xb2 | _:na7008d8f027d49b59749ac6c479f9ee7xb2 | _:n8c65e80c769745b09d5aff897437d874xb2
2026871225,17,Phone: 202-687-1225,_:node1ifdi7vcjx6211978 | _:node1ifdi87opx6142542 | _:node1ifdmti16x1220574 | _:node1ifd0kc3vx54825937 | _:node1ifdfuh50x11126109
2026872927,17,Phone: 202-687-2927,_:node1ifeh2t9px5077039 | _:node1ifekjgkrx165722 | _:node1ife7vpunx45274785 | _:node1ifeetri3x15041906 | _:node1ife7vpunx35495849
2026875367,17,Phone: 202-687-5367,_:node1ifd4ps0rx33324311 | _:node1ifdbnakpx5938292 | _:node1ifdbn7obx3447637 | _:node1ifd4ptf1x33023094 | _:node1ifdbn272x5748173
5035542260,17,503-554-2260,_:node1ifencfbkx9078908 | _:node1ifencembx9081580 | _:node1ifeg9fjkx29165979 | _:node1ifelptk2x14264751 | _:node1ifernranx1653579
6048222848,17,604 822 2848,_:nb8ce43d12d9e4a94b64d91af34658b84xb0 | _:nb51119e7aae74ee3979fc8f3c37ade1cxb3 | _:nb6d648ae2b2747a2bbed5e3dc6a8d2c6xb3 | _:n8e99d6a96ce245b19708d67f33093444xb0 | _:nd064ac3ea4294ac5b85ba25350350d7dxb3
6072555241,17,607.255.5241,_:nd2e7ec5d88814d8e990e13361efae48exb0 | _:n601ce40911a14509a1d1abf96abe05d7xb3 | _:n886212016f064d0281a0b39fa802e2bdxb3 | _:n662c0e46b4aa4cd1a8c3178853bb9e6dxb0 | _:n06c034b3ac9646a1bcd81d3b3655a6b7xb0
6184532121,17,Phone: (618) 453-2121 | (618) 453-2121,_:node1ife5c68vx7446067 | _:node1ifd8tjd5x7588672 | _:node1ifdq5fm4x21854814 | _:node1ifdse5s8x12442086 | _:node1ifdn1sehx27068572
7035225600,17, (703) 522-5600 | (703) 522-5600,_:node1ife7707hx3244553 | _:node1ife7707hx3244555 | _:node1ife7707hx3244557 | _:node1ife7707hx3244559 | _:node1ife7707hx3244561
+351253802266,16,(+351) 253 802 266,_:node1iff53lbax17641557 | _:node1iff9ihb7x3031692 | _:node1iffb9k3tx18002326 | _:node1iff8sop0x5575254 | _:node1iff9iqt6x5402305
+6498154302,16,+64 9 815 4302,_:n169c588584f84e45b8cfa3b96f52e0b6xb0 | _:nd3827048b34b4778b96f4fdad872b2a3xb0 | _:n1331f6bf304f4dc9ad4ecb6d0083465exb0 | _:n7243c42e17264d55ba8d27dbe5cd29f1xb0 | _:nb7d69605a46e44aeb594632254b177ebxb0
+918028567958,16,+91 8028567958,_:n8fb0be9a16354a2fa1af0e1246fa1905xb0 | _:ncac33c09646b4626a001ff161cac2ebbxb0 | _:n8c28799a7dd943bdbbdb2686799ae2cbxb0 | _:n3dcf087953a345f69d0e3e550011241exb0 | _:n7739da7e479248269192e8fd25dc9ce9xb0
01204933350,16,0120-4933350,_:n7289d77347a643ffb28af89bc273833dxb2 | _:n57b989d113a04be49e30d0996b8f78a1xb2 | _:ne077d90a54b746d2b566b21de7334fc6xb2 | _:n52e3a62fe8614c05b2bcd1025055afe3xb2 | _:ndc3cb2e944c043dfb3695b5fec9271a7xb2
01273606755,16,01273 606755,_:n858c24e98895460c88557ffeedbca748xb0 | _:n7750167e26434b3481ff2c3065632813xb0 | _:ne2c30a54c8d14ecfa5297bf667074a45xb0 | _:n3e4f79a04f9744e9bda7a508884eadaaxb0 | _:n8f9b71a4971d49eba33845ed96ba50b2xb0
1800,16,1-800-CULINARY,_:n10e3126583e746e98220e84cea3a07ddxb0 | _:nad951800b8b0451e92580dfd0230a82axb0 | _:na03093f68695481d8f4c7c9525be363bxb0 | _:nbb62de8a487d47b9b38ab6ab635481cfxb0 | _:n2c5e370bb983444d92bc559c9481454fxb0
2026874056,16,Phone: 202-687-4056,_:node1iff48e6fx1360336 | _:node1iff53p5ax1370475 | _:node1iff0qn4px3794757 | _:node1iff0ab33x13739195 | _:node1ifed77imx56666930
2026876214,16,Phone: 202-687-6214,_:node1ifd7jtthx10790754 | _:node1ifded7vkx3432838 | _:node1ifd0kpegx30924157 | _:node1ifd7qqk1x10511513 | _:node1ifd0kd5hx28079982
2026879185,16,Phone: 202-687-9185,_:node1ife77cejx3281479 | _:node1ifdvcpbmx32819691 | _:node1ife8pg95x5640978 | _:node1ife77563x3279102 | _:node1ife772g1x3172018
5197485220,16,519-748-5220,_:n36dac8233f2d49218b25c76f9c60068exb0 | _:nc942f01f7bfe44d9ba09cb1742160493xb0 | _:n276a0123af8d4a20b71fe575a03573acxb0 | _:ndc51ed04961f4683839cbf01edcc603bxb0 | _:n99ab8f7789d2482280a5c73d4bb5b41fxb3
5709632500,16,570-963-2500,_:nc42de0ea9eff497e8f5df655afd2a169xb0 | _:ne381f98c151f487ead10235c35869917xb0 | _:nf191e086be91452a8e09bc2dc4b5e993xb0 | _:nda168eb89e32455daaf84f5dcd5a763dxb0 | _:n967c33f260f0403c9a8a556b8ca44558xb0
7133484179,16,713-348-4179,_:n5eda223b8bf64c359aa7ea83fbc1e186xb0 | _:nd39db5160fc34207bc89f629c48027d4xb0 | _:na2d4514b66794834929381cd294c9d8dxb0 | _:n5ad5c57adaec437285283519d70c8c09xb0 | _:n36d7558b2f3f4651b73358e8adba3677xb0
8449463714,16,844-946-3714,_:ne44ec023dbdf46dfb90b4996e13d0f70xb6 | _:n1d21d9a1f371419c96ec8d8e8957f6f1xb6 | _:n56e5122ca7ab440589525982cd72df1fxb6 | _:n42d170fced6e49f9a53a43b8f3ebbbd0xb6 | _:n189bdb87fa594b1dba52d426d20a6ce3xb6
8454529600,16,845-452-9600,_:n10e3126583e746e98220e84cea3a07ddxb0 | _:nad951800b8b0451e92580dfd0230a82axb0 | _:na03093f68695481d8f4c7c9525be363bxb0 | _:nbb62de8a487d47b9b38ab6ab635481cfxb0 | _:n2c5e370bb983444d92bc559c9481454fxb0
9704916220,16,970-491-6220,_:ncaa44a49720f40f38d66f719bcf4478cxb0 | _:n00185e8a44154c9b82046f96845e959bxb0 | _:n698ba925ac7846f78cc3ceb975236d61xb0 | _:n0db7d65c33044a3a8c994a6f420b03d9xb0 | _:n9fc201c3f459410d8b9293f11bbf952bxb0
0116410865,15,011-641-0865,_:n3c977e47ec6f48548a17bf1288b7d459xb0 | _:ndfe83a0f3c894c1e90e71febea15affexb0 | _:n3becb57f30d24ae8a79e679ceccf0f01xb0 | _:nb46d7eda1937481381ab9a0739d01f14xb0 | _:nc93fd796861f4f59aac11c3972ce5417xb0
0162327511,15,0162-32-7511,_:n1bff2718049040ba9383428f919d7991xb0 | _:n8c1f91b61f37444991e4b6f1b75d4c59xb0 | _:na8f8274dc3cf4c968e67707ccd6aee74xb0 | _:n6cdf1cecf59740378fe0d22deddb6c65xb0 | _:na70eb7a495004808b99be75813434ac1xb0
0358426878,15,03-5842-6878,_:ne8152ea2fbed490c83f7b51d7e4a5ca2xb0 | _:n0f53d8c2a4504a52b4ac022bcd6e25f2xb0 | _:nfd445f71debd4bc09ebd0a0291c4eeb7xb0 | _:n16f02efd2c7849649d0f263d99250d55xb0 | _:n4be6c31cc36b4c36aa039ba2b819f65dxb0
0929434174,15,092-943-4174,_:n86f8587b14164085806bcbb512a6d2daxb0 | _:n021e98e7fa2e44bb9c89a73f0ee6b537xb0 | _:n0a613a72ac56489abe53c5a094851de7xb0 | _:n9901aa56b85b4d9b8e940345727eea2bxb0 | _:nf66256a2260a46b1982ab732e3c6dbd4xb0
2026870390,15,Phone: 202-687-0390,_:node1ifdbjul8x18042598 | _:node1ifd0tb8tx35451840 | _:node1ifd90tb5x15637795 | _:node1ifdbnakpx18160426 | _:node1ifdhe8a6x3103278
2026871093,15,Phone: 202-687-1093,_:node1ifd0rac8x20326925 | _:node1ifd45rbax13063533 | _:node1ifd4q3rfx10463794 | _:node1ifd4pq0fx20262702 | _:node1ifd4pq0fx20262783
3096773333,15,309-677-3333,_:n660df924b1f444a6b7ecd4c4196dca63xb3 | _:n295c8afa3adc484999faf20f82e4a819xb3 | _:nfc0a0251e2764b88b1815c91afaa417cxb3 | _:ncc2acb09ffef41a6a5e963a14e36ca9fxb3 | _:n61b23a32dc694c41a4eb68b1668c2233xb3
5035546100,15,503-554-6100,_:node1ifefhh10x31403064 | _:node1ifepna6fx9139886 | _:node1ifefavmvx36552473 | _:node1ifenc86nx9674933 | _:node1ifenc54px16485412
6173246730,15,617-324-6730,_:n4bc090ba42fe4b18a78dd644e6d5200bxb3 | _:n8daea9b0956e491cab2aa3c8885dac8fxb0 | _:n1aa0dc23f16a461a854db29159e0fdeexb0 | _:n40ec9794fd9d4d4598c407d766e43dfaxb0 | _:nfefd390f07b6473b9cda8e99ce8f3f8dxb0
+441463279000,14,+44 (1463) 279 000 | +44 1463 279000,_:n2315a2831da2416f98b1a312587c1e5bxb0 | _:node1iffukbkdx9725068 | _:node1ifelq264x54842139 | _:nb0bd338044b1451db85227e9325ffc46xb0 | _:node1iferln98x2353221
01135016514,14,01135016514,_:n2a334b49af3147df9fbbb29ea91eded8xb0 | _:n3cc459a8337b44a3b8c89d38ac3fe965xb0 | _:n52999910ac8b4f2291f5326a6b041230xb3 | _:ncc756df390ff4ee4943c5a03654c16e9xb3 | _:nfd7837baf38e4d9e95715a6620501e11xb3
0406550555,14,0406550555,_:nbbf9aaf5326e46e593e553676c13f8aaxb0 | _:ndd393655d67141a1a497525da68f62aexb0 | _:na3d4b0f7a087459ab5eaecc5c129b015xb0 | _:n3fba777757fc424bb6a185dca5a4a970xb0 | _:n22c70599fd7440c2b919a4cd72d576a1xb0
041322982882912111229828322960022272901,14,"0413-2298288,2912111,2298283,2296002,2272901",_:n393a62f0ab684b0292eb2aa742afdc7bxb2 | _:n01e8c76657304c45b148c357d6335b03xb2 | _:n85f74334b4dd4442a688574c96b92b96xb0 | _:n35a5dccd94ec4462aab765213a25226axb0 | _:ne3d3474cc04941c59e8d5139a0cfb244xb0
066324034132000492,14,"0663-2403413,2000492",_:nda431774afb445c48027d7c3ea243f49xb2 | _:n9caf86c8b36d4db59d1c152e75171231xb0 | _:nd4573e34f5734dad966e439fcd824fe7xb2 | _:n0f3d2f0d95a54f5086d81372a108ff84xb2 | _:ncc6a3ad0bb9340d7b76a070d61a9eccfxb0
18004,14,1-800-4DEPAUL,_:n45526c18956f49218fa8e22458d76232xb3 | _:n9338de4e52774323aba4eb44868fc7f0xb3 | _:n469599ceac9b4d9f8150b5d63e0b724fxb5 | _:n2db40bdcd5dc4586a758dbc96e04d68dxb5 | _:n979e823cec3a44069b078a1e4e56d593xb5
2026870217,14,\n      Phone number\n      P.\n      202-687-0217\n    ,_:node1iff0qr8ax18768798 | _:node1iff0qr8ax18768802 | _:node1iff1n1ibx16099125 | _:node1iff1n1ibx16099128 | _:node1iff0qve8x9532213
2026872839,14,\n      Phone number\n      P.\n      202-687-2839\n    ,_:node1ifdmhaasx6175300 | _:node1ifdmhaasx6175303 | _:node1ifdmt6cox3802792 | _:node1ifdmt6cox3802795 | _:node1ifdi8a9ix6220038
2026873906,14,Phone: 202-687-3906,_:node1iffm97c3x3051891 | _:node1iffqpvufx721072 | _:node1iffm9eefx5532510 | _:node1iffu9m98x3000259 | _:node1ifflg06qx15774069
2026874547,14,Phone: 202-687-4547,_:node1ifef1fl1x15291418 | _:node1ifei8bs1x5680309 | _:node1ifenccmcx1246140 | _:node1ifeepm5jx25476651 | _:node1ife776jmx33415857
2026878842,14,Phone: 202-687-8842,_:node1ifg8384dx6087739 | _:node1iffv5h0hx11197489 | _:node1ifg57rg9x8239231 | _:node1ifg9d3fux5919057 | _:node1iffutp1dx23758202
4107726686,14,\n      Phone number\n      P.\n      410-772-6686\n    ,_:node1ifeh2t9px1208065 | _:node1ifeh2t9px1208068 | _:node1ife8p8d5x23705142 | _:node1ife8p8d5x23705145 | _:node1ifeh9fipx1138748
963748552,14,963 74 85 52,_:node1ifd6t6h2x9676726 | _:node1ifd0kjmox24708920 | _:node1ifd0k4p8x27126436 | _:node1ifd6t6h2x9676753 | _:node1ifd0kmplx27446886
+4402477654960,13,+44 (0)24 7765 4960,_:n51dc5c75e5e64795b32cef5da82a40c5xb0 | _:n0b34d0748dae4b50a183bdf463fff7bdxb0 | _:nc3f50f2521f94266919a07e1ce879291xb0 | _:n94206b4848d44652b63ad8e364375992xb0 | _:n15af69b3fded4db9aedec750dc1715e8xb0
+441494522141,13,+441494522141 | +44 (1494) 522 141 | +44 1494 522141,_:n5235e00cbfd3427586244c42925bcb22xb0 | _:nd19b943cf2d442f3b9f2efb0c1895755xb0 | _:node1ifdn1j4hx7310073 | _:node1iff1n039x34459119 | _:node1ifd0k4p8x15006327
+525511020250,13,+52 5511020250,_:n971731bfe5534852afc97d19ed5224dcxb0 | _:n972aa12e551f4bd3a28b5e7c0227e3faxb0 | _:n8298e7ce56c142a6b0ad6eca8bdc6ab1xb0 | _:n3598ee22fda94fd9ab47b9dc71024c8fxb0 | _:n117808bc4a3f4caeb06587b63495bbd1xb0
+6463505701,13,+64 6 350 5701,_:n33850741593a4aa8af16ce70acad017bxb0 | _:nc5486e1c1c5d4cb79bbef0f662235ae7xb0 | _:n73bb5ac269714cacb2f2f045fc78b54exb0 | _:n3d80f1db9f4b4e97b8223a22395d616fxb0 | _:na8189a0a0d3442b8b0a57f2d56720281xb0
+917022016739,13,+91-7022016739 | +91-7022016739‬,_:n08868a8ac4074250bbc44e25f772fccdxb0 | _:nd6baee253f8147b494b4a787c55f676axb0 | _:nda58424091c94a73a9a8e48ac9a47629xb0 | _:n58bf63b765ef4c9f898d9ca1b05e6cb0xb0 | _:nd00950f20b5849d2bd766760457acf85xb0
+918645985555,13,+918645985555,_:n84f0cebfb6574eb584748e16daa70a33xb0 | _:n52abf40c25d146e8acf12524393834d3xb0 | _:n89a14b97608a491b904addfa5e380912xb0 | _:n554d1a44bc964753bcc5a3c0eaeb1037xb0 | _:n5f803ed04df6456c9aa186cd6162f929xb0
0015143984349,13,001- 514-398-4349,_:nc4c611c98c7b4be8baf3af8606a995e3xb3 | _:n54e4eb8dbe0843a4bf5bab8131805abaxb0 | _:n79a106df5ba140f592486f20b48837b0xb0 | _:n150ae30433cc4845865a67361756cd01xb0 | _:n7b43fd9522b44d28af3509b532170c09xb0
0452764632,13,045-276-4632,_:n02b178adf8944b5785995a9b20d73523xb0 | _:nc65343b48a6e4e5e9dada8c1482b0565xb0 | _:n1f00c3b020374ea488e879ce0e00740bxb0 | _:nd4a7c26accc84264aab07f5d9679eb23xb0 | _:n9424dfc0fd074c28b07db96871244560xb0
087025525552555055,13,"0870-2552555,2555055",_:nb4e46078cb114e8caed071ac8ab6f6e2xb0 | _:nbd1b78c2646247c6b6fbc0765c5c4fe6xb2 | _:n6f7f596b2cbd4a4383d2ad835e4007bdxb0 | _:n403ce83ca9374eff83e1fe0544d9343cxb2 | _:n89994046f8fa4e628b99c179121c724dxb0
2026875956,13,Phone: 202-687-5956,_:node1ifdq5sh3x23111769 | _:node1ifdn1j4hx30455751 | _:node1ifdt3v4gx15804024 | _:node1ife4fukcx960732 | _:node1ife2l669x3272937
2026878807,13,Phone: 202-687-8807,_:node1ifenc36ix6716679 | _:node1ifed7dhsx31928264 | _:node1ifencck0x4080435 | _:node1ifed7udcx32116470 | _:node1ifepn97hx4093084
3309727966,13,330-972-7966,_:n134899307dff419c882d5482dc795532xb0 | _:n0e34fc11e04e44a5b5e8fb9ae0447557xb0 | _:n765eb3d4261b4e778e2c67a40c435e9dxb0 | _:na64185875fd0423a8a9cd2d275943d53xb0 | _:n842d9283d68240f78d95008771e3368fxb0
4169786614,13,416-978-6614,_:n3b31de1b35ae4d80b2f19e554c5115efxb0 | _:nfd7c7a1a3c7f4c629c4263d4af9c5458xb0 | _:ne31098e339e14862938b6e93479bf6dcxb0 | _:n39bb2b06535c4c39a035409747fc530dxb0 | _:n5ad32d76bde8484ebaee07c78ced98e6xb0
7406644449,13,7406644449,_:ne79f896560854d0fa81deac7718abfe1xb3 | _:nc0dc265007244b9999f4d38adf1225d0xb3 | _:n916c67545b0b445d983c067f4162679dxb3 | _:n5643da0f4f454388b5f70b7f3d9f76cfxb3 | _:nb91fa1b0040643b79a016927703581e9xb3
+16135202400,12,+1 613-520-2400,_:nd07cede3453c4899b3d1579b7a417846xb0 | _:nabd923adbbc7445ebd07fa7a85e901a6xb0 | _:nf97e7665c57f4a7caa6b62476cbd64dexb0 | _:n17381cdf2ae4485287fccf8cd6c1aa5exb0 | _:nc92d6a5bae4d4fb08a4d95bb6b35749bxb0
+18777515783,12,+1-877-751-5783,_:n04f8b545f6dc45c48adcb9decb3d77f0xb0 | _:n9e7189c80f5342f480ddbae63b267e08xb0 | _:n4f701927e4f24668a374b361cd7c45bdxb0 | _:nc6ab169a8a3649beabab38fd08d3078axb0 | _:nccfd283b3ae5418381d90e6d2bbfc691xb0
+35318962614,12,+ 353 1 896 2614,_:n93cb4d96f78446ae981f2e0e849b954dxb0 | _:n7fa47d4731e54908a77a376f37e74e39xb0 | _:n4043a7b29e654678ac80e102fa00cc28xb0 | _:nbcdc444b11e6418a8244c2557b45d5f3xb0 | _:n9a48bc6e7c8c4f9392815be23d2e5118xb0
+4402031088528,12, +44 (0)20 3108 8528,_:naae2909fd9394c9f8caad55e1cc64bd8xb0 | _:n92eca04efc5244bca2c0632e6708f4d4xb0 | _:n5a8eb464736c4fd5923403ce7a745fd7xb3 | _:n373b5758a56b4cbdb4985cb1a6957f23xb3 | _:n17d3fbfe06b947998054070b2ca1193fxb3
+917418314443,12,+91 74183 14443,_:n182932a92bb64a68bb8c7dea207f06b7xb0 | _:n1742f592e2b341fabdb3cf408f7ecbd7xb0 | _:nc9f9ffb52f4b474f88d8ffe79dad1a2exb0 | _:ne4b95fe03c1946199837196d8e138b2fxb0 | _:n58c766fc788a47c0b3b1bfb29ed39183xb0
+919840196636,12,+919840196636,_:ndc7cec36866d4ccdbe1ea14466d6079bxb3 | _:nfb5c6e2233cf48d1b55864116ab4870cxb0 | _:n6655f9c2127945ea9bde3ac146cf1425xb0 | _:n45176721f2054e648f9c1fa19a6764d9xb0 | _:n840b737470ca4caf840cf96f2fba1fb9xb0
0468581500,12,0468-58-1500,_:n5c3ead0f2fc64412ab1ad0021fdb6ef1xb0 | _:n92cf8d95d73243cd87b84e14621d57aaxb0 | _:n0d468fdc4d414d248d04f9072ab1c5b0xb0 | _:nd9b5409b5e49416d8f8de360a3e9a6d9xb0 | _:ncb84289a9e7c4b4caea3945712fbeeaexb0
08066487600,12,080-66487600,_:nbf80e6ac6e364aca85d9ee8a3516e0bfxb0 | _:nc163ea6c10da4b5d982502d0d137e0b0xb0 | _:n70d244b1425846bb87143fef36a971bfxb0 | _:n2c9d3fb0353e4363bd8dfdb02d594781xb0 | _:nc50ec58048024fcfb85a63ce8b7bc4a7xb2
18008332288,12,18008332288,_:n0e0c1f99368d41848cf040b7c6440398xb2 | _:n7ad7eb1173374aa1b724fc627f020fb2xb2 | _:nb1221d598f534b7ba6f42cb1c657ba37xb2 | _:n8b31d19607384df1bc53ec202f7ecf72xb0 | _:ndc1d18ca65624e0db89b1bacb6467da2xb0
2025263799,12,202-526-3799,<https://humanumreview.com/www.johnpaulii.edu#identity> | <https://humanumreview.com/artefact/www.johnpaulii.edu#identity> | <https://humanumreview.com/articles/www.johnpaulii.edu#identity> | <https://humanumreview.com/contributors/www.johnpaulii.edu#identity> | <https://humanumreview.com/issues/www.johnpaulii.edu#identity>
2026873912,12,Phone: 202-687-3912,_:node1ifd0kgfbx8547680 | _:node1ifd0kci1x11046407 | _:node1ifd32ihsx3584534 | _:node1ifd3s7pkx1076068 | _:node1ifd0ur5hx8798396
2026878015,12,\n      Phone number\n      P.\n      202-687-8015\n    ,_:node1iff0r15cx67241921 | _:node1iff0r15cx67241924 | _:node1ife4ggo5x7572119 | _:node1ife4ggo5x7572123 | _:node1ife5bsdlx5413978
4057665490,12,405-766-5490,_:n255fb17ef5a44290b42e17a18a5eee0bxb3 | _:n5cf52216edc34645a9e01c06b1b509c5xb4 | _:nbfb1df671c7e45cba60245f2674e526dxb3 | _:n84f0447024454659ace1c146bddac57axb3 | _:nf4a59b47bb61413b95a8a00a62937d12xb5
8003456948,12,800-345-6948,_:n499ff900c0504fa2b1a0a8cd1583f845xb3 | _:n17dbaa67dd454aec9cb84881ae275b30xb5 | _:n5890bb6de8074859b44b7b83b836bfabxb5 | _:n000a5f1674b34664943b8110a85b1838xb5 | _:n6cbfed08619344b9abf64ea955bd0dc6xb5
8445733929,12,844-573-3929,_:n0053863bc8094b3f888c46b026055c3axb4 | _:nebb9f31efba74275948312e1f3e58622xb5 | _:n1937b28cbf744d588a52c4733a8c9508xb4 | _:nd68eb98ca7dd4fc1a28d11b21604212fxb5 | _:nf4ea7c50806c4490862297318564d186xb7
+12622435700,11,+1-262-243-5700,<http://www.cametex.com/> | <http://2.mscoastgeospatial.com> | <http://www.mscoastgeospatial.com> | <http://www.dinosaurgreen.com/> | <http://www.remitpai.com/>
+611800275278,11,+61 1800 275 278,_:n6b1624f368a045e887cc22c7397fc5b8xb0 | _:nd776af221aff4d18ae4d85238fb8d0e2xb0 | _:n68e928891ff043ae9661ab76dcebe119xb0 | _:n096ad22529794044ad72230e8b2266fdxb0 | _:nef3a47d5187b4608968b1c8e284a95fbxb0
+61242213218,11,+61 2 4221 3218,_:n6aa5918e23cb49d5b1ff498ef57dfe1bxb3 | _:n7de0aaea7d5b4bceac5de925ebaa4c32xb0 | _:nb21f9ffe28cb436798248dd9e1e28aaaxb0 | _:n8cbe1dbb6c134089a2f3507bb9ed86b8xb0 | _:n2ce61f88d7634ad58e63b8408ee2fc2exb0
065122754442275896,11,"0651-2275444,2275896",_:n82d05c598a684a3bb13615068d134c78xb2 | _:na99189c412cf4c4d82623122b3adf4b4xb2 | _:n8c6d499904724d228c73c07f615abe24xb2 | _:nccf1dc46bd4f46848ddd3c9e96cf1706xb0 | _:nd22315ca5cec48df9fca56a35d3120cdxb0
2026876111,11,Phone: 202-687-6111,_:node1ifdheb13x3940085 | _:node1ifdgf3r3x1423426 | _:node1ifdirsu5x3880349 | _:node1ifdgf12ax1404662 | _:node1ifdgf86px1337815
2026876359,11,Phone: 202-687-6359,_:node1iffsrh51x18573104 | _:node1iffsdesex16181092 | _:node1iffv176mx6580050 | _:node1iffv1857x1616246 | _:node1iffutm9ux18798776
2026876765,11,Phone: 202-687-6765,_:node1ifdmhr87x14133680 | _:node1ifdnm95bx8576531 | _:node1ifdn1o88x3825932 | _:node1ifdssft1x6176207 | _:node1ifdn1o01x13586931
4105168171,11,4105168171 | (410) 516-8171,_:n9a1d9b0ec7b2491ca5c14d5f74113d8fxb0 | _:ncf307849ba5848b5bebeb6ab272202cexb0 | _:n9278973032bc419e82291ae22b10b734xb0 | _:n4fb10d7af4fa4c0ca22244623441cf2dxb0 | _:n555008bcc9fc4079bb0a611ad10f74b2xb0
416491505022,11,416.491.5050 ext. 22,_:n43357c23d12646b6955b6a08e562ec85xb0 | _:n83da4ebf55a242cc9a749031d16c1cc0xb0 | _:nfa6ff046a35c41649394620ea54d2699xb0 | _:nd204c405ae05412b8d6e8d7db5d786a6xb0 | _:n559332b5b52d4b1c828884b5a7dc009exb0
8335540603,11,833-554-0603,_:n8f7758da11594cb19cf1de462defdb58xb3 | _:n8d04906728c947d48c0a4b5986642b06xb5 | _:n26a9d0c768ef43f390f2b4a2a168f7b6xb5 | _:n05d78648a4494e379212315e13fded4exb3 | _:n0dd83e1b1dcf42889db385d9c823e718xb3
+12104363126,10,+1-210-436-3126,_:node1ifg69uqdx236915 | _:node1ifg5vbf2x210666 | _:node1ifg4tc91x217887 | _:node1ifg8ab5fx2673761 | _:node1iffv0v7tx2769731
+12143781500,10,+1-214-378-1500,_:n14c42daf06184521a8652fb172640debxb0 | _:n7ea3615010494569811d8f4611598f98xb0 | _:nadaa598d672a4d63ba7dbe1d7a75ae78xb0 | _:n4654346b903e40e69870e173aef73f9bxb0 | _:n3b2d73a119e4410dab14c21ba7e367afxb0
+18552300555,10,+1-855-230-0555,<http://enjtgm.calgaryapp.com/> | <http://pa3.casasboricua.com/> | <http://khlpat.cjwl365.net/> | <http://xjogcu.game7722.com/> | <http://goqw.letaoyizs.com/>
+4401524594150,10,\r\n            +44 (0)1524 594150\r\n        ,_:node1ifdi8021x4520955 | _:node1iffoicjux7405489 | _:node1iffuttjsx7194874 | _:node1ifgc6vojx4862726 | _:node1ifdi826nx2093496
+441162522522,10,+44 (116) 252 2522 | +44 116 252 2522,_:n043abcd42531448098e36d49cc1807a8xb0 | _:node1ifepnagkx2310219 | _:n721b355937c740518bbda2d04049edd4xb0 | _:node1iffvo6chx7350401 | _:n4b5dc84d3e8c4c5a8ee90bd00798855bxb0
+441213315000,10,+44 (121) 331 5000 | +44 121 331 5000,_:n14dfe3972db245d989f058a7f6767c3dxb0 | _:node1iferntdcx4795663 | _:n61338538c4064d3c938961fcaf5b07dcxb0 | _:node1ife3r7avx57392344 | _:n604b2ca42fef4d2a96090871077382eaxb0
+493641401000,10,+493641401000,_:n8a14d81c58a442efa292bda94988afeaxb0 | _:n157f738599e1483eb36a393a7f7b8f7exb0 | _:ncf3902c02045425b819764e03e272bfdxb0 | _:n269a85f6ddbc449a94650537a1e439e7xb0 | _:n41e46958ca2744449b9f88544eaa8939xb0
+56229771652,10,+56 229771652 | +56229771652,_:node1ifebbtbax13473140 | _:node1ife5c7jax25810535 | _:node1ifed7udcx3618372 | _:node1ifefbnsex1112860 | _:node1ifec7q4dx8585743
+919560307105,10,+91 9560307105,_:n2e26729325e64fdc8a22a0969ad75067xb0 | _:n74276fea2fa54667975631a70f891ae6xb0 | _:n0429072e888a4ccb9b745732bd832caexb0 | _:ndec8702f25d54c36a784d9b18461b5d0xb0 | _:nb893de59a4114a21858b7e94f6afef54xb0
02228035200,10,02228035200,_:n25a86201b4904891b8a46b2d6c27ae80xb0 | _:neba08b201cdc4c4f93a4e29a2a297e77xb0 | _:n284c84926a40479b8db23743734bb60exb0 | _:nf121c6c1d35347d7b4ddd4b3973cfc93xb0 | _:n8b731e64f9114773be2c7803e2713783xb0
0338146936,10,03-3814-6936,_:n359f9f75657740f093931759100e2a37xb0 | _:n61c82f7014fe486690deab7f90ed8877xb0 | _:n2563876d395243808ff43336801235e8xb0 | _:n947e74f1e50541938c8836dd2afeb257xb0 | _:nd152ac4fe48f43bb8365875350b8a604xb0
2024443400,10,Phone: 202-444-3400,_:node1ifernimlx3698219 | _:node1ifelpuhux13465210 | _:node1ifernranx1323230 | _:node1ifenc53ex13797803 | _:node1ifenc8l0x8698454
2026873726,10,Phone: 202-687-3726,_:node1ifd4q3rfx10462449 | _:node1ifd0kj71x12744439 | _:node1ifd4prsrx10428694 | _:node1ifd3s637x3056123 | _:node1ifd0kbemx20641643
2026877136,10,Phone: 202-687-7136,_:node1ifepnar9x3215617 | _:node1iferni4rx864615 | _:node1ifenc7qsx15852292 | _:node1ifelq264x15612334 | _:node1ifefhh10x33158194
51484824243,10,"514-848-2424, ext. 3",_:na0069bc4a91e4d20aa306c2aa7e6c457xb3 | _:n70d57bdf36394be4a6838ea8f7e4fe89xb0 | _:nd56a1d74862449518c013dad26d8868fxb0 | _:nea1441edfc2144f98f28e5642adde2acxb0 | _:nc0d9a6dd49874c7db603994a7ea54ecbxb0
5192533000,10, (519) 253-3000 ext.,_:n54486e2e3dcd4d869b39bb7ca2308346xb0 | _:na99676cc352644fbbb4897eacade215cxb0 | _:n8a82a47086b740ebbe3fed8e0376d9a2xb0 | _:n0a4e8fc3e8434d70a9b61d8978218781xb0 | _:nb136bc22ddaf41a794721acb91e55639xb0
8586354357,10,858-635-4357,<http://dcdhox.b7bys.com/campus-locations/san-diego> | <http://www.0786cj.com/campus-locations/san-diego> | <http://qggnsb.espoirholic.com/campus-locations/san-diego> | <https://www.alliant.edu/campus-locations/san-diego> | <http://niaybl.twhz.net/campus-locations/san-diego>
+12059291000,9,+1 (205) 929-1000,<https://www.miles.edu/@milescollege> | <https://www.miles.edu/admissions-aid-admitted-students/@milescollege> | <https://www.miles.edu/departments-programs/@milescollege> | <https://www.miles.edu/news/@milescollege> | <https://www.miles.edu/person/@milescollege>
+14122682000,9,+1-412-268-2000,<http://www.adelinebathchoice.net/news> | _:n49e1f0b0d4434aec914902ce9dac0334xb0 | _:n58efa945f5294e4e9af7b3be2dc43d05xb0 | _:n3dd371fbe2fe40fdb2f5df6447587aa5xb0 | _:nf83ced2684c14bd5ba11d32c17b48249xb0
+4402084115555,9,+44 (0)20 8411 5555,_:n41d660a02d234d15980235a750477a5dxb0 | _:n223a3b51c5f04193a8f625c26b5a7ca5xb0 | _:n475742adef824ac2ad3f227cf1e1bccaxb0 | _:na8099f991e9b416989f15abc60564892xb0 | _:na18ba2dd53034dc58e8d9401f30b857dxb0
+442083923000,9,+44 (20) 8392 3000 | +44 20 8392 3000,_:n9d18dd9e1b8443b68d676c044113d5ebxb0 | _:node1ifd4q0hix9932348 | _:nf2462e8ee9944e758583c84a23521c5exb0 | _:node1iffutp1dx24579775 | _:n09df85b3b9594eb5ac94995bd2dc4bf5xb0
+442084179000,9,+44 (20) 8417 9000 | +44 20 8417 9000,_:nd7e73fcc6aee41adba86059d85f6221exb0 | _:node1ifdnm95bx4747738 | _:node1iff9in4jx2389973 | _:node1iff0r15cx63969654 | _:node1iff0qo48x31588135
+442920416070,9,+44 (29) 2041 6070 | +44 29 2041 6070,_:n2a433e6bfd5a4dd3a843011a1e747ed1xb0 | _:node1ifev9te9x19673335 | _:nf38aeee0df8a412d91762e0bfabab928xb0 | _:node1ifd4ptf1x9761804 | _:node1iffc2296x10001588
+443455760101,9,+44 345 576 0101,_:node1iffutj8px19580362 | _:node1ifd0tb8tx22205227 | _:node1iffdmjlbx4832348 | _:node1ifdmh4f9x9636747 | _:node1ifev9te9x39406161
+4934197108,9,+4934197108,_:n64e3eb3136964d93a67f84c4697dbcf2xb0 | _:n3b3683ffcb8748739404a76c4b98ec18xb0 | _:n248f946cdd9f407c9c1037446aa6c8c0xb0 | _:n7078c9f5a79e4d9aa54d604992e8264exb0 | _:n73b878a35b7a4334b0b2d850c01ba62fxb0
+61296859280,9,+61 2 9685 9280,_:n14c5491c81994b7581468123a8efe658xb0 | _:n2016de11b2b04bb0b6703160025329e2xb0 | _:n56b508e7df9d46d4bce0283079f7bb5axb0 | _:na65f743ddfbf44b7b3791c06c59b2aa7xb0 | _:n95610a9df6dc4cc2a6bcc015ce9b13a6xb0
+61298507346,9,+61 2 9850 7346,_:n2b13f1c7552a4490bf8e3265df63abf6xb0 | _:n7b3189426ee1464792f8e29beda50ec8xb0 | _:n59cda19ae32f4bf4b27f984f613b445exb0 | _:n716013e5dd7c4a178fdbaba15749286axb0 | _:n284411c462f2497ca07e7a62b4adadf4xb0
+74951113858,9,+7 (495) 111-38-58,_:node1ifgbrrm1x1527702 | _:node1ifg4slpjx19422448 | _:node1ifg4slpjx19422449 | _:node1ifgbasbpx2766458 | _:node1ifgbasbpx2766459
+918645931111,9,+918645931111,_:n2cc4b152c33b4749998128a8a76578c5xb0 | _:n7708c62eac114de9bbefd5d0da2014caxb0 | _:n832b41b1eb514a9f85aa21cb28a88f1fxb0 | _:n18a25e1553b644f5bf5ccadb59c92b1fxb0 | _:nc7a7d439f0ab45c8bb2259afc2a78005xb0
01223333308,9,01223 333308,_:n2c9aeaed86854286bbd2c428c9e5c592xb0 | _:nff7bcfd3d88440a68c8eb8a0bdd2b4c5xb0 | _:n3d5dc1a13d8d4cbbafc34f1a6318b641xb0 | _:ne6467e95e7034df09a0deb78579c4badxb0 | _:n4002dd9c28264f43b293494a84a86ee1xb0
0332034333,9,03-3203-4333,_:na4532723f0d74bc28cfb4dd460179dc4xb0 | _:n3cd71d7253a5488fa2151c56086687ccxb0 | _:na4214c8882fc4c21858cb685ceaeb07exb0 | _:n8a10dfa6384f4341bcdfb4d56465e214xb0 | _:n436872724a004c12baa5c4f52640edcbxb0
0663005767,9,06-6300-5767,_:n1c4ec9c9d243457d964a0dd06a927da6xb0 | _:nac8f3ab759ca499eb35a2da1cdb6df36xb0 | _:n45157e25e9b54bf68df250cd6f6b4e09xb0 | _:n1b0193e68e174b0cafc874efdf1bfa10xb0 | _:n218e93ef5226409da1c09c76f5ec7896xb0
0757537531,9,075-753-7531,_:ne9b113d23bb6478f8d39a69fab0b21f1xb0 | _:n9668d39bc1534a7493912f38e4a63ddfxb0 | _:n8b1ec566811848b38ded260544a73a9exb0 | _:nc60085dd4e464a13b1a2cf66892ce5bbxb0 | _:n1209cc9f32594bed8187ade06b79de28xb0
092432004,9,09 243 20 04,<https://hogent-shop.be/www.hogent-shop.be#creator> | <https://hogent-shop.be/aanbod/gadgets/www.hogent-shop.be#creator> | <https://hogent-shop.be/aanbod/geschenken/www.hogent-shop.be#creator> | <https://hogent-shop.be/aanbod/kledij/petten/www.hogent-shop.be#creator> | <https://hogent-shop.be/aanbod/kledij/sokken/www.hogent-shop.be#creator>
18004196655,9,18004196655,_:nada1bfde5da7441fa38f80842b558a3cxb0 | _:n7cef80d279504f4fb409ba58dcbea55bxb0 | _:ne863c818f1e445a9ab440b92aa8ab100xb0 | _:n7c847eab1a51424da9fdb653f8014241xb0 | _:nededfa3efddc4ca7b8b58c63f3223382xb0
18888434333,9,1 888 843-4333,_:node1ifflftipx5301203 | _:node1ifflmpmix327638 | _:node1ifdmt7k8x2425699 | _:node1ifdmtdrqx12028703 | _:node1ife776jmx32701628
2012163679,9,201.216.3679,_:n0461ee28db13427696056fd49d45f339xb0 | _:n8ed000e5ec6d4771b7bcdfa332b59fb3xb0 | _:ne0c47cd736ab4489b40b5accccf6cab7xb0 | _:n5a3c17fcd3f64b83ad5942aeb2f48dc1xb0 | _:n3a9badb665ff404cacef388472811e60xb0
2026873730,9,Phone: 202-687-3730,_:node1ifg2hk91x1173037 | _:node1ifg57qt9x1196616 | _:node1iffv194ex8882565 | _:node1iffv1674x8704484 | _:node1ifg57pb5x3574271
2026877023,9,Phone: 202-687-7023,_:node1ifdgoahex6206516 | _:node1ifdirsu5x1306088 | _:node1ifdh8jkox3760563 | _:node1ifd6l9tmx30474060 | _:node1ifdirsu5x1321871
2034329004,9,(203) 432-9004,_:n909222afe2204dffadc316f9e38f4199xb0 | _:n878b1df693944c7eaa0ed3df2b993ca2xb0 | _:n710b7941f54f42ef960bd69c79cc7611xb0 | _:n11e8aa306a024b67b67f2f831e79ef02xb0 | _:na31f086d092b4c268578a8b550e03a4axb0
2039327475,9,2039327475 | 203 932 7475,_:n94b0d4b8dc194e20a72b0f17a64cae63xb0 | _:n3c9177ca83274642a417a831aeff9de7xb0 | _:n90594e8077054bf4bf3e946aa200ad60xb0 | _:nda47c939589a4a1dade4def6c5bbb183xb0 | _:n7e375da2fc1b43978197d4a589731ab3xb3
2104850099,9, (210) 485-0099,_:node1ife8e9ijx13352041 | _:node1ife8e9ijx13352045 | _:node1ifdmh00nx13137045 | _:node1ifdmh00nx13137047 | _:node1ifdmh00nx13137050
3123246002,9,312-324-6002,_:nb1b35ff8cba34166bb97c629453cdc10xb3 | _:neb5c5fe45e1a432eb7d602e5c276ab07xb3 | _:n1710972b442443b8a0bdd1fca584cc52xb3 | _:n937b101f68494368803f2515a111e196xb3 | _:nb51ea5d87bc14e29b7376fc50767c8baxb4
3125673020,9,3125673020,_:ne7b5a11975934f7bb81ab57b5c73e947xb3 | _:n1085232941a94a178f70a3e4eefb9daexb0 | _:n33da50851cc24c33b92b54389609b880xb0 | _:n3e69f32a9c394ad0a8bc4c5911d3a2c7xb0 | _:nb80177fe32034c0bb72eacba32a49662xb0
3375374465,9,337-537-4465,_:nca171f352bb94c119e3210a124d23612xb0 | _:n12602ac63a1d47219699a842a3466ff0xb0 | _:n9e020a86b1b343cb95497ac17c0aff7fxb0 | _:nc5c287577fd54fb980b48df3cc685af1xb0 | _:ne12adbc8371847648e79e0fb19e9a38dxb0
4159552100,9,415-955-2100,<http://dcdhox.b7bys.com/campus-locations/san-francisco> | <http://www.0786cj.com/campus-locations/san-francisco> | <https://www.alliant.edu/campus-locations/san-francisco> | <http://niaybl.twhz.net/campus-locations/san-francisco> | <http://wcyfmo.yestarfilm.com/campus-locations/san-francisco>
5108852880,9,(510) 885-2880,_:n6045adc91eb84bdea8d945a21f6aa2cdxb0 | _:n88f543c8b74e46f5b9ae78ff51a0674fxb0 | _:ne276c71b1d8c45008b30ab303f8f6747xb0 | _:ndaf53a1c6c0944a8b680f9a524b64d6bxb0 | _:nf5265dbc128a431381d987ca09cfbb20xb0
5196612111,9,5196612111,_:nbc9380b34880409e9b1c771a18964848xb0 | _:nd3fa5b652af34d0b98ce43d96fdcf322xb3 | _:n98ed031626e3467cbd3e108b01777e7exb3 | _:n0b4523b7e9b84cae8b3c1d73c03ad351xb0 | _:n36e8a1406b4c46f0882564a1dba4c46axb0
5198244120,9,5198244120 | 519-824-4120,_:nbad6c04c807a47c8bc441d747098b9ddxb0 | _:nd7d183329cc44909ad148f61bad7d078xb3 | _:nd60e771726f24509802d9c58a4cfefa3xb0 | _:n85cae60a25c14a4aa13f021609575c5axb0 | _:nfd520119c0ab40ef83acbc54b77588f8xb0
61733651111,9,61 7 3365 1111,_:nf1d4f01f34a14bfca7a0460bc2fd5cabxb0 | _:n795765eab37c49c7aa482cc2a31981bdxb0 | _:n6e28258d5d294cb2bafc9864c6a8bb9bxb0 | _:n4235f0ab74964fed964310fbce370170xb0 | _:nb88b07274e0f44989c4c9a8a598ba061xb0
8004878839,9,(800) 487-8839,_:n4fc57ac8608940e88e5b7bbf05a01faexb0 | _:n17f22339c3d24fb586e7fa8699ce4f85xb0 | _:n069a3b9fc8b74f7cb24a55add87f6753xb0 | _:nc03b97ccb3bd4bddaa0f546f77c401b4xb0 | _:n002ad00ab8c74edf8ef4ce19dac32fd7xb0
9498332651,9,949-833-2651,<http://dcdhox.b7bys.com/campus-locations/irvine> | <http://www.0786cj.com/campus-locations/irvine> | <http://qggnsb.espoirholic.com/campus-locations/irvine> | <http://niaybl.twhz.net/campus-locations/irvine> | <http://wcyfmo.yestarfilm.com/campus-locations/irvine>
963748552601441660,9,96 374 85 52 · 601 44 16 60,_:node1ifd6l59kx12240483 | _:node1ifd45j53x15222614 | _:node1ifd4q291x14727148 | _:node1ifd0q3gqx24229434 | _:node1ifd0q3gqx24229436
+4401524592465592463,8,\r\n            +44 (0) 1524 592465 or 592463\r\n        ,_:node1ife18bdix9230077 | _:node1iffma0erx4350481 | _:node1ifernim9x36725334 | _:node1ife3qspfx4477964 | _:node1iffua4e8x24151922
+4401582489785,8,+44(0) 1582 489785,_:na1932425b4a24839b64a50f0381100dfxb0 | _:n4717825f281c414082439db07b703ff5xb0 | _:nfd7d200379af4f20803ae451e97e724fxb0 | _:n07f8d891336249e4b2b662663ffaf1fcxb0 | _:nf581c13b35c24eae9cc05e953381f417xb0
+4402088190100,8,+44 (0)208 819 0100,_:n9881ce21cce844aea415b5edb2d80efdxb0 | _:ne225f68e87234d69979b19ac2f2bed7fxb0 | _:nf81df121bc164691bde0294c05eae42cxb0 | _:n632589d8a8204d76a1883b1b9d65acd6xb0 | _:n57bdeaa60dc94e19a6ec5acf3edeb466xb0
+441224272000,8,+441224272000 | +44 1224 272000 | +44 (1224) 272 000,_:nae302e525fe84effa7ed8841973781ebxb0 | _:node1iffviebvx2321398 | _:node1iff0r15cx29208618 | _:node1ife2l669x7173591 | _:n819d971c0176444b988f06f7e153c937xb0
+441517942000,8,+44 151 794 2000,_:node1ifg62dikx2294985 | _:node1ifev9t7dx27486380 | _:node1iffspkugx14705220 | _:node1iffbea9hx7291050 | _:node1iff48efex9764142
+441522882000,8,+44 (1522) 882 000 | +44 1522 882000,_:n6d14fb45c6ee447885022e2afe337aa3xb0 | _:node1ifdq5m02x2304959 | _:node1ifd2m07cx9783603 | _:nbce32b8cf0db45b69f679a8be45984e2xb0 | _:node1iff1n542x9909469
+442076316000,8,+442076316000 | +44 20 7631 6000,_:n39f7f2446aff445fbc70e165e188a979xb0 | _:node1ifduaaijx7203798 | _:node1ifdtq23ox34088130 | _:node1ifdrtp04x22155649 | _:node1ife8p7pqx10027897
+49895476780,8,+49 89 5476780,_:n4034fc82c38c4b91aeb9e2ebb7650acbxb0 | _:n65ec5fab8db943719a02b0b67880069cxb0 | _:n9489a5a0f91b4f55b3580422d9d9af50xb0 | _:nc2d2bd82e69f4a48a46acbb7c1ce8150xb2 | _:n612a285dd4bd4339a70d4dc72ddd999fxb2
+61261255594,8,+61 2 6125 5594,_:nee7287a27e264bd2830a59928ad04176xb0 | _:nc178ce41fc254a848065274c960de082xb0 | _:nee84ce05b8b54258bb2fd5c7501e958exb0 | _:n1da70d12f32541198cf5785af99d5aa3xb0 | _:n979cf8c4427642f0b23c74e5466c1c97xb0
+61288060230,8,+61 2 8806 0230,_:n6c13bbd009a84e3c8ce580ed97acf7b3xb0 | _:n1e854bdadc19440c84de2bb0846951dbxb0 | _:n4fee39cab6d6469990384dfb5aa44142xb0 | _:n9d882f75bda742e69d6bc7a12f8ca4f9xb0 | _:n1830abcc957c45c2ab2417ce8e5a8e2dxb0
+6449202505,8,+64 4 920 2505,_:n4c0ec955354c448096d65e2295d4b50bxb0 | _:n68edc5f18f5840b5b0ba41af4808ae09xb0 | _:n9ab09ef78ac1433b8b2f3d6b667f7ad5xb0 | _:n87b1fe1f318d4f478b4872237a88f867xb0 | _:n902378427eca41ea884128e82b8b1c6cxb0
+912066036700,8,+91-20-66036700,<https://www.pibm.in/CollegeOrUniversity> | _:n22912d42a4f34be88208279c48a8b051xb0 | _:n6f8cc93f30a940a2b62af3240e9694fbxb0 | <https://pibmglobal.com/CollegeOrUniversity> | _:nf96fd0ce460a4698ba507b16bf79fe72xb0
+917350151515,8,+ 91 7350151515,_:n9b08ea756602454db19a889ddd3b0a73xb0 | _:nd184dd85d1d8470d8ecca1bf7a1747bbxb0 | _:n8dc5769f1f9d4ef2a5c4c7bb47316aaaxb0 | _:n3ecffd0f3b144ec6ae24f7932a56267bxb0 | _:na812502a24bc4ea69251ded6a4a8aa8axb0
+919903258812,8,+91 99032 58812,_:nba84962963db49069c4bce593c0beee9xb0 | _:n8aa0946d27304d8fbeb67f4b25872498xb0 | _:nd17359d50c684fc1971fd456ea32572fxb0 | _:n143d3b994c7b475dab32b14ca6bc2e71xb0 | _:nd00cde7c775743de96d8ab4e73bec646xb0
0352758132,8,03-5275-8132,_:n3d04eef945524f58b4c4bb2fc89b36c3xb0 | _:n88b7522081844c03b7642870cb18fa5dxb0 | _:n44e9038abe784c54bc8eb90ef326d5a6xb0 | _:n9524bf56c479415d820e837b4d0fa389xb0 | _:n0fb85d424f3b4a639225474e62a74607xb0
0525898488,8,052-589-8488,_:n43911f723836408c86fb883bc5ef7e0axb0 | _:n06cae1c40ed74360aaf5f9d84426ea14xb0 | _:n36c614ee979a4bb4ad0b8e434b330fc9xb0 | _:n91580a9c62c647a19e8a832b59ca2360xb0 | _:na80f37f8a23a4aa7968c7ea29db18147xb0
0663671261,8,06-6367-1261,_:ncb32050b55d2472abfe7221b0516ebc7xb0 | _:ndf18126565884d84900fa001cba666dexb0 | _:n0ff386aa15cd471db2e82072687c661axb0 | _:nb6a6f780dfaa4aaf95c7f133e46e5610xb0 | _:na8187a2f977f4f0f9cb97e7c88107f11xb0
07712970617,8,07712970617 | 0771-2970617,_:n2e796622b22943beb5db9460555ee372xb0 | _:n9cf4299a42444af19923a2d521331627xb2 | _:n3e7c68c1e215431dbc5d3461f30ee95exb2 | _:n6d82d65befa94510af65c788e7f29285xb0 | _:n768c2639c9e14931ab0b42ac841dc607xb0
2024440924,8,Phone: 202-444-0924,_:node1ifdbnakpx15466788 | _:node1ifdcf2mux13145202 | _:node1ifdgvvtgx3018861 | _:node1ifdgoe30x537578 | _:node1ifdhe8m0x558224
2026871395,8,Phone: 202-687-1395,_:node1ifenc3u3x1045244 | _:node1ifenduqtx6049809 | _:node1ifencamgx6135466 | _:node1ifelq5n1x3474337 | _:node1ifenc6gjx1090374
2026872150,8,Phone: 202-687-2150,_:node1iff0qrikx3174368 | _:node1iff0qr8ax752605 | _:node1ifernlg7x15438982 | _:node1ifepn4mbx20486694 | _:node1iff0qu5cx721384
2026872708,8,Phone: 202-687-2708,_:node1ifdq5fm4x4020457 | _:node1ifdq5mn9x4095563 | _:node1ifdq5j41x1544199 | _:node1ifdnm0pgx1555398 | _:node1ifdn15i8x4136089
2026872736,8,Phone: 202-687-2736,_:node1ifd0rkdmx457889 | _:node1ifd0kkf2x2779714 | _:node1ifd0ke6cx2964553 | _:node1ifd0kauix2903463 | _:node1ifd0kh5sx2831808
2026875138,8,Phone: 202-687-5138,_:node1ifed77imx56405825 | _:node1iff0qmv6x10736094 | _:node1ife77d55x77380241 | _:node1iff1n1ibx1095170 | _:node1iff1n52vx8509257
2026877340,8,Phone: 202-687-7340,_:node1ifeetri3x20636249 | _:node1ife4k0dvx48079770 | _:node1ifehbmvsx13364234 | _:node1ifebbknix30325454 | _:node1ifekl083x4039764
2158987507,8,(215) 898-7507,_:n557b99c5ab354954974a6b5d9333b637xb0 | _:na60cf58f900744bd87b0c56e39caf5b2xb0 | _:n0fa3748e8d564b22bc94bbcdf79f1796xb0 | _:n7aaf3b9114644cad8c35c559ca97aeacxb0 | _:n5e6162af0048405b9e5ff32a7d4728eexb0
4402078483388,8,44 (0) 2078483388,_:ne19af829559b4b25805654352c60b422xb0 | _:n0cc23f7c89024f04ad53e41cce93d964xb0 | _:n4e5a07abeb2a4fce9e8bbdf8a19d1437xb3 | _:n061eaf771d384029aa3c174c74e08165xb0 | _:n8cabc43f2ae54e8ea5492c49200a01a2xb0
442036082401,8,44 20 3608 2401,_:node1iffv152lx7280117 | _:node1ifencfsix44233026 | _:node1iffsem4vx2370948 | _:node1ifd0kemsx15288290 | _:node1iffv0t5mx12374189
5089998604,8,508.999.8604,_:n01b382bb7c984f0dbc017cfca20b2ca9xb0 | _:n3c384347568f409eb53f04a62daa93f0xb0 | _:n9e3c8f110e61494cb85ba7e915059327xb0 | _:n8550a9c3821f49489f62a8f5e303a2aaxb0 | _:n2d5dfcfc32bf47e19089a46fb90d7c57xb0
5594562777,8,559-456-2777,<http://dcdhox.b7bys.com/campus-locations/fresno> | <http://qggnsb.espoirholic.com/campus-locations/fresno> | <https://www.alliant.edu/campus-locations/fresno> | <http://niaybl.twhz.net/campus-locations/fresno> | <http://wcyfmo.yestarfilm.com/campus-locations/fresno>
6082622433,8,608-262-2433,_:n5a817ec2e0594ce2b317463f6b7966f9xb0 | _:nbcf4d1aa350749099be56a73fc409cf5xb0 | _:nbb04588c4b2842229a487013c0e24364xb0 | _:n3e7ec5f398a749faa6740b4274cc1af9xb0 | _:nfb563842befc412c979758b756eab1ecxb0
6262842777,8,626-284-2777,<http://dcdhox.b7bys.com/campus-locations/los-angeles> | <http://qggnsb.espoirholic.com/campus-locations/los-angeles> | <https://www.alliant.edu/campus-locations/los-angeles> | <http://niaybl.twhz.net/campus-locations/los-angeles> | <http://wcyfmo.yestarfilm.com/campus-locations/los-angeles>
7009749103,8,7009749103,_:n80a7b2cbcc644fe2a7b8aafbf9d7751dxb0 | _:nb2373f0001204987a3707d98ec32dc06xb0 | _:n99b5aec481c24dfeb97b7e796c7696c9xb0 | _:n2ffe5cfa352e47ceb1747e38c6dcb96bxb0 | _:n7841fe75c0cd427ba4a6d2f89f37a7aaxb0
7054747600,8,7054747600 | 705.474.7600 | 705 474 7600,_:n381e6cb594f846cfbb5a15257254f5baxb0 | _:nbd86c48e540a48a7a3bb1ba48be0db5bxb0 | _:n1683ab4de3b24e61a97f3a8d7e077a49xb0 | _:nc60b47e23370450eb045b2faf6d557dcxb0 | _:n360a345ae6e540c5b926b6b2c51c569bxb0
7098648000,8,709-864-8000,_:n5f0ddb7a0d1c4857871265850a582ae4xb0 | _:n80161ffc878242839ec73429bf480c04xb0 | _:na97846d9aeb9408b908ebcc697bac842xb0 | _:nfa9de193925248228460c37564b9311cxb0 | _:n31c584843bea4425b49761623f532474xb0
9024575982,8,(902) 457 5982,_:n1c14d83e1f8b4ee28672134158889e45xb0 | _:nd32afc85f3a046dbb6d1e837098473a9xb0 | _:n1e5b84f047034f2f9a5b4260f6fe3895xb0 | _:n45e014024c784cfebe088886a82cf506xb0 | _:n2acbb9489bac454fb3ad9faac3bce6b0xb0
+3226293453,7,+32 2 629 34 53,<https://www.b-phot.org/www.b-phot.org#identity> | <https://www.b-phot.org/alumni/www.b-phot.org#identity> | <https://www.b-phot.org/education/student-life/student-stories/www.b-phot.org#identity> | <https://www.b-phot.org/innovation/www.b-phot.org#identity> | <https://www.b-phot.org/news/www.b-phot.org#identity>
+353214335453,7,+353 21 4335453,_:na972a9d8aab84186aaa90eee9e23d748xb0 | _:n3bf01338b2fa4f40b72ed5cceb3f0aadxb0 | _:n7a3566fbd06141819cc865ef6c894759xb0 | _:ndd5e85fff3f94fabae0fde4573cb17a6xb0 | _:n6bb48a6d072045d581916473b9f34432xb0
+38118529105,7,+381-18-529-105,_:node1iffgg37tx4800718 | _:node1ifdcf2mux29819351 | _:node1ifd0kblvx2137939 | _:node1iff9ijtax22044020 | _:node1ifd3sebux44167185
+38169770635,7,+381 69 770 635,_:node1ifdhdvvgx9422315 | _:node1iff53ok5x12826202 | _:node1ifd0ki4dx2144477 | _:node1ifdgf4nfx9541693 | _:node1iff3jbcfx31636281
+4401865270000,7,+44 (0) 1865 270 000 | +44 01865 270000,_:node1ifd0kkm5x2317112 | _:node1ifelqb5ox4882561 | _:n0de57dfb2c834f0c8cc967852b4b66aaxb0 | _:n88fb0094266b4ff8b379780c8ae38bfaxb0 | _:n8096c62432c54cb4939f908298a0146cxb0
+441227767700,7,+44 1227 767700 | +44 (1227) 767 700,_:node1iffv1674x5283617 | _:nd5da338726d74498b0f95213377a83a2xb0 | _:node1iffv1drux7244452 | _:n7de1fe06b92a42ffbb8ff59c29e9ef2dxb0 | _:node1iffv1857x12121865
+441332590500,7,+44 1332 590500,_:node1iff1n3hkx12404887 | _:node1ifduapfix9908045 | _:node1ifef1fl1x39852350 | _:node1ifd3s8vcx12332071 | _:node1ifdvi584x27187467
+441418483000,7,\r\n                            +44 (141) 848 3000\r\n                         | +44 141 848 3000 | +44 (141) 848 3000,_:node1ife5bsdlx11564414 | _:node1iff48kicx9922574 | _:n15448b6911e7462ebd697babc04a4c48xb0 | _:node1ifenc7s4x15162032 | _:n9a751059d2db41939021982d2d2755f0xb0
+441752636700,7,+44 1752 636700 | +44 (1752) 636 700,_:node1ifd0kbemx22476300 | _:node1ifd4cbhix5098789 | _:node1ifd0kam1x14801894 | _:n03b377f1a98443d1ae787a59134eeb8cxb0 | _:node1iff9iqqbx4793429
+441772201201,7,\r\n                            +44 (1772) 201 201\r\n                         | +44 1772 201201 | +44 (1772) 201 201,_:node1ife5bqlcx11462625 | _:node1ifg57saix4743919 | _:node1ifdtps67x14923380 | _:n32bcd0f1f1e3476b8ee9130fc6b2fe5exb0 | _:node1ife3rfdox70421629
+441905855000,7,+44 1905 855000,_:node1ife8phc4x7451234 | _:node1ifd3s8olx4917246 | _:node1iff0ucokx17020849 | _:node1ifd2m8j9x9775835 | _:node1ifd4glhcx4848654
+442076372388,7,\r\n                            +44 (20) 7637 2388\r\n                         | +44 (20) 7637 2388 | +44 20 7637 2388,_:node1ifevplt4x6808167 | _:nc300878e621c43f1b623d63160e29052xb0 | _:node1ifg9d3fux9074143 | _:n57086c61590243449a4a9db46bed3c6dxb0 | _:node1iferninex4995634
+618478407060,7,+61 8 478 407 060,_:nfb32be2b217c410c96d096bdb1f13630xb0 | _:n29c54d26f8da4c6ab14cb964d158fae4xb3 | _:n3ea0395528a546ee996a8b94eb76695dxb3 | _:ndb53b545892a49ef8ace9c996b7655aexb3 | _:na2576c9ead84444da036b8c75ff98038xb3
+6493737513,7,+64 9 373 7513,_:n1a2ab7eddc664a8195a7e7ee6f1bfeb6xb0 | _:n001fe33a8152458aaae5e960be1a180exb0 | _:n1a31a50b2180464893f16cc6d00d7154xb0 | _:n8f89dd23eab0458bbd4f38976446d5ebxb0 | _:n0989076286c244f0b641da13c0aa9b57xb0
+6493778118,7,+64 9 377-8118,_:n0cf9db08acc8477eaff9ec75ac68b189xb0 | _:nfab9b579109c400ca1dd047134223d12xb0 | _:neba281d6564a47eea6b42b13f2c227adxb0 | _:n403cbcea5a1d43438cf028591270396axb0 | _:n1ba7e4a490cc4f99a5f45910f273059cxb0
+6499219637,7,+64 9 921 9637,_:ndd5b4aefcf114f3b91d24180a51b8daaxb0 | _:nf6164d9c729d471190c38f1e1a136bc3xb0 | _:ned6a44211f5a4cdfaef948a89b060549xb0 | _:nef35daf2c72740c1b8ffb11e6007d463xb0 | _:nf35f380190a8483abf85e106b441d04axb0
+918198965848,7,+918198965848 | +91 81989 65848,_:n5962a1172f824d82a2c5e248d2e06b8dxb0 | _:n3eb85bd653644a23b5a0579c061a4d8dxb0 | _:naf4e14650e244815ae184044ba9d2c63xb0 | _:nfbcf9cd261ab4fef9a6b1d566c142b08xb0 | _:nd239fc89925f4a1aa60c47c6e3612213xb0
0214854000,7,021/485-4000,_:node1ifevbtamx24511239 | _:node1iff0qu5cx12092632 | _:node1ifd0kbogx2126780 | _:node1ife3rfdox42353306 | _:node1iff9j04px24325903
0227425680,7,022-742-5680,_:nf13406ca195e489c90784a6b024d2289xb0 | _:ne70c368359ac4bf7a328002ac5d33342xb0 | _:n2f2c0dacef2c4d789975b6a54b179979xb0 | _:n0593401fe72a43c49c68ddff18baa70cxb0 | _:n3ad8c38185834e18b230e041573abe21xb0
04422358491,7,044-22358491 | 04422358491,_:n5ce7068c758248de9cd5cc46f130db98xb0 | _:n98a8c54a36cd471182a8098bb747a7fcxb0 | _:n09ad9722b2d54a89b420a310f9d38ee0xb0 | _:nc37216ee774f4116ae347aa1041a917fxb0 | _:n8f7331e63b6b4f0cb611af395f1e3aeaxb0
0663540091,7,06-6354-0091,_:nf617d40d793f45e9b16e5eb563f65ba0xb0 | _:n0818f59c2db6498594acaf6dce8ad779xb0 | _:n9f49ae73c38347dcb0d04f0fe724a098xb0 | _:n2916698b7a484d6997bb955a48053211xb0 | _:n7caa233b24b64b5aac1da9dc46d73ee2xb0
07324274377273186,7,"07324-274377,273186",_:nd806c829837344e8ac4d68ccb36285adxb2 | _:nf03d0b33096d42f98bc44c378863172cxb2 | _:n7d75f8a1948140b7963de91d50cd9e37xb0 | _:n8307fe00b8444165890a593db5b11d36xb0 | _:n7063f740365d47f8b3d0ff5b81b91d26xb0
08026622130,7,08026622130,_:nb89e208b169849148e78397babe0e840xb0 | _:n7d0f692cb0874dd4bb31f7c5e49f7c0dxb0 | _:naa5f2e67e4394220a34deee91f8c6da3xb0 | _:n5bd0c43ee2d74433b3f9c9064b502ffdxb0 | _:n549b9ab51c83411494d3301cf01f3838xb0
0838244000,7,0838-24-4000,_:ne2420a472bd6404e95481bb04c09ba68xb0 | _:n4d9b066e265244f5ae854c55be422619xb0 | _:n239bad24a13a4560961c2c4b26735771xb0 | _:n063d4304c83d468c82f7e671372a06e3xb0 | _:n1c88f337a4b9433f820b51354ae2c6baxb0
19024205400,7,1-902-420-5400,_:na969c38a8d114c8a8fcaf29d7ab9582exb0 | _:n57467159c56649c7adf5b958a4e08068xb0 | _:nb4d407ef554c4923b85fcdbb5fb38079xb0 | _:n13982cfaa74f45c7a838983abbb9a894xb0 | _:n63cddaefccfd4428812b3c6ef0542551xb0
2026049985,7,Phone: 202-604-9985,_:node1ifghjajhx14521702 | _:node1iffekql1x1422712 | _:node1iffidjp1x3987391 | _:node1iffdmnenx3871535 | _:node1iff48ma6x21015896
2026871860,7,Phone: 202-687-1860,_:node1ifed7jjbx20796404 | _:node1ifelq318x8354401 | _:node1ife8icrbx35551920 | _:node1ifec7nndx27737680 | _:node1ifenc7s4x549292
2026874107,7,Phone: 202-687-4107,_:node1ifec7nvvx33501335 | _:node1ifepn4abx8709341 | _:node1ife4k0dvx52039019 | _:node1ifehbsikx23123837 | _:node1ifeffhqsx21105641
2044748880,7,204-474-8880University of Mani | 204-474-8880Universi,_:nd74f58531afb43f6acc00df80ed0c7abxb0 | _:n8fa10ddac82244f69737a48f5ae41dfdxb0 | _:n66004604b725418abbadd700ce0f664axb0 | _:nb7d1ab312e3b4661a22196a335af9ae3xb0 | _:n931ee856c7d14fa7bd2fb74487bf2f81xb0
2693875865,7,2693875865 | (269) 387-5865,_:nf71058a0d939485eb774cc177715a5fdxb0 | _:n88bd64a66f1646f2a636142fad615f7bxb0 | _:n1c40e831e9044e5dbce3c79716f6c662xb0 | _:n4478f1116b694e678a6bc2ec435f7a6axb0 | _:n5fab0cc0736e40f791416cc2445b145cxb0
3154432457,7,3154432457 | (315) 443-2457,_:n69a3f9aae9a3482d8e3a1356eda72861xb0 | _:n265d8908f661469ab43ac9c7af7b038dxb0 | _:ncf555d303ba44462a719b79718021ca0xb0 | _:nc39150cd7585406ebdf48c487125b002xb0 | _:n96cac771ce2f4fdcb3bc0819bf23da57xb0
3192552145,7,319-255-2145,_:n6c86c119fbab4e3693d274398795629fxb5 | _:n18233103d4784833ac4d54deaf94066axb5 | _:n76bd0d14e2c94b6e9031ab2c674c9b6cxb5 | _:n28d518ec6cc04b2a91b3607ad2763fddxb3 | _:na65a0fb4a09845dcb7c1bf2f64397e0cxb3
41051604934435291557,7,410-516-0493 Fax 443-529-1557,_:node1ifdbnbshx520319 | _:node1ifd0kje3x26721311 | _:node1ifdq5rr8x12966770 | _:node1ifernpe8x30543442 | _:node1ifed72kdx28137841
4142777331,7,414-277-7331,_:n42d32b377a014e72a821356ea6a02a01xb3 | _:n616599809dc74ec1a701db9c98c2f78fxb4 | _:nab435ba9b9d74fc8a30945b66286e278xb3 | _:n6d4180f0122c4ba2844594071de1e4aexb5 | _:ne9d2e31081fd4cba8df73b9de7491fd6xb5
4222685000,7,4222685000,_:n1f7a2d4cbd4b4fffa212b2e868206b2fxb0 | _:n2e32bad0a16c44f09c245c4277a740faxb0 | _:nf8a72c41271e480485e5bfeba52e11f4xb0 | _:n7afa93847e90438a97b8a610b030ad54xb0 | _:n414f57b0f4c7431baf1357f0e2b1d84bxb0
4346904941,7,434 690 49 41,<https://sic.gob.mx/ficha.php?table=centro_educacion&table_id=1116> | <https://sic.gob.mx/ficha.php?table=universidad&table_id=3945> | <https://sic.gob.mx/ficha.php?table=universidad&table_id=3952> | <https://sic.gob.mx/ficha.php?table=universidad&table_id=4042> | <https://sic.gob.mx/ficha.php?table=universidad&table_id=4045>
441273606755,7,44 1273 606755,_:node1ifg4s8m7x4808716 | _:node1ife77d55x76424818 | _:node1iffm9fhqx29472455 | _:node1ifd4ps0rx4952718 | _:node1ifg2gb9ox4848721
5629855555,7,562-985-5555,_:nacb536645fac439dac4b093fae405075xb0 | _:na568119c3ede4f2cbeff9fa928e24ad6xb0 | _:nac971149643645dd87fe7e13d275d9a0xb0 | _:n27194f40dc3c41deb2efc90863e82d52xb0 | _:ndf20e70764774e809259cb813a39b6c7xb0
6106483200,7,610-648-3200,_:n0ed94e7d64b941cabcdeba62f192b7b8xb0 | _:n67e0c8a9cde04d7fa588f486a3b34edaxb0 | _:n917ad36a9293419ba576c955962ab595xb0 | _:n39f57866bd064865b269c15a5c08179fxb0 | _:n1fc58da090da4df986461ac9e5499c9bxb0
9165652955,7,916-565-2955,<http://dcdhox.b7bys.com/campus-locations/sacramento> | <http://www.0786cj.com/campus-locations/sacramento> | <http://niaybl.twhz.net/campus-locations/sacramento> | <http://wcyfmo.yestarfilm.com/campus-locations/sacramento> | <http://uninked.applicazionipercentriestetici.com/campus-locations/sacramento>
9564733330,7,9564733330,_:n8e19102641a34184b8271b682cc35b20xb1 | _:n6376b8fefd7b4d9fb70e62e1ff21153exb1 | _:n3cae75a72a2c4216a3ddf7926303a2bfxb1 | _:ne1891ee31f9241bcb5a3ae9ba8e107d2xb1 | _:n6f749a4e53cc4daf94da4ddb679f4bd7xb1
+12104363011,6,+1-210-436-3011,_:node1ifdsq01cx5024146 | _:node1ifd3sa41x24774861 | _:node1iff0qvkmx7417084 | _:node1ifernkapx104713 | _:node1ifernljgx79716
+19024942450,6,+1 (902) 494-2450,_:na5580659142246139d9d43f2eb9dcb94xb3 | _:nfbab9a291603497ba65f911ca080f0c3xb0 | _:n5485a10f5285449895ccf8df7937c546xb0 | _:nea27b263effc4bd0bb56e4bb46b14e36xb0 | _:ne6467929f03e44adb3c0770eb5f4de7bxb0
+19548707359,6,+1 (954) 870-7359,_:nfd356fdea09d4a8b9118e35ab698ecbcxb0 | _:nfe7156a3a024441a9d622be31ef8af33xb0 | _:n869763e977be4b00ae12384bc82ee71dxb0 | _:n264061fb233a40468c40a02a2f907054xb0 | _:n895bcf6d0f8f4aca9284babb0fe52b1axb0
+19897744000,6,+19897744000,_:n4eef2b6216734e5bada438d709d325b5xb0 | _:n77e54e61c79645698bd95899f487398bxb0 | _:nb4f7b1c1bcc44e31a09ddacb945d172cxb0 | _:nd2047955a68c4393bc53ac74bea01a0axb0 | _:ne593ed9029864d829de21baf1dacbadfxb0
+233240638959,6,+233240638959,_:n085c6753a2bc4f0686395b80f2791f19xb0 | _:nabe00085b2de4a65a26d67ecd6ce66d9xb0 | _:nee2912c3ac3247a3a06ee3b7bba35d2exb0 | _:nf19728f879f7474a87fcdee0da31d724xb0 | _:nd9063f07d35c4c62a7680f4a82dcfeecxb0
+31302537000,6,+31 30 253 70 00,_:n902ac7884b3149e0becf8d9bb4b0556axb0 | _:n7817da648b214f138f3cb0faeb0dfd5exb0 | _:n29dedf78d4d4470eb436cda4c7059285xb0 | _:nde73f654452e486cbdbdee5287a45388xb0 | _:ne4fc853ff9724c7f8cbd6b3619d8b1a3xb0
+4401612752196,6,+44 (0) 161 275 2196,_:n86180c05e0874088a3c8100a3edd003bxb0 | _:ne6b8995938494098bc62c5047064bcfdxb0 | _:n3fbf75354ff043098b7519e11fed0149xb0 | _:n1b03f3074695414d9226f8e8bf7c0a82xb0 | _:nf856beeadf9a4199872da36c674f6dc6xb0
+441132431751,6,+441132431751 | +44 (113) 243 1751 | +44 113 243 1751,_:nef53be8c267e41938e408d80ef1046faxb0 | _:n3b4fe95d7dc94a55b59b0d4780e07df4xb0 | _:node1iferninex4995356 | _:n92769e26d8384678bd18baa6d874a966xb0 | _:node1iff6qe0ax2348008
+441138121111,6,+44 (113) 812 1111,_:nd51c44ff5c84485087173a5c8e482afexb0 | _:node1ifd0klcpx19655815 | _:node1ifdq5n77x19755129 | _:n19f95decadbf4c7d931953caf835914axb0 | _:node1iffv109ix29091462
+441225875875,6,+44 1225 875875 | +44 (1225) 875 875,_:node1ife5bt56x14706951 | _:node1iffdmg0ex2409669 | _:node1iff0qnbtx29511237 | _:n2b5825a9182c407da9562a2a3a1c4d24xb0 | _:node1ifd4q291x9733664
+441227764000,6,+44 (1227) 764 000 | +44 1227 764000,_:n16315f98df72477a83a49dbcb56e6288xb0 | _:node1ifd0kkqux22187324 | _:n386e4aa1a2474dd49dc86a958b6207b3xb0 | _:node1ife773flx5021377 | _:node1ifd2lvtgx17041540
+441227817302,6,+44 (1227) 817 302 | +44 1227 817302,_:n107a81f0afe54159988fe3025e0d6488xb0 | _:node1iffutlv6x2320911 | _:node1ifd32opkx7326434 | _:node1iff0qskmx17099913 | _:nf1ce2fd97a234277ac0dd7d5bd2db408xb0
+441314518250,6,+44 131 451 8250,_:nd37f688aa2b34069845a68b9836baf9cxb0 | _:nd454b5f3fcde48f6aa467cb63e8af36axb0 | _:nc6b80a8ff3084d8481c52e0459f4c3c8xb0 | _:n29a01955e4534fcdb7c78c3e3428a730xb0 | _:n02a658d8d5f14aabb70e42bcc2b133f0xb0
+441382383000,6,+44 1382 383000,_:node1iffv12q5x4869552 | _:node1iff0qqftx9662377 | _:node1ifd8t9n0x7197302 | _:node1iff53uamx7294702 | _:node1iff0qmcqx14542720
+441902321000,6,+441902321000 | +44 (1902) 321 000 | +44 1902 321000,_:n70ac851b5ee1414f92749c7d38b89c44xb0 | _:n8c60ad91392547da952eb38a1d0fd552xb0 | _:node1ifeeatusx37123137 | _:node1ife5bqoex19947814 | _:node1ifgba5pvx2405265
+442075895111,6,+44 20 7589 5111 | +44 (20) 7589 5111,_:n74f11d31d12046c3bc1e401051efbb48xb0 | _:node1iff6qdnix15228337 | _:n346251f6c0564c52903bd38bf858585axb0 | _:node1ifefavmvx37459774 | _:nc7ef6764dd584e66a60002a0cc14aacbxb0
+442392848484,6,\r\n                            +44 (23) 9284 8484\r\n                         | +44 23 9284 8484 | +44 (23) 9284 8484,_:node1ife674tkx9346234 | _:node1iffutm9ux14751011 | _:node1ife06rsvx4975237 | _:n60c47cd410324d2ba790e6941a9cb448xb0 | _:node1ifg2hk91x5507148
+6467573100,6,+64 6 757 3100,_:nc1f7ad10446e414581365c8b72a8cac7xb0 | _:n40e7ee93b17c4e8894cede248074d150xb0 | _:n9934b93ad7994dddada52e3fed45a528xb0 | _:nb50c60178fc44bd1b12c5559c7a453d9xb0 | _:n4f60be5837184d228fd5abbe7d895ed7xb3
+912027805952,6,+91 20 27805952,_:n1b8387fbfd604324a0ca243b4ba62001xb0 | _:n0103d627ef8146d3936ff02f0d019d96xb0 | _:nabfc4ebe46884bc79a1b3691f00995f9xb0 | _:n9dff674e8d914768a9d1044d8c597fa7xb0 | _:na5be0b8717ad4308b3bd1746adc6e20axb0
0112027801,6,011-2027-801,_:node1ifd0kj71x2107351 | _:node1ifghk01dx7555572 | _:node1ifdmt6cox2215425 | _:node1iffkdi6ax2259249 | _:node1ifd3sed7x7217265
01124710990113970429,6,"011/2471-099 (centrala), 011/3970429 (studentska služba) ",_:node1ifdi8a9ix4652346 | _:node1ifeffe11x7048957 | _:node1ifekm4ugx54361688 | _:node1ifd0kbnlx2112574 | _:node1iff0r15cx56398506
0113021240,6, 011/3021-240,_:node1iffhli21x7154773 | _:node1ifd0kcvlx2123828 | _:node1iff3jbcfx27000528 | _:node1ifdmtp50x7126059 | _:node1iffaprrdx18698065
01133703393370350,6,"011/3370-339,3370-350",_:node1iff554tux9564296 | _:node1iff0r15cx21542680 | _:node1ifernpe8x34758769 | _:node1iff53lbax9937184 | _:node1iffc1409x4590088
0113611809,6,011/3611-809,_:node1ifdi8a9ix7308096 | _:node1ifd0q3gqx46368741 | _:node1ifd6t5j6x39408536 | _:node1ifdgo38gx9574202 | _:node1ifencembx42295229
01139147213,6,01139147213,_:n226c6280ba394d37aa1a1784c0938e89xb0 | _:na569e19c09db41e09cfd17ebe1ae0b73xb0 | _:na43cae9b62fe45889e723e87088256e6xb0 | _:nc1174780dd4a4ab8b353ef68c7adbb5axb0 | _:n460e65a1dc774a3ab00891c28e5ca945xb0
0202542167822088837,6,"020-25421678,22088837",_:nf039f07264d44475abf3004342359d74xb0 | _:neea49c7046144c24a124750144458d78xb0 | _:n1e3f704eb87b4f32bf815c24ac1551e0xb0 | _:n0122c21d7c62476abcc963d677e3a068xb2 | _:n5f08d7fb8bab40ef81b701136801f645xb0
03222255221,6,03222-255221 | 03222255221,_:nc35fab8352474b4593dbc1e93be66a2cxb0 | _:n14ff8bbe8dba409a9516515ae4c139d8xb0 | _:nb02bdc2bce8e43dea4cebfdf30a423b6xb0 | _:nb6fe9b05d551484aa20b4a6786fe52aexb0 | _:n7487290a11db47209d43f2ea6c1593c9xb0
03842242273,6,03842242273,_:nde6d15520ce74d36bc6db87ffbcc4f95xb0 | _:n34ec4f599f3e4bedb43ada38945d667axb0 | _:n82fe58a308bb4d659f8843afd8859193xb0 | _:n23aebd20326b4840b2e5edac5d4f8a02xb0 | _:ne99ad1a61cdc408ca50307663c6b0ccexb0
0485742500,6,048-574-2500,_:nd53563919c474c43bff20370e31a0f81xb0 | _:n3d0a1e18d0574e2c9aa0865a2d35cc34xb0 | _:nef7f5bc7eaa9475db41ed349123f883bxb0 | _:n3178ae2f1d3a44c79685f47c0e25698dxb0 | _:nbc4d965004434888b238398ec31a9f0bxb0
0486580850,6,048-658-0850,_:nd31bd48245a4418587f0a45688484185xb0 | _:n5c0bfaf0a0ef4ab38840e0daf2f17737xb0 | _:na8b0c878454b41799380c24cb3c3015fxb0 | _:n14e565fee7dc4a0c9819ba364b66295axb0 | _:nb2f58620426f4518828b190e5c34534axb0
05122590151,6,05122590151,_:nf87173761c58442dbd84bd0437819a23xb0 | _:na0bd0c4ba67e4549a39c4733e76dd6f2xb0 | _:ne747f0fb9a104e60af4ee3baa363df19xb3 | _:n872642a4494847518b438fcd823e2449xb3 | _:n1a8b799a05e64f72bbbb444ec11daed6xb0
0663671268,6,06-6367-1268,_:n5c9a6d12ce0d4efbb808bcd0abb28ea6xb0 | _:nd8f57dd25fe84277b9cf26280adf7913xb0 | _:nde725a12993f4973a872fc4bfca365c3xb0 | _:n0b6ce49d4db24d4a9821850fa026265axb0 | _:nc5de08d5a1484a279f598c8f1ab22b55xb0
06742542644,6,0674-2542644,_:n9e8ddb3f79764d0794614801033211e1xb0 | _:n60d2a09e4b16473db67c560c88550761xb0 | _:n53730e585a824747bf73edd47b4d9d5fxb0 | _:n9f8bb85564204c968ffba71a8fe34cbbxb2 | _:n0dbdd6ec49ba4622bb0efa113cfbd78axb0
083225803082580462,6,"0832-2580308,2580462",_:ncc3e6da1a2434c0699eab996adc0385exb0 | _:n09e0f894baf141c3946126c9141acbd9xb2 | _:n02d3f40013b7450c94a58b56f68cbc01xb0 | _:n84421e578d20499ebb8fbd469ff025d1xb0 | _:ne5cd677383824632ae514841968dba6fxb2
083623781032378105,6,"0836-2378103,2378105",_:n348997f4333549e4b5927194125957a4xb2 | _:n9a08c4db9723442babfbbb9a8dccb267xb2 | _:n3031a787fcd84d96a97cdc720d05e768xb0 | _:nf595e3ee92f24eb79734247f4ea576f9xb2 | _:n37368817031d47c6b59292317324d656xb0
18004205757,6,18004205757,_:nc76162ed698c40e6966fad911b866830xb0 | _:nf479f8878b6d41de9fe82e3c27524221xb0 | _:neaf2bd32aa50420aa959cce9b2804d0axb0 | _:n9b915d8659394d54bbff7014f4f47cc1xb0 | _:nc851846c33744b88893bb1fca5efb695xb0
18775155110,6,1-877-515-5110,_:node1ifdq82kpx11540612 | _:node1ifdt2f7fx6397102 | _:node1ifdtq54vx4056559 | _:node1ifdtq22mx1596327 | _:node1ife3qt1ox4087856
2026876457,6,Phone: 202-687-6457,_:node1iff0qmo5x10153547 | _:node1ifevbtamx10439597 | _:node1iff6qc2dx466919 | _:node1iff48efex5463933 | _:node1iff0ucokx12904161
2026877100,6,Phone: 202-687-7100,_:node1ife1b6ikx16141543 | _:node1ife670cmx3638963 | _:node1ife674tkx1453698 | _:node1ifdtps67x26146707 | _:node1ife1qitux8892726
2026877667,6,Phone: 202-687-7667,_:node1iff53lbax15967452 | _:node1iffc1r0gx3238574 | _:node1iff1ng3kx16334774 | _:node1ifghjajhx11373610 | _:node1iff9io9cx757811
2027841081,6,Phone: 202-784-1081,_:node1ife3r8gux55387505 | _:node1ifeh2r78x11317569 | _:node1ifeepsd0x13888397 | _:node1ifed8c6ax18919245 | _:node1ifed7dhsx16649732
2128542522,6,212-854-2522,_:ndf47f037938c4e9494fd68c70e357859xb0 | _:nc1e14de6cc4b45539f8462afb5181aa7xb0 | _:nc47cb89b9dbe4b4ca61897dd7cc7a19exb3 | _:n7bd70bcc9dcc4a048608bc733c7b396dxb0 | _:n268d1f0f81eb41dd8d1839e271b6c565xb0
2812832740,6,281.283.2740,_:naf7931f36af4416aac38467591c1c784xb0 | _:naa73f86bbb9e4a889c852e5e9c478775xb0 | _:n76894a86f627409a87314b392c565c96xb0 | _:naf8a6ebab4ac4a4599c1ee3a4263991dxb0 | _:nf8f9c4f4bc974c3d8ad6b6dbb5dfe610xb0
3014058720,6,301-405-8720,<https://lgbtq.umd.edu/@unitNyumburu#identity> | <https://lgbtq.umd.edu/awards-scholarships/@unitNyumburu#identity> | <https://lgbtq.umd.edu/awards-scholarships/lgbtq-staff-faculty-and-graduate-student-association-award/@unitNyumburu#identity> | <https://lgbtq.umd.edu/events/@unitNyumburu#identity> | <https://lgbtq.umd.edu/events/page/@unitNyumburu#identity>
441132223400,6,44 113 222 3400,_:node1iff1n52vx16959425 | _:node1ifd0k8aex16312482 | _:node1ifd0kgbax15219359 | _:node1ifd6tg96x7078910 | _:node1ifencfsix45311888
7148869236,6,714-886-9236 | (714) 886-9236,_:node1iff9imbcx3529088 | _:node1ifdn1sehx1064364 | _:node1ifed77imx31164868 | _:node1iffv12ogx8727645 | _:node1ifdn1k86x1026495
762035017,6,76203-5017,_:n6acdb0e38ff3449cbd2c5a4d20c5d715xb0 | _:n6c561facd0064046bdc6825136246e2exb0 | _:n1e531472ae1e4d2a874d659b978c7819xb0 | _:n1a50151b0bdb42ff8f17e0d298ed82c9xb0 | _:n71474445e05646a8bea7f4a3479fe287xb0
7787826930,6,7787826930 | 778.782.6930,_:nf9ed6545b9fb48d2919dfa129670043exb0 | _:n088c24a374354e53ba9add5265a397a7xb0 | _:n191b378f0e0d4c36943b3d36d31cdd30xb0 | _:nc4e4130e9d54425587f1bbdd595e8194xb0 | _:nfedce932f59a4523b571a91a2ad2ccf5xb0
8002328634,6,800.232.8634 ,_:n54da64b5699f424fb7faf8feb15f423axb0 | _:n1a2567c2627a45a09f4c70ec748aeac5xb0 | _:n0b605400d4704f968bedd4c38dc13511xb0 | _:n885ecf0769c84336bd73841f5cadf32cxb0 | _:n50b8fa0c66e847e9a8d8a548dad6cb39xb0
8005690556,6,(800) 569-0556,<https://lincolncollege.edu/about-lincoln-college> | <https://lincolncollege.edu/alumni/lincoln-log-newsletter> | <https://lincolncollege.edu/alumni/transcript-request-information> | <https://lincolncollege.edu/covid-19> | <https://lincolncollege.edu/facultystaff-faq>
8007357500,6,800-735-7500,<http://www.moonfete.com/#organization> | <http://beaconhilles.savvysuperstore.com/#organization> | <http://contemptuously.savvysuperstore.com/#organization> | <http://www.savvysuperstore.com/#organization> | <https://www.stfrancis.edu/#organization>
8149455999,6,8149455999 ,_:n1b25dabf0e1a420dbfb2ebecb4585fdbxb0 | _:nd153565b787742eca26063ce7ed8c74axb0 | _:n78274210f3ab4fb1bc5042a2b23d5c8fxb0 | _:nc56abc55102b4177b3042138a51f3deaxb0 | _:nfed717e7ff7f4262bef5fc51a050c3e2xb0
83331036099,6,83331036099,_:n6dbd818defdb40dcacba21624c6cccb5xb0 | _:nfec6f5ba5323468c998c20c393d60f95xb0 | _:nbf5abd900c75461d9e16ad25467d71e3xb0 | _:n08e7bb6c7701423ca704cb1ebf3d49e0xb0 | _:n26d8a12fedee4c6cb7bcf4f7e4a8dd46xb0
918322366925,6,918322366925,_:nd36d888efc834207a5b70b55cd9ae0fexb0 | _:n4af74183b17844079085caacbb63b77dxb0 | _:n7a920a6ca8a24fbd98b362c048f1200fxb0 | _:nea30ea4e55ac4a95bbfef17699e7f458xb0 | _:n3da145f8328a4c01b819e3fa2c254653xb0
9818616067,6,9818616067,_:n0929f0372cbc424aa2cf1f9eacd40f8bxb0 | _:n20ac2707a3fb4a9a8141a7ae90528ea2xb0 | _:n878adc07607d4e75b951142bfdd671ccxb0 | _:nd0c15054d531472dbe8b4ead50fd2f7bxb0 | _:n53fe46f549a54979b41c92318da15c2dxb0
9855492066,6, (985) 549-2066,_:node1iff9ijtax28561743 | _:node1iff9ijtax28561763 | _:node1ifelqaqex3289019 | _:node1ifelqaqex3289037 | _:node1iff9ihb7x12951725
+12026515000,5,+12026515000 | \r\n                            +1 (202) 651 5000\r\n                        ,_:n322052a367bd4159bd049e0e8d1da4bexb0 | _:node1ifg9d3fux2510107 | _:n027856b66be44422a4cdf5ed824d61a3xb0 | _:node1ifg95ptrx9366366 | _:node1ifevplt4x6736942
+212537543000,5,+212537543000,_:n2733580a7dbe4649bccc569260e49b78xb0 | _:n8d26b0755327458d94f7f2e70aeb1491xb0 | _:n3d67d996a4444949a23853a70f620380xb0 | _:nd72182e4af4f41f9ac553348e55d0355xb0 | _:n4c49ccbbbe3a4986944773d623ddf3c5xb0
+37065232000,5,+37065232000,_:nd418ca1423094915867641425a06678dxb0 | _:n7647d3f3223d495b806a27454de66376xb0 | _:nf8564f3a053a4da4bd331123c019888bxb0 | _:n1e7ca076778242b78f83229c76552877xb0 | _:n5070a2567a1c45378f0fe91414496bf3xb0
+381018588255,5,+381 (0) 18 588255,_:node1iff53ok5x19224053 | _:node1iff0qvrjx44438666 | _:node1iff9ococx14633298 | _:node1ifd4q5qbx4727813 | _:node1ifebr0cnx14401016
+38123550515+38123550530063531636,5,"+ 381 23 550 515, + 381 23 550 530, 063/531-636",_:node1iff1n1ibx19525644 | _:node1ifd0ka79x2079146 | _:node1iff9io9cx9513591 | _:node1ifd0kd07x25128858 | _:node1ifdn15i8x4761592
+3902891412818,5,+39 02 89 141 2818,_:n6aa7f8439f7646258a31e8ff2c39611fxb0 | _:n071c03eb66f14015b8ef1d87f9f0a52dxb0 | _:n5566728355cb4d30ad45ca0e076af1a1xb0 | _:n5b6861aaa0a0433d9ddfe0fbb03f1d20xb3 | _:n681e110c69f84dd29753e01ec94f61ebxb0
+390382989898,5,+39 0382 989898,_:node1ife3rfdox32943846 | _:node1ife3rfdox32880079 | _:node1ife6767sx28769806 | _:node1ifed79vux7686651 | _:node1ifebqpjfx12542263
+4401159418418,5,+44 (0) 115 941 8418 | +44 (0) 1159 418 418,_:node1ifd22scix2187860 | _:node1ifdmt1sbx6029633 | _:node1iffvo6chx9691771 | _:node1iff9ir6hx22192510 | _:node1ifd34cgsx17157761
+4401524592516,5,\n            +44 (0) 1524 592516\n        ,_:node1ifd3sebux14974060 | _:node1ifenc6dqx2559571 | _:node1ifelq264x20056424 | _:node1ifd0rm2bx7551329 | _:node1ife8pi8cx22714254
+4402476524982,5,+44 (0)24 7652 4982,_:n0123ec75fd914c29a26fa329b89ce867xb0 | _:n2fdad0839fa74a5daf79106942d551f5xb0 | _:n3e051d13ed374c729895999e2413e827xb0 | _:n3c97e9c5119846be98d2697fddb49b25xb0 | _:n54c65316421a46bb9886863523c07f63xb0
+441332622222,5,+44 (1332) 622 222,_:n95bfce9b75d04795a46f93df0917384cxb0 | _:ne998fd8a13fb4fe5bc8478c31421d7f2xb0 | _:n6fda2ca173e3480c96199927ee1621a1xb0 | _:n0e1d9c701751440c83339c8485ca2897xb0 | _:n2122bde9830a4e1fbd748fc034778b7axb0
+441413534500,5,+44 (141) 353 4500 | +44 141 353 4500,_:n26cbc7ed344b4a6c8c486572f24ca450xb0 | _:node1iffv194ex9908044 | _:node1ifeva07px12515518 | _:ncf9d6153835f4d47bac141256862b4e5xb0 | _:node1iffuv94hx2373628
+441517946730,5,\r\n                            +44 (151) 794 6730\r\n                         | +44 (151) 794 6730,_:node1iffdmlf4x6461742 | _:n3c8e681b53464e1a8953b0b0cac843d5xb0 | _:n88d58cec453346cdb0d7d42b161e39fbxb0 | _:n2bf98b8a7cd5433eba84f2527761b4abxb0 | _:nba1c5765745a48e78c336a3e5b641a3fxb0
+441603456161,5,+44 (1603) 456 161,_:node1ifduan22x7609269 | _:n6dd7562788544092b38f617886b8910axb0 | _:node1iffukeudx9691411 | _:n3365714fdf0c4743839092bfc29bd823xb0 | _:node1ifdvb6ckx24268698
+441613066000,5,+44 (161) 306 6000 | +44 161 306 6000,_:n3a6954b7440f48319273ceccfebd8e0fxb0 | _:node1ifelr2fox14861813 | _:node1iff9igstx2436679 | _:n709532f5ed9440c1a98ae48b97045116xb0 | _:node1iffukb59x14652365
+441642218121,5,+44 (1642) 218 121 | +44 1642 218121,_:n34f75d952b0249b0a26a4045f55f711dxb0 | _:node1ifd34cgsx14637749 | _:n99d719f95a2d45e6a6bc67205ccc5f36xb0 | _:node1iff1mvtax4850612 | _:node1iffcqmbhx4671707
+441786473171,5,+44 (1786) 473 171,_:n4195d7326158492a847be78a24abb892xb0 | _:node1iff194b2x14867330 | _:node1iff1n039x31839961 | _:node1iff9iq4gx12189222 | _:node1ifg95ptrx9932009
+442070405060,5,\r\n                            +44 (20) 7040 5060\r\n                         | +44 20 7040 5060 | +44 (20) 7040 5060,_:node1ifg57rg9x1636137 | _:node1ife3rfdox25302046 | _:nc5f45876b5ab46d0b491d270c550008axb0 | _:node1iff55jq0x4743974 | _:node1ifd0kjmox39822756
+442074230000,5,+44 (20) 7423 0000 | +44 20 7423 0000,_:n802fd7a9069c42c6ab79c1c6f10bf22bxb0 | _:node1iff1n1ibx12239210 | _:node1iff194b2x24618391 | _:n182d6034ffc24c708ad33afea9e85456xb0 | _:node1ifeh837px12230702
+442079115000,5,+44 (20) 7911 5000,_:node1ifg2hjjgx12284182 | _:n878799743b204ac190e7a4654bae4b84xb0 | _:node1ifekjgkrx39524903 | _:node1ifdsq30fx15208673 | _:node1ife6767sx17115324
+442380595571,5,+44 23 8059 5571,_:node1ifd0kq4nx12411680 | _:node1ifd3sbiqx12506496 | _:node1iff48f9ex2309589 | _:node1ife4fq7ux22105467 | _:node1ifg8384dx7553553
+448000368888,5,+44 800 036 8888,_:node1iffv12ogx9999000 | _:node1ife5c7kpx14897700 | _:node1ifebf7f9x2457037 | _:node1iffsrfmrx14600238 | _:node1ifdbnh6jx14721875
+61286271444,5,+61 2 8627 1444,_:ncb333fb3c525448d8ece42a5da1c357cxb3 | _:n30dd4f1a8da241cf81eba9eabec34369xb0 | _:n928b76345ab04438a44d3be66c3630f5xb0 | _:nb70f77556f4c4ff0a36901fc90735092xb0 | _:n91cb60d5fa514da1af8912ed6359b0c2xb0
+61399034788,5,+61 3 9903 4788,_:n4d231b54a0004917a7953367b072ecc4xb0 | _:nb0670a6e3c0d430ea6b6be8afa1c282fxb0 | _:n30777558568f499dbcca9e62e6a92f79xb0 | _:nde7a3fe1175546feb8ab4edd8200e7f7xb0 | _:nae04843430954ec58232be67f8ae8139xb0
+6434773014,5,+64 3 477 3014,_:n74a81db501f847419d1850634cb6401cxb0 | _:n1dc2442200c844589bf5f36fc293fff4xb0 | _:ndfc829e79e544e6eafdfef0c559cf3d2xb0 | _:na978acf4aa0e45d8a59fcc97f171a29fxb0 | _:ned3e7596a5454e9ca43dc43ae5af0503xb0
+6565807700,5,+65 6580 7700,_:nab29ce8ff8284f2cbaafaaebec122a26xb0 | _:nf46bce807f4c4cc89033ae29501acad8xb0 | _:n9e07d96ccd244c948101566a8e09482exb0 | _:nfeb4a442c5544d99841fca68e71d9a0cxb0 | _:n7941aa6ea9ca4a409fa068e72394168dxb0
+917022016738,5,+91-7022016738 | +91-7022016738‬,_:n81765ac13f124b06a2d385c2bf68510exb0 | _:ne92bc1658b9f4f9995a329386ed464a6xb0 | _:n31cc77afe3424805a344b7ffe7e20648xb0 | _:nde578cf3d21c4a66855a0163a973d259xb0 | _:ncc2490f5b26f4d22b5b01c28cbc9412fxb0
+917338247755,5,+91-7338247755,_:n302d593d97114b659c5c6132725f21b2xb0 | _:nb43377528e8040c8abf3ef80df9b6d4dxb0 | _:nbb8715da72ea4a8c9fcd689b3fc30604xb0 | _:nac082e649b274ccb87a1c9a801dc8fd1xb0 | _:nc4dacd77e24a4344b710e4fefbd72482xb0
+918800746767,5,+91.880.074.6767,_:n9278a0b882334c5eae6fc9d47f873f45xb0 | _:nad546758d2e145139cb158b0e3ca2a40xb0 | _:na88ec6458d304a108fff9b52f85eab15xb0 | _:ncef2ac4d648344de9fac3a157b3bee6exb3 | _:n111ef29a99af4982a03cead274c6653axb3
00441443483413,5,00 44 1443 483413,_:n16a040f524d948bfa3dadb29d0113925xb0 | _:n2e89d4bf08044ac3bc5efb50dd9f608fxb0 | _:nb24dbb6d898845d391c19939d2e55eb4xb0 | _:n8482e47d2f964f5eb9933d55926de122xb0 | _:n7b2ec5c917334bddb7110fb776675c7fxb0
01133480790113348081,5,"011-33-48-079, 011-33-48-081",_:node1iff55s84x9689620 | _:node1ife6767sx34243803 | _:node1ifd0k4p8x2166473 | _:node1ife4jqnfx39209688 | _:node1ife30p2hx44289472
0183282040,5,0183282040,_:n3a3dca9a2f77421b99f43fed77cef5ccxb0 | _:n98fef31da99a48f88b2b3c070f1e2485xb0 | _:n0622d5e217e34e968007a01d2ba81f75xb0 | _:n4fad687e2c2246a3a8c8ad69540861fcxb0 | _:n262100f58e804d2d9187906d770c6162xb0
018588211588039,5,"018-588-211,588-039",_:node1ifd3sa41x44838865 | _:node1ifd0kgkmx2172877 | _:node1iff48edhx7055142 | _:node1iffedhimx7071361 | _:node1iffek8nrx2233218
01905267015,5,01905267015,_:n6298edf067724a7197414d57d664c9fcxb0 | _:n2318a04362864e5ab04a13c06798c4e8xb0 | _:n496969d598a840328d8eea2ad1de171dxb0 | _:n81ee56da5d4642dc800a7423dd37a55dxb0 | _:nc843297d6f6247b9b0ecb433231c0320xb0
02225722545,5,02225722545,_:nb294e3395cf0454dad5b32d261cade18xb0 | _:nd3a9504da103450dace5326c31ea8f41xb3 | _:n09f863a51cc54254bd9dba3eeea00377xb0 | _:n2758e75dae94422097654c8b6086a9fdxb0 | _:nacf80c5ec3214848b1e9da4921bdc1e0xb0
0222791311,5,022-279-1311,_:n56456793487549daae7ee4683699b935xb0 | _:na85a95d70b7b4c839bb91e86ea350b4dxb0 | _:n1a5fae8e5e1f44ef9f472d8d9860d499xb0 | _:nb6495058953a4d2b98ac0c2be9ecf572xb0 | _:n007a4100f1e54706a87c62b9fcb9c5a2xb0
02426243861243215,5,"02426-243861,243215",_:nbd361d4eff894d97bf161cd7166e95bfxb0 | _:n0d6659bb0bcc4dc9925a4c3b2fb9c740xb0 | _:n18ba5677ee4c4f82b80a2d1033186f2cxb0 | _:n9f20a86a12cf47479d60d6f3bd69a33bxb0 | _:ndb1e2927eb8249239a165214bb1f2ed7xb0
029312801133,5,029312801133,_:n8351d26690d4437f88704fe24044b961xb0 | _:na38823ee97b24f5bb79ddb85dd004279xb0 | _:n309f5acc1fea49899a3cb9352de08d44xb0 | _:n46cbf1dc580f484abdeb2b2f03d9ab67xb0 | _:n8305b209ea9046b899baef30606a2120xb0
03322410344,5,03322410344,_:n0310b787c4b84dc3afa15aa6a3dee111xb0 | _:n8b7ba35af2074d588c365393d7c80317xb0 | _:n247a125190b04a518a38bd059e1805a7xb0 | _:n04fb93074dc041cfa787b65278bb849cxb0 | _:nedacafa02ad14de3b45beef666e97645xb0
03366249881,5,033-66249881,_:nd3b290b809e14b93845cf0af0afa9653xb0 | _:n8e623d9f29614283b3da62f161e30edfxb0 | _:n4bc32e61cf89494986cc772b1db1e361xb0 | _:n848a13aabaac43eea4d6b3a077dca34fxb0 | _:n74575c9ba7fa4632885d981a04600b0bxb0
034122530572252108,5,"0341-2253057, 2252108",_:n5e7770f325d94112839b1805d820b1eaxb0 | _:nc5c2e22481644629bbc613203f254d3exb0 | _:ned01d9c3338544b781c7e540ee7efd81xb0 | _:n4317c3a9ce5e4850bc4e1be173741399xb0 | _:nabd89b64e3d3468a84e7eaf18b3ebb40xb0
04422578020,5,04422578020,_:ne7292531950148e58e25f241f963dacexb0 | _:nd22f308e345a40bbb34f9ea30d095dc6xb3 | _:n41002529bf5a4b76a36dfe877a546866xb0 | _:nb7e13b074b0640288aeb7b39a2f7d6dfxb0 | _:n3e2e74995fbc45ef93333b2389e7926bxb0
0516222222,5,051-622-2222,_:node1iffokkm7x6377061 | _:node1iffv14pmx1609155 | _:node1iffm9fhqx18627486 | _:node1ifdmt7k8x12098310 | _:node1ifdlgs09x14801539
05422367042,5,05422367042,_:n827693bdc3454edfab9594befd2f2feaxb0 | _:nbf1f61db166f4d6cb16edde1f162508cxb0 | _:n79d58e7e85ad4e959db49a8d7156b0bcxb0 | _:n356db9f7efe24be181f01c7e9fcd2d37xb0 | _:nc398d174cd2b4745a6305c1c6f374bd1xb0
0564139990,5,0564139990,_:ne5332fe5f0f7427181c902d09b2a2bd1xb0 | _:n9eea183a71604543a073d62fcb91dd16xb0 | _:n1c86308397ac4a55bd8566702f88c2a9xb0 | _:n69e18b9dae644652a6617345f6526d5axb0 | _:na1b4d572720e48bdb0727dcaaa24dcb2xb0
0565488121,5,0565-48-8121,_:n207be7309b3549268a332c30326536aaxb0 | _:ne8c722f20cba4993a46533df5087eceexb0 | _:n6af3c9bba531495f8df71f88e44b9226xb0 | _:n720da46edbd84fb29c90fa462dea028fxb0 | _:nf25d01ec0d4c40daa4ffd390177ba10dxb0
099510233369849542336,5,"09951023336, 9849542336",_:n4fdfd6b039ef40079e607f998c276ffaxb0 | _:n8b7dafe0b3ec4109a936a10f1ef816e2xb0 | _:n59ea358bc8ca4d5e98af727a3d406244xb0 | _:n4d78798c7ff64147908b2928f0cb3e30xb0 | _:ne30b52f606f04ee9ba6c732357773ee2xb0
17137432255,5,1 713-743-2255,_:ne595a4b588cc4082a37f8f2fb55a194dxb0 | _:n7810721d648a4adf8176f10cfbf50654xb0 | _:na63f024c91f648e6a864e90851feaea3xb0 | _:nb5c02d88748b4b52adcb6f1fa0fc38f1xb0 | _:nd55538b16db6404994f0f0ca35c7a94cxb0
18003091307,5,18003091307,_:nd69c7a0471f8473e94bbf95d39e09b32xb0 | _:nbeef26b331ad4a8d837b431d7aa5a401xb0 | _:n2f5a8ffb77a240af98747737b1ae2ec1xb0 | _:nea51158ed58448e8913e43a4218e0ca2xb0 | _:n69ef3a56d126463ba560defc2661d885xb0
18009474320,5,1-800-947-4320,_:node1ife1qitux34116885 | _:node1ifdllgvcx70987215 | _:node1ife6767sx27010051 | _:node1ifec7ijmx4741468 | _:node1ifeeprhgx2097760
2026870211,5,Phone: 202-687-0211,_:node1ifd8tb9rx13598049 | _:node1ifd0kje3x31606728 | _:node1ifdbjul8x6518047 | _:node1ifdbjulcx6160632 | _:node1ifdbn7obx3579966
2026870894,5,Phone: 202-687-0894,_:node1ifdjv8ptx753882 | _:node1ifd7qpudx33012655 | _:node1ifdnm2hex791650 | _:node1ifdbn7obx19904234 | _:node1ifdfuh50x12168369
2092284400,5,209-228-4400,_:nc0a95ef4113c4ebfb3fbeabc01f07affxb3 | _:nd37ec7f1bcd24717a124394acc8d3c29xb3 | _:n534d57b95d2e4641bfc123aa18a0cb35xb3 | _:n4751ecc785224724b1b5e3fde12ebc19xb3 | _:n9d58d3e322824073ad543621a753e1adxb3
2259232331,5,225-923-2331,_:n2deca283d08c4463bb313e66a9e0ead1xb0 | _:n6000e315ebf049dc855497619367ecfdxb0 | _:nbc26390d7bcd4d61b2dcaf0b98a8d609xb0 | _:n4f02ac2e948f401a82a875f81a345fb5xb0 | _:n5047d2cdc5cb4563a9d0737497df9d23xb0
3065855082,5,(306) 585-5082,_:ne238a492a44e4643bdac011fa0873179xb0 | _:n4aa56ee920b242b599acbd8142c3a30axb0 | _:n7537e3997a4744dcb8cf112727662817xb0 | _:n6464f94d5612466f8082d853b167667dxb0 | _:n596f7a2caba847579e54618e827b5d07xb0
3108253101,5,(310) 825-3101,_:ne1bdece9646c4a7cbb5d06ee54a6044exb0 | _:nd21b6578510740ac8df7df575d9ac868xb0 | _:n344ab4b8ec7249b184cfe75c9ae3cb7cxb0 | _:ndd1117fa9f274e26a95d1c162a8aa78bxb0 | _:nf938fe5e04fb4c429a6e8109f14a5f44xb0
3179556000,5,(317) 955-6000,_:node1iffv0v6fx9462645 | _:nf79551a8197149d0ae7460ec945bfe8fxb0 | _:n811d6c0dd1b44c21bb813b63c897cf01xb0 | _:nd65069bbe2ea4896bff1cef1991544c6xb0 | _:n2b403d139eb14eca9b2b97700325739exb0
3528735804,5, (352) 873-5804,_:node1iffb9oabx13157184 | _:node1iffb9oabx13157192 | _:node1iffb9oabx13157194 | _:node1iff9imbcx7940711 | _:node1iff9imbcx7940715
353091492125,5,353 (0)91 492125,_:n49b46772fb824f5bad15ef4f748f30b0xb0 | _:nb76d59e62a2e492db78788620b374d49xb0 | _:n67a9bcaaf02643de856ea99349ff1ea0xb0 | _:n45a370bba09b4c7882252cff763ad478xb0 | _:nc68bbbb38af94c62b04cd682bc879d5axb0
4018632427,5,401-863-2427,_:n6c26a6ff895a425eac40ec459bc05ec0xb0 | _:n5befbe03f5c849d0bef8c0c2e3ce89a6xb0 | _:n8f7ce416b57d43a2803e60de4c9a5422xb3 | _:ne5407e38f7524a7395381455e9eedfa9xb0 | _:n2585825451764238a821acfee433d9ebxb0
4053250311,5,(405) 325-0311,_:node1ifg58ccvx1843717 | _:n08d563163b824b468f876d4b0720eb7axb27 | _:n6ea4a5915cf8479aa9573132d45e33cbxb27 | _:node1iff0qr8ax11611813 | _:n7ecde38fe1cf4950b4882aaed27eb817xb0
4164152000,5,416.415.2000,_:nd716e863a7b44dab927475d985b83148xb0 | _:n5dcdfcc8ef174651a869c2e8ef217ee2xb3 | _:n6c1b086bd552479492f4c254ec63bd76xb3 | _:n770a6d0e9de94b148195b07d0fde13c6xb3 | _:nd6741a4980c744c68bc146d5eb7565ffxb3
5046826792,5,504-682-6792,_:n7856e498bd994e609ee5470b1bea2554xb0 | _:n88a70cdcd28b4876a62e244b82560648xb0 | _:n7407ce55347840c0adf1b36e1b3cfea9xb0 | _:n6ecf8bd481e64ed2b9ccf4970882247cxb0 | _:n2e653564b3314848bc4d87cd53e09cb2xb0
5553509100,5,(55) 5350 9100 | (55) 5350 9100  | 55 5350 9100 ,<https://sic.gob.mx/ficha.php?table=centro_educacion&table_id=471> | <https://sic.gob.mx/ficha.php?table=centro_educacion&table_id=472> | <https://sic.gob.mx/ficha.php?table=centro_educacion&table_id=475> | <https://sic.gob.mx/ficha.php?table=centro_educacion&table_id=476> | <https://sic.gob.mx/ficha.php?table=centro_educacion&table_id=478>
56297872129787075,5,(56 2) 9787212 -  9787075 | (56 2) 978 7212 -  978 7075,_:node1ife30p2hx32485829 | _:node1ife678ubx24822271 | _:node1ife8pq1mx10340893 | _:node1ife3r7avx28049454 | _:node1ife8piilx17695471
6012661000,5,601.266.1000,_:node1ifdbjul8x31279586 | _:node1ifdftbv3x11449211 | _:node1ifdbjul8x21452988 | _:node1ifdmt7k8x1600164 | _:node1ifdi87ttx1531377
88897828814240,5,888 978 2881 x 4240,_:nb858789e3dc7430297efed2d5de98e3cxb0 | _:n0dc8d15b829842c790bf277935349c80xb3 | _:n4ac606c9b32145a1a834979f5b9755e0xb0 | _:na29a2f6a0dd24687ae43b258d905a37cxb0 | _:n306844a34f35451ebc12490a9b8cce2axb0
9855492000,5, (985) 549-2000,_:node1ifelqaqex3289027 | _:node1iff9ihb7x12951741 | _:node1ifepna6fx8472266 | _:node1ifepna6fx8472292 | _:node1iffhli21x762975
+12022744000,4,+12022744000,_:n0e512eafbe854a97911e89374ce69123xb0 | _:node1ifgbohpkx100887 | _:n802d1f2c76c94accaf62d855882a69b6xb0 | _:node1ifg7v08fx4366280
+12024521940,4,+12024521940,_:nfbcb5fca88834bf6860ab8e462806e28xb0 | _:node1ifge660tx149200 | _:n160084b586a64cdca436eb619bce4c3axb0 | _:node1ifg2vpt9x19063860
+12024882550,4,+12024882550,_:n79bc28a221fe4d338248cfb98dcd2c27xb0 | _:node1ifgbohpkx122876 | _:n5c384810026e46d78db6724a70dea139xb0 | _:node1ifg80ka1x14011759
+12026007300,4,+12026007300,_:ncf518584f780416794a9b08a7059a4b1xb0 | _:node1ifgbtln3x103990 | _:nfd3125994eaf46eda4b10d9125160455xb0 | _:node1ifg588ckx14376766
+12026447200,4,+12026447200,_:n8231dc4628a14398a235bbd130b8666bxb0 | _:node1ifga2m36x115802 | _:n9972f5387e5544e899168ec6a5d0af9cxb0 | _:node1ifg62laex11747452
+12026515603,4,+12026515603,_:n2d6f8766811e41eda69b302885f23c83xb0 | _:node1ifg649v0x14900129 | _:nd1ffff614c224fe5b0ef6bf90c5b53a9xb0 | _:node1ifgbtln3x1966390
+12026635600,4,+12026635600,_:n0dd4790dd03b47df8256597aed2c26ebxb0 | _:node1ifg85d95x7703956 | _:nbab8cb68cfb84d89baccb5a5b970c7c1xb0 | _:node1ifgbii3ix1971954
+12026879267,4,+12026879267,_:ncded495830a64441a4aabb0d26d57d16xb0 | _:node1ifg95ptrx7404674 | _:na996e4a70b6f49f0be2c8027f00c8588xb0 | _:node1ifgbrslmx4299799
+12028851600,4,+12028851600,_:n7f1e9b639cd54420a64a8cc1cdc7f566xb0 | _:node1ifg4sp7nx94538 | _:nad15c9a72b1d4676be093edea744bf42xb0 | _:node1ifg9da40x6954090
+12029941000,4,+12029941000,_:ne16a9090b32b42908f799c8e09272fa8xb0 | _:node1ifg2podqx9719502 | _:n1832072341e94d45b500914976ce8696xb0 | _:node1ifg4t4l4x18962267
+12029941010,4,+12029941010,_:n24dbc215a3554b82ae17618251e71866xb0 | _:node1ifgb9to7x106583 | _:nd4e43a8683fa4c24b035e95d766f5b1cxb0 | _:node1ifg9d9c3x1986649
+12029947275,4,+12029947275,_:n261dbb32091c4ca8aed86d8949d60d88xb0 | _:node1ifgbtlo2x104425 | _:nea66f9eb6fe44793b10d654685366e84xb0 | _:node1ifgbtln3x1966459
+12123461654,4,+1 (212) 346-1654,_:n8b8579851444424e891639a01be80c19xb0 | _:nbb42d209160c4ef78066dbcf00401b09xb0 | _:nae2c612960e943d79f7128005b5bf64bxb0 | _:n9aff6bd09d9c4ec18678d00775829f92xb0
+13169424291,4,+13169424291,_:n726c349943dd4815a3f757c72341e4c0xb0 | _:node1ifga0b2ex105101 | _:n6cb3b20b056d4e8aa5419312e0750309xb0 | _:node1ifg2hjjgx25277801
+14162637329,4,+1-416-263-7329,_:nbfcee653249d4d87a229e05c4024fd29xb0 | _:nb595f79fdf27447faaa531c684440bffxb0 | _:n005ae38a2c024cb3a3a09caf16e3db3dxb0 | _:n78dacf2008cc48fc9261e2792da83026xb0
+17039305905,4,+17039305905,_:nc37e2817c524423a88a1acceae191359xb0 | _:node1iff0qr8ax98792 | _:n7f27025fabd341279cb6ba84d6b8deabxb0 | _:node1ifdn1k86x12154485
+18008246494,4,+18008246494,_:n35c10eb3e2874218be52e496f46ff191xb0 | _:node1ifdmh95ex7394315 | _:nf1d3adbff678430aabc5b5a80f2784a2xb0 | _:node1ifdn1opox5027919
+35314150400,4,+35314150400,_:n1a60ce2d211744fea26ca82400c23930xb4 | _:n42988f1a1c9c4ce8a63f7de572c4d1b3xb4 | _:n36e1fd7cff264dfe952690f10be37d8fxb4 | _:n4d76a16ebd934cadbf1fc467c620ce0dxb4
+353214507027,4,+353214507027,_:n1a60ce2d211744fea26ca82400c23930xb2 | _:n42988f1a1c9c4ce8a63f7de572c4d1b3xb2 | _:n36e1fd7cff264dfe952690f10be37d8fxb2 | _:n4d76a16ebd934cadbf1fc467c620ce0dxb2
+35361310031,4,+35361310031,_:n1a60ce2d211744fea26ca82400c23930xb6 | _:n42988f1a1c9c4ce8a63f7de572c4d1b3xb6 | _:n36e1fd7cff264dfe952690f10be37d8fxb6 | _:n4d76a16ebd934cadbf1fc467c620ce0dxb6
+381117156905,4,+381 11 7156905,_:node1ifd0kl7px2157620 | _:node1iffh0e7cx7164335 | _:node1ifd3s8b1x7303842 | _:node1ifd0tb8tx17102448
+390649910789,4,(+39) 06 4991 0789,_:n1bd6ed7d7cb34e3eabef098906881138xb0 | _:nd6e471f7ed06497fa739244a62d52fb2xb0 | _:n408f1b97d4bb43a3a90df32132189b80xb0 | _:n33890cb72b9f48f5b59001018a193002xb3
+4401158242657,4,+44 (0) 115 824 2657,_:n8f473b9e38d247c89ee21b1904dbe7dexb0 | _:n3ab789e5819047a6afa1435d73bb5f80xb0 | _:nca7cc74eb0854ac2835f78d00fbe8a9dxb3 | _:nc8c5271a07e74d83b3d40c2de60a0453xb0
+4401214158900,4,+44 (0) 1214 158 900,_:node1ife678ubx19796146 | _:node1ifev9te9x22119135 | _:node1ifenc53ex14939762 | _:node1ifdtq8ghx29758865
+4401244511000,4,+44 (0) 1244 511 000,_:node1iffuv7odx9666352 | _:node1iff53ok5x19760428 | _:node1iff0qnbtx19791072 | _:node1ife8p7pqx4982578
+4401524510302,4,\r\n            +44 (0)1524 510302\r\n        ,_:node1ifernl2hx20668857 | _:node1iff0qo73x2058730 | _:node1ifdfuh50x7055907 | _:node1iff0qsl2x34078303
+4401752600600,4,+44 (0) 1752 600 600,_:node1ifernjb9x29960366 | _:node1iff0r5kdx9683296 | _:node1iff0qve8x10663085 | _:node1iffbea9hx7370999
+4401912326002,4,+44 (0) 1912 326 002,_:node1ifd0klcpx19706579 | _:node1ifdbnakpx27284278 | _:node1iff53ok5x4810933 | _:node1ifg42ncnx7195722
+4402074307065,4,+44 (0)20 7430 7065,_:n12cee5f2bc0f41efa3aefe9186f4d358xb0 | _:n7caf3f646ed4402f883fd8d5ee0601a1xb0 | _:n60b0d8486a414042b625e11e8e8da78fxb0 | _:n73f3e5f1e6b44ab78a2cf33837305535xb0
+4402075948040,4,+44 (0) 20 7594 8040,_:na3629a9717044c9881de499f8bb42a07xb0 | _:n77af017b99094533badab2811ebdfdf6xb0 | _:n7db63fa336ec4847b3c682e294bd9502xb0 | _:n26348e5cfe4d452fa718cf1e8afe2727xb0
+4402076792000,4,+44 (0) 2076 792 000,_:node1ifg58qglx4741097 | _:node1iffdmmpux2467153 | _:node1iff0r11px27102636 | _:node1ifenc47cx2297127
+4402083318136,4,+ 44 020 8331 8136 | +44 020 8331 8136,_:ncc83ae8531cf44af8117fb5729afb2c8xb0 | _:n45a96dbac92a4eb59a60e81eaf2a80d9xb0 | _:n1a5dbe479f6c4077b6d917f5c89f830axb3 | _:n2955941b21b640aa99acaeaeba5cee16xb0
+4402477652152,4,+44 (0)2477 652 152,_:n46103c3a33cc4b0a9d70340d3b6914fexb0 | _:n4bd2017ac6f64b4ca98014c9ebc3af01xb0 | _:n87a9eb94ef504df59de2399d1a792048xb0 | _:n9a30a1897ae6494886352e4481a889daxb0
+4402890245133,4,+44 (0) 2890 245 133,_:node1iffukje0x9741484 | _:node1ifgbeb0jx2438551 | _:node1iffa4kagx22219970 | _:node1ifdft82bx2423577
+4402920205645,4,+ 44 (0) 2920 205645,_:n12664da76cb842ec90e9851a73ed35f5xb3 | _:nbce83b33a91643b38925f5f13de743dfxb0 | _:n7e17c8e45d9a4c69894e3a224e89a8d7xb0 | _:nee3fb522f1ff44bc8e7b19d1b94b51e0xb0
+441142222000,4,+44 (114) 222 2000 | +44 114 222 2000,_:node1ife4k0dvx19673210 | _:node1ifduackvx10722416 | _:node1ife670cmx64427181 | _:nec4b8b02af024245a2cfa1eaa366fc82xb0
+441173284716,4,+44 117 328 4716,_:node1ifg4vfn0x12086698 | _:node1ifdtps67x12589356 | _:node1ifdgoi7ix12237773 | _:node1ife8pq1mx12629939
+441189875123,4,+44 118 987 5123,_:node1ifdclostx2487468 | _:node1ife77d55x79619448 | _:node1iff0qn4px14806861 | _:node1ifd6t6cix7201749
+441202524111,4,+44 1202 524111 | +44 (1202) 524 111,_:node1iffsrn8vx15001131 | _:n56100383e8a549df9cef95972412a536xb0 | _:node1ifg2hk91x4978128 | _:node1iffsrfmrx5057228
+441243816000,4,\r\n                            +44 (1243) 816 000\r\n                         | +44 1243 816000 | +44 (1243) 816 000,_:node1ifdllgvcx53036391 | _:node1ifdvknm8x14864369 | _:n440b72f9f39e4703ae305fb50dde6857xb0 | _:node1ifg2podqx9800693
+441273606755,4,+44 1273 606755 | +44 (1273) 606 755,_:node1iffdmk23x2402111 | _:n3cf184a94a604a5fa25ae13c8266b12dxb0 | _:node1ifg57saix7165819 | _:node1ifdgf8btx2360722
+441382383838,4,+44 (1382) 383 838,_:nb2c3e7331e864e128cf94b8802bf10b3xb0 | _:nffe78b033a354f5987a244f66139d2bcxb0 | _:n044565ca31a4419a9c10ec3a89de77f5xb0 | _:n82c74bda4134443b983544dfa1c5ea50xb0
+441482346311,4,+44 1482 346311,_:node1ifdmt7k8x9815518 | _:node1ife5c1f2x17714034 | _:node1ifg62dikx9684948 | _:node1iff9ococx27527445
+441484422288,4,+44 1484 422288 | +44 (1484) 422 288,_:node1iffv109ix11929710 | _:node1ifeva07px39331429 | _:n3505d281f8fa4daf9891f136f1c700d4xb0 | _:node1ifdnbuuvx17333059
+44152465201,4,+44 (1524) 65201 | +44 1524 65201,_:n81f47bdb0f914cfab9c0a7978e711377xb0 | _:node1ifeucum7x14690554 | _:node1ife4fq7ux17460328 | _:node1ifd6t6cix24535049
+441612472000,4,+44 161 247 2000 | +44 (161) 247 2000,_:node1iff6qlbgx9849495 | _:na4311a1b26f9479094fb6ad48ae1796fxb0 | _:node1ifg80jtex2335230 | _:node1iff9io8dx9736669
+441612955000,4,+441612955000 | +44 161 295 5000 | +44 (161) 295 5000,_:nd2fdeaf777f34848987830b77e846117xb0 | _:node1ife6767sx16910001 | _:n6c2cabf84ebe4fee8e240aa946c4786dxb0 | _:node1ifga2sg0x2410147
+441792205678,4,+44 1792 205678,_:node1ifdvcpbmx9941955 | _:node1ife7vr6sx9776527 | _:node1ife5c68vx9723325 | _:node1iffv109ix27924656
+441904320000,4,+44 1904 320000,_:node1ife3r63lx21989603 | _:node1ifdmt1sbx7382092 | _:node1ifenc7qsx7508384 | _:node1iff9imbcx19830875
+441912083333,4,+44 (191) 208 3333,_:n369af6a652f74bb291958ad56f90f607xb0 | _:nf1f4a005e2fc41c28b12fc2074a322ccxb0 | _:n9c3abe58921d429ca3d7c0bcd169216fxb0 | _:n567fb299f5404d5f8c5ac3b1d258a83dxb0
+441912274274,4,+44 (191) 227 4274,_:n6a85aa95b4d14baa859f6e917bfbde58xb0 | _:node1ife776jmx20445626 | _:n5b527691ec96486a9d5e6e26ac9b6d00xb0 | _:node1ife5bsgdx24790156
+441913342000,4,+44 191 334 2000 | +44 (191) 334 2000,_:node1iff55s84x4909316 | _:node1iff0r15cx22096845 | _:n8e1b97393e484b7dafe045e9c330524axb0 | _:node1ife8pq1mx12407541
+441915152000,4,+44 191 515 2000,_:node1iff9ococx4942542 | _:node1ifd2m6n8x9910383 | _:node1ifd3s8b1x5025939 | _:node1ifg85d95x9820960
+441962841515,4,+44 1962 841515,_:node1ifernmh1x4798587 | _:node1iff9o86tx14572005 | _:node1iffcql36x2427921 | _:node1ife7vpunx54676644
+441978290666,4,+44 1978 290666 | +44 (1978) 290 666,_:node1iffv12hbx14481449 | _:n651efa89c5304c2fb50641eb54ae6670xb0 | _:node1ifd4gjigx9846990 | _:node1iffutnm2x2412076
+442476887688,4,+44 24 7688 7688 | +44 (24) 7688 7688,_:node1iffv1674x5283941 | _:node1ife4fnrfx14446564 | _:n44fe7040a66342289d8a7bb1a626a8bcxb0 | _:node1ife7vto1x4895642
+448452713333,4,+44 845 271 3333,_:node1iffuaid3x2441338 | _:node1iferngt4x29261263 | _:node1ifd8f9prx2202823 | _:node1ifd8teq4x22129237
+46772288000,4,+46 772 28 80 00 | +46 772-28 80 00,_:node1iffmbetbx3900039 | _:node1iffl7iqax3968865 | _:node1iffo3q4sx3942848 | _:nce3f67f693f643f39c4345987e25064bxb0
+492418090674,4,+49 241 80 90674,_:nfe8d77b984f8453896d5a818564b45d8xb0 | _:nb91a2b205264468aa7cfea6f5c777862xb0 | _:n1b9330eaecae4808bdaefa4770b4d3baxb0 | _:n0da2c6f7de7d4c728e71eb358b2d43e9xb0
+56229784114,4,+562 29784114,_:node1ifeh8ep6x767279 | _:node1ifed7kjpx13148865 | _:node1ifdqdl1px20467743 | _:node1ife0g0nkx7923921
+6074564505,4,+6074564505,_:n9e0b024a2e2d49c9b9d0e2c4c05b5ecexb0 | _:node1ifg4sp7nx12300513 | _:ndcb570cbc2914ea7879aff6ad1d1df06xb0 | _:node1ifdmt6tbx11652149
+61249216595,4,+61 2 4921 6595,_:n5f41b96e81554f0a9859240d8ea02885xb0 | _:n40261e08ccca44e7a58adb5477dae400xb0 | _:ne7d22e8726354f96b17a47b2aeaf8f5exb0 | _:n82c2b2b346784bf3b2b4205864bfec1fxb0
+61262015342,4,+61 2 6201 5342,_:ne27b811340e44289a47ab70e948f5958xb3 | _:na5747605ad4a421589d7d34d3a626e02xb0 | _:n365cd126487447d1aa51a639d3bc3d84xb0 | _:n0787eb6be9834b9aa942ccdd2ecd39dcxb0
+61396274805,4,(+61 3) 9627 4805,_:n36f9ef9f5d9b4cafa44a35112d52466axb0 | _:nb1709b3977624fc8bc1b7d0ed3c7dfe5xb0 | _:n2f2aff6fba2a4e4987a55ee42f519f79xb0 | _:ndb414ff7fa234637b1a962f997532ee7xb0
+6281809666777,4,+6281809666777,_:nb14f53c91da54108afd52ed2ac0d0ad6xb0 | _:nc6653b2625a74109bc63522bee297926xb0 | _:nc252fbcbb3624af0be6f7bb85c6a9c6bxb0 | _:nea310c5d31e64b07b7e800cbebcd7515xb0
+6433694543,4,+6433694543,_:n82cb626c14a94e44bfb47976c4698007xb0 | _:n01aea1fbefc44dbca2f078e79cac7f66xb0 | _:n06ff05463dbf44dd90e1dc505d680436xb0 | _:na0d701854e634ea69431b75fbaad2274xb0
+6435469175,4,+64 3 546 9175,_:n925d3c77ff6842f9aadf30cec70cd823xb0 | _:n259da35efb1841cb953fa564787f40c8xb0 | _:n9042be1ea26d43698f0d7b2a6ae40f24xb0 | _:nc6a30dfc93c5407b9d88d3de79dd17aaxb0
+68940803803,4,+68940803803,_:n2b3c4d2c51704916a2913b94915de0f7xb0 | _:n8d0a8c49742a4ad9a0a9a58d3bcd5497xb0 | _:nea69df4815094201ad18491b56a983c6xb0 | _:nf9120fc5f8c449f68420401c576f64cbxb0
+9104443522078,4,+91 (0)44 4352 2078,_:n2b59756161a34c56a55b5d8d285dbee5xb0 | _:n6d9660951e7940d7a4098c286455f7caxb0 | _:nde64a67359434724a83533fb161afca0xb0 | _:n65b7d81a69c143bfbbb483db00a82625xb0
+917012442990,4,+917012442990,_:nc017dc60732443418c7b3a70206d853fxb0 | _:nc01d5a836bfe4e75af42e5d1c7fbec7exb0 | _:n4445ca1d452a4de68aa2ebc078b9d011xb0 | _:nfee565eeaf38458eafdb25a491ed0bebxb0
+918176060012,4,+91-8176060012,_:n416843f18a7046a78a2c2eec85b08c15xb0 | _:nddb653e3ee6545138b2033acce32a5b0xb0 | _:n89f1539324cb48229ce921406c92046fxb0 | _:neca20fa8af774fa4a5a66378ce5bf399xb0
+9182880081218288008120,4,"+91-8288008121, 8288008120",_:n5517d003935741f1ba3fcc514f4767f2xb0 | _:ne1dcf5cc90f74c6cbbeea8847c0e1656xb0 | _:n6c1c050a1bce4c13860fd702750ea495xb0 | _:n019f45f157a743f6a08fd3435e38e213xb0
+9182973469699949084073,4,"+91-8297346969, 9949084073",_:nf3c2e0a34bf8473fb51831cb9aa128dbxb0 | _:n9baaec8f81e14dddb39238b41675777fxb0 | _:n8d03ade84f5041bd80557ea842264349xb0 | _:n478dec40d77c429ca1d25a5776e31afdxb0
+918922277388,4,+91-8922277388,_:ndb2b9fd362534366b64c0f918f2b60dexb0 | _:n9009979b8a40402cba0d8a940018c897xb0 | _:nf2ca8116ac92475598e764eaac78dd3axb0 | _:n016aeb365ab64791b36b091806b8a7d3xb0
+919167255440,4,+91-91-67255440,_:n92d6274b22cd4729a1d8ec08a31ac84axb0 | _:n3acba47ce09b40e8bd9eafd355e37894xb0 | _:ndc6e3c0103844713b05946ce2870d1f6xb0 | _:n39e4f80e7ccd426ea83d1d022c7dd728xb0
+919915999224+918146651550+911603044444,4,"+91-9915999224,+91-8146651550,+91-160-3044444",_:n08241053a20a436eb4ccfab952f6e295xb0 | _:n0ba0f4ba6f14497b865f74f224a00969xb2 | _:n7f9e90a871434474adfee28a6617e284xb2 | _:n84e7b2b616484127af962c4953ecedadxb2
+967716644453,4,+967716644453,_:nd695178d28bf4d69aaabc6d9d75e9240xb0 | _:node1ifgba0b8x100952 | _:nb1b587a8aae74134a1eb25f74f310335xb0 | _:node1ifgc31blx4058247
01127871018,4,011-27871018 | 01127871018,_:n7587ea670eea4cf49e4a4dd44cb7d91dxb0 | _:n441cf48e06544105a9c202133d7a5495xb0 | _:n522c599fc73746f7a793434b42a85a1dxb3 | _:nf44be242ef6d4c3383b5d403ada069eexb0
01132908283290650,4,"011/3290-828, 3290-650",_:node1iff0qvrjx11752675 | _:node1ifd0kcp7x2131459 | _:node1ifd34cgsx9757839 | _:node1ifedcd5ex11892711
0114011216,4,(011) 4011 216,_:node1iff0r11px21909488 | _:node1ifd4pq0fx14440994 | _:node1ifd0kiurx2138589 | _:node1iffl7iqax7372717
0117856116,4,011 7856 116,_:node1iff53ok5x35216370 | _:node1ifeeptdax7228195 | _:node1ifdnk6ccx9741553 | _:node1ifd0kmplx2100839
0135269424126942422694243,4,"0135-2694241, 2694242, 2694243",_:nabc57593a0664a5292bedc15dcd24df1xb0 | _:n5695485798914885b586cb2213f455dexb0 | _:nf4a6df08c2564174ad390ab5453f5313xb0 | _:n8decfccb67f048cf9bdee466c27bd291xb0
015122200442970024,4,"0151-2220044, 2970024",_:nb927936096d14bf3b591a8e640ab5696xb0 | _:nafff8a387d934a3a86b304e927c1787fxb0 | _:na2ca777e6622416f88cdeaa5a9ef9fc5xb0 | _:nb18e09dd013d47518ac019338e6fe040xb0
01795661011,4,01795-661011,_:n3bd86b7a19164211b04845f41ccdfdafxb0 | _:n64433e292a1742f9b1d7497a6ffb10dcxb0 | _:n99f4a79cf107422f83064ad7c9ad4f05xb0 | _:ne22082c374db4d22a800ca71252b62e3xb0
01824517000,4,01824517000,_:n960ac700de9048408e752fc176cca424xb0 | _:n9bc2fbd3d84b4cc382bc57245bca6d6fxb0 | _:ne8e40cdf64d945ba898ad93148a50827xb0 | _:ncb3eb436d43a4848a1f91d977527e429xb0
01881231112,4,01881231112,_:n666d8c801dc24c05809c772f80379babxb0 | _:n3b2df0b4619142d38d8bf34ce2cb4dfbxb0 | _:n12af33d2b64647b6babb31f7ae273b02xb0 | _:n3123058c9ff540b79d502989ceb77288xb0
019239078442,4,019239078442,_:n738690b697464669a7b4623865e86033xb0 | _:n0a451842cf094cd9b346b11c5c71bc84xb0 | _:nef7b411dc7ba4ec5b68e2b785f2c0952xb0 | _:nc9ddb989cd1d4951a46bccb8f2ed6854xb0
02240989000,4,022-40989000,_:nacaf7fc2fee14ff9b39be19241e88269xb0 | _:n57b3cbbe050943f893d835e588f71c8exb0 | _:n636f9a235981483b8c6202a0ad9b3ceexb0 | _:nbe3c41389e584607a16adfed54f39020xb0
02612463017,4,(0261)2463017 ,_:n36e242c8297348d091556cb0c47ad039xb0 | _:n2cc349a80c664cdea3d95b6120f4c7f7xb0 | _:nd287eb68222f43f29b69aa6986e2706dxb0 | _:nf0cfec8ba4d84ca6930974b73bf10eb4xb0
0454100515,4,045-410-0515,_:n220d3d2edfd0452085365fbd1a53682exb0 | _:n6a523ad7aca642a792cc9ae3150560f3xb0 | _:n97f11de041884eadab6e0b3d542b1b27xb0 | _:n322b258dd69b4eacbe26a22a22a815daxb0
0479237544023754422375443,4,"0479-2375440, 2375442, 2375443",_:n9fd4cb9025984100b5dee40c1bf0f323xb0 | _:n94c8963b36ab432b91bf39d9908bba23xb0 | _:nde1e203b2457442493fd3031857a5b6bxb0 | _:n7119bc872d164356ba8cbbeb696da147xb0
0532660036,4,0532660036,_:n7d137b77a9134d46bd3d2e7fdb897fc9xb0 | _:n9643f8ce6eec4641b5521e5fabcad610xb0 | _:n61a868646f294b80b52b85abda2de124xb0 | _:n7706487577684840b0a9964ba03f4586xb0
05712700920,4,05712700920,_:nab3c385454eb4bfb9de4f97b79f39109xb0 | _:n1802ff4623ed4a0d8d11375f109600b3xb0 | _:nca7cf659720d434698d7f6fdba903960xb0 | _:n0ed2e55f31754a73b907d1a6e9aef064xb0
07122801423,4,07122801423,_:n5a88a342300f42ad9b0054286171edafxb0 | _:nd6380ed88f0d45da8087858352dcf254xb0 | _:n3ce03af757164ab587394841aea5364exb0 | _:n151dd25d43fd45c5a1037c7dfb347bdfxb0
07152240152,4,07152-240152,_:n1ded4c4c4d2843d8ae56c4eb49cf36f8xb0 | _:n5fc29d38aa484ed1b2f9393d85d8becaxb0 | _:nadae02b0cc4d4abda4a3bf4de7e4e190xb0 | _:n7bba610b682e40018a5cc44d37785cecxb0
075527516712751679,4,"07552751671, 2751679",_:n8c6ccf6abe66459b8f337e0abdbf3fd0xb0 | _:nfbb6eac8dcbf4f8a98e4cf2b43d33d60xb0 | _:ndc25fb96fde44749a257d451da8ca9e6xb0 | _:ne9abd8967e934dc2be471b4297acb28bxb0
076126322732794001,4,"0761-2632273,2794001",_:n499df4198b4049cb97bad4de63336584xb2 | _:n1e98e91243934180ab3519a012317759xb0 | _:n751fb81f7d7a4cbbb82cc13480fa08ddxb2 | _:nf28b1f93600247b5aa5624cce9160ae9xb0
0772288000,4,0772 28 80 00,_:node1ifdc1bopx9172930 | _:node1ifdhe8d8x8531504 | _:node1ifd8t9i4x18959824 | _:node1ifdgba5cx1164978
07923952052,4,07923952052,_:n115a532ce8a149faa8b4c8ce53568ee2xb0 | _:nb16462eed5744dbd828bb7b5a98d4802xb0 | _:nc90a3e9b2c5f42559d388ef875b1635cxb0 | _:n0420b0dd2a4546ccb3f1b2d5bc9b75d9xb0
0969940412202472251712251011,4,"09699404122, 02472-251712, 251011",_:nf321f2356d0e4984bc00d67f3e759d05xb0 | _:n88c3bd7a85574c38865b6ec08c7e62e7xb0 | _:n923ba59cc6b84d249bb93adf71e0ad49xb0 | _:nae1dca48673347028354991685e6785dxb0
14158647326,4,1-415-864-7326,<http://www.cardiogrm.com/> | <http://www.edminfozone.com/> | <https://sfcm.edu/> | <https://www.sfcm.edu/>
14166755067,4,1-416-675-5067,_:n815a5f312132486bb8c6e2e736d8a296xb0 | _:n56c85415d8df4a7fa4264fdffdff54bcxb0 | _:n4cdb65be9df14834b9c74d275944964exb0 | _:nff63a15f24674b7aa7cbf6473a9cb394xb3
18001025138,4,1800-1025-138,_:n7d858fddac04493497668743b09fc907xb0 | _:n509207a1bc8449ae8a57e7274b46bfcexb0 | _:n26052538422842d9ba62eab8f5836d29xb0 | _:nc8a5225805044c4290b1104a0746f37dxb0
18002094567,4,18002094567,_:ne2e83be7295e486da71fbfbc3ed24f7dxb0 | _:nb17b0a22d2ff46b9aa46f248ee4e8accxb0 | _:nc39f95bd705447fd987d15e49ac46bf5xb0 | _:n7ca3a36ab6304afab76a1fb56bff3e85xb0
2024440796,4,Phone: 202-444-0796,_:node1ifg2hjjgx17416224 | _:node1ifg9d9c3x7680190 | _:node1ifg4t4l4x15100343 | _:node1ifg5tdqfx5373358
2024448640,4,Phone: 202-444-8640,_:node1ifeeatusx35086515 | _:node1ife5bqlcx62409695 | _:node1ife8pp21x52639220 | _:node1ife3r7avx55460258
2025507000,4,2025507000,_:n39ab0872df5540b28de3a1cbf258ce2bxb0 | _:nce00367a0db74ea5825869d563c6c811xb0 | _:n8aee66d8b3a34dedb52c538cad87636cxb0 | _:nfb37d4c45e434160a452b6fa1e237593xb0
2026870321,4,Phone: 202-687-0321,_:node1ifd6t5utx465246 | _:node1ifd0kemsx18102508 | _:node1ifd4q14px5601189 | _:node1ifd6t6cix390093
2026871061,4,Phone: 202-687-1061,_:node1ife4ftajx12937750 | _:node1ife6ul2ox5609482 | _:node1ife3r73ex15394530 | _:node1ife77gffx3178725
2026871938,4,Phone: 202-687-1938,_:node1iff48efex3926726 | _:node1iff6qdnix4082809 | _:node1iff53tglx8907449 | _:node1ifencfsix50999707
2029946040,4,(202) 994-6040 | 202-994-6040,_:n3a222391949145d2834292579167b24bxb0 | _:n0e802296a61e4524984592080947128dxb0 | _:n4020e52358a14b8988505b23a146af3fxb0 | _:n8796ca8335bd448db95b9cb238b5aa34xb0
2147687587,4,214-768-7587,_:n4370a2d6858e43aeba42ba6f58331f69xb3 | _:n737e95830d8a4b64a49fc2fd4f9850fexb3 | _:nb34abd13cf9b404182e80b6e5c72c2e3xb3 | _:n1b3535cd2385407482bc685adb09a1afxb3
3014055803,4,301-405-5803,<https://umd.edu#creator> | <https://umd.edu#identity> | <https://president.umd.edu#creator> | <https://president.umd.edu#identity>
3169783456,4,3169783456,_:n3615acc03ceb4fa8bcc5a9cc5bbda675xb0 | _:n77e66232be0749fe86ac12d71b1e8cb5xb0 | _:n7912bdd4e6b441c481baad845ebcf6f3xb0 | _:nacc50b53420f4bf38c2adbc0c7d4d2f3xb0
33358660001521,4,33 3586 6000 ext.1521 | 333 586 60 00 ext. 1521 | (33) 3586 6000 ext. 1521,<https://sic.gob.mx/ficha.php?table=centro_educacion&table_id=930> | <https://sic.gob.mx/ficha.php?table=centro_educacion&table_id=995> | <https://sic.gob.mx/ficha.php?table=centro_educacion&table_id=996> | <https://sic.gob.mx/ficha.php?table=centro_educacion&table_id=998>
3865064405,4, (386) 506-4405,_:node1iffuklkox26385522 | _:node1iffuklkox26385524 | _:node1ifdbjul8x37797999 | _:node1ifdbjul8x37798003
4033292053,4,403-329-2053,_:n564a541f95c14c908f31c01fd6c26b06xb0 | _:ne5451803b4a94f7e875b7050aeef5e52xb0 | _:ncc507379873745649593b50cec8e96bcxb0 | _:n4b99ea87586b49f0bb7bc8fdad23d1dcxb0
4048947475,4,(404)894-7475 | (404) 894-7475,_:ndf0b415c1041401abefbbcc164f991c1xb0 | _:nf7a828a6eaf943c5a3ce34c45f5f6572xb0 | _:nc3423fafc0044f0997ecf7a988a4b855xb3 | _:n878fb227d7e84eb2b1a89bee8dce931dxb0
441473338000,4,441473338000 | 44 1473 338000,_:n20ed380d0d2b44b9b06282d9fb1e8067xb0 | _:node1iff0qsl2x22110699 | _:node1ifd21k96x17913215 | _:node1ifernl2hx49418944
5183886000,4,518-388-6000 | (518) 388-6000,<http://www.dlshihua.net/> | _:node1ifg57rg9x6737579 | <http://10dw.bjzgzc.com/> | <https://www.union.edu/>
5596887543,4, (559) 688-7543,_:node1ifduaagmx735580 | _:node1ifduaagmx735582 | _:node1iffsd6tjx769726 | _:node1iffsd6tjx769756
5746317505,4,(574) 631-7505,_:n16e67abe5fc94dd296f887431b3583abxb0 | _:nf67d26c2e5904674b5aa11598082e6a8xb0 | _:n107978a8658141f58c591edde1dcda5axb3 | _:nc2157d1af3844ce189139984ed278af5xb0
656790580607,4,(65) 67905806 / 07,_:nc277bad48fc848da98cf14e36fcd7992xb0 | _:ne08c784dfa9e4f188bd50dd952025a5exb0 | _:n2e809e29bcc649bc9b2f95b70b4bc722xb0 | _:neb31035b0cfa480a940d946f1a4f3c08xb0
7012442990,4,7012442990,_:ne7b092cdf2504b6bb7f2e6444eb51dfaxb0 | _:nf1a950b85ff74f46bd03dcbb7d1cbdd8xb0 | _:n29307428ae90465aa6ec55893439c9bexb0 | _:n790b4fe9a6344c0aa4d595944a00d759xb0
7178467788,4,(717) 846-7788,_:node1iffv152lx1931792 | _:n7da410b1c53443d6b79cdb52ce34927cxb0 | _:n95e76b3181d34746a473e27b0a5ed896xb0 | _:nbe9e4ce3097c4488a8955fea852b9c11xb0
7654940380,4,765-494-0380,_:n89b03525e0e34edf8fb09f545c1e9bd0xb0 | _:n9f0e25a1c536406c8502942c3504029dxb0 | _:nb16daa795c074d0f94f2198c76d7e9e2xb3 | _:na0ada9d6c1fa47449a7ef9cd6302a60cxb0
7857845225,4,785-784-5225,_:nd55849e3ca2a48e0ba8cb8bb4af76400xb0 | _:n8c997af635f149a0b63ad3ee6b2ae0a0xb0 | _:ne062347efcc24680a0203529972d62fdxb0 | _:ne61c31fddf1a4d228aab961be1057c9exb0
8444267322,4,(844) 426-7322,_:n506f560efe5d4b7fbf60ed02c320a9b9xb0 | _:node1ifg58ccvx112752 | _:n83fdc97d0a9c498d820bb68a8cf6e7fbxb0 | _:node1ifg584o3x9604963
8632344777,4,8632344777,_:n14dec9cfba804972abeb78ec0cfc2fe5xb0 | _:n8c0ca80aae6b40d99277624f5f0bc614xb0 | _:nf880a80fdc394570a68dbb3f6f69d16cxb0 | _:n269d6138d10141ba8e94301a2cbb74ddxb0
8800442358,4,8800442358,<https://institute.careerguide.com/study-in-india/aims-school-of-business/> | <https://institute.careerguide.com/study-in-india/iit-delhi-indian-institute-of-technology-iitd-new-delhi/> | <https://institute.careerguide.com/study-in-india/jk-business-school/> | <https://institute.careerguide.com/study-in-india/school-of-planning-and-architecture-new-delhi/>
910332668456163,4,91 033 2668 4561-63,_:node1ife678ubx16985209 | _:node1iff0qskmx7298476 | _:node1iffc1tgjx7375919 | _:node1ifevbu37x29509477
9103627700,4,(910) 362-7700 |  (910) 362-7700,_:node1ifgc6t9tx28734 | _:node1ifg95ptrx7882027 | _:node1ifebbtbax42895135 | _:node1ifei8boex5665089
911146066014,4,(91-11) 4606 6014 & ,_:n2aa4c6b26a4348c0aa58d29a0d96a61bxb3 | _:nc362e5b20deb4b8a9d4366cf3e8a866fxb0 | _:nd7b31272baca415d89cf90bc9694d78axb0 | _:nee11024d36064b7eb8c06406ef99f07axb0
9186312000,4,(918) 631-2000,_:node1ifg58ccvx1843721 | _:n4a4768fe29fc45ecbcabbd36a0b322acxb0 | _:ne5b7111fdebe4d6a8bf558761b1a7363xb0 | _:node1iffegeiax15157259
9589518290,4,9589518290,_:ne19b1f66cf584576be6d4da90f803a0axb0 | _:n220a320bc26f49aba52a8c52157d5fcfxb0 | _:n64d26f54dbbe4ec38a85bde525b95547xb0 | _:nf9493b87666f4985ab2ebea08226d2d8xb0
9916075170,4,9916075170,_:na5ce918cd9ac474c99b2963e09e48699xb0 | _:n0bb817a8b06d43eca786b0737df8a5eaxb0 | _:n6f34a39828e545a28cd529a468a353c3xb0 | _:ncfe624ef5da44db38f0e63b701dbe475xb0
+12026870100,3,+12026870100 | \r\n                            +1 (202) 6870100\r\n                        ,_:nc97f1fae7fd246fbbc28cd4c471bf886xb0 | _:node1ifg649v0x16739213 | _:node1ife4ggo5x35994688
+14107042000,3,+1-410-704-2000,_:n5613ee94dd71485d810032456b315070xb0 | _:n9ab3d4fe04e745e1809a8148a30cc929xb0 | _:ncebe01cc155f4933bedf028433c3777dxb0
+15124713434,3,+1 (512) 471 3434 | +1 512-471-3434,_:n71dfeed603284fd2a7ce3b4dc5cd703axb0 | _:node1ifg58n2tx7250214 | _:node1iff0qmv6x26859548
+15206210898,3,+1-520-621-0898,_:n9e939d67b1a34e8c954f6f82c6a5ad6fxb0 | _:n259e02e776dd44759da642c7588f9873xb0 | _:n4029659c19b64ace9fb73d801f068690xb0
+17035917042,3,+17035917042 | +1 (703) 591-7042,_:n832d93b3280d48b8a072ecf8f276cc97xb0 | _:node1ifg57vc2x11545094 | <https://www.fxua.edu/#CollegeOrUniversity>
+18003751010,3,+1 800-375-1010,<https://tradeschool360.com/listing/interactive-college-of-technology-florence/> | <https://tradeschool360.com/listing/interactive-college-of-technology-gainesville/> | <https://tradeschool360.com/listing/interactive-college-of-technology-morrow/>
+18139748884,3,+1 813-974-8884,_:n7bb045e2fff441b7b66f562e62d624e8xb0 | _:nc2c63f4278fe49db832c40956042872bxb0 | _:nf0f76f3f13bc41908a0c18fadb5d83faxb0
+18662587537,3,+1 866-258-7537,<https://tradeschool360.com/listing/uei-college-chula-vista/> | <https://tradeschool360.com/listing/uei-college-morrow/> | <https://tradeschool360.com/listing/uei-college-west-covina/>
+18664327472,3,+1-866-432-7472,_:ne90f84e15bdf43a18150e76db37634ddxb0 | _:n53612bb4268149868c2a96c8bfdf74e4xb0 | _:n2380d1d85d0c49858f094328ec3ec1f5xb0
+18667223338,3,+1-866-722-3338,<https://www.pace.edu/> | <http://www.kriskessey.com/> | <http://www.contenta-arwconverter.com/>
+330153364400,3,+33 (0)1 53 36 44 00,_:nea5c55c5bcd04547a4c59482701c33d3xb0 | _:n534727a8d2554a4ca29c23e79e1a09b4xb0 | _:nb45ad815db2a4d5a88dee7c036d547bcxb3
+34932517104,3,+34 932 517 104,_:ne2231b3f33c445cf9e71257d89bac2cfxb0 | _:na0a4218eb9db4fd8865c9986fa33d5f2xb0 | _:nbfa974762e2e4bba830ab8b3fb787cb4xb0
+390282243777,3,+39 02 82243777 ,_:n05b87e268e564ac58582c978f7a159c4xb3 | _:n4a2e123758f2420abb0d867a86e6c85axb3 | _:n882a28d030334f518041ed6a6338b5ccxb0
+4401183785044,3,+44 (0) 118 378 5044,_:n087d59731a994479a1dbb61257ff1964xb0 | _:n6a06be779c40414f9e26f1288818fdf0xb1 | _:n6a06be779c40414f9e26f1288818fdf0xb11
+4401225388388,3,+44 (0) 1225 388 388,_:node1iffdmjlbx4929967 | _:node1ife8pdj7x9736579 | _:node1ife5c49ax21759927
+4401316504360,3,+44 (0) 1316 504 360,_:node1ife5bqs2x7449283 | _:node1iffaajgvx4794143 | _:node1ifd0q3gqx19670546
+4401509263171,3,+44 (0) 1509 263 171,_:node1ifeva07px29478666 | _:node1ifdnm0pgx61596457 | _:node1ifd0kmplx22274818
+4401904624624,3,+44 (0) 1904 624 624,_:node1iffuvaaax2383948 | _:node1ifebr0cnx47353744 | _:node1ifg4sp7nx2333857
+4402078156189,3,+44 (0)20 7815 6189,_:n6bd1f15979354a90be8938fd03837b9bxb0 | _:n9cd2be25ae54425baf80e7932976acb8xb0 | _:nf3ea28599b58496bb2de1afc4ddc591exb0
+4402078365454,3,+44 (0) 2078 365 454,_:node1iffmbmiqx19797782 | _:node1ifdtq8ghx17204153 | _:node1ifelq264x16052502
+4402477659542,3,+44 (0)24 7765 9542,_:n225a604849484375988b5a657116bf5dxb0 | _:n40922b00748e426993564264759d1865xb0 | _:n5336e8440867402ea4d3d7efbd1b4e86xb0
+441142255555,3,+44 114 225 5555 | +44 (114) 225 5555,_:node1iff0qq3ox17017642 | _:n910074f621a443fe9428bd5125bc9320xb0 | _:node1ifev9te9x17219728
+441183786982,3,\r\n                            +44 (118) 378 6982\r\n                         | +44 (118) 378 6982,_:node1ifg4s8m7x14200790 | _:n078c830de4f247339548ef8fe0d363c0xb0 | _:n9f940d1cc0ee4747becf94bab6386beexb0
+441206873333,3,+44 1206 873333 | +44 (1206) 873 333,_:node1iffm9fhqx17041419 | _:nba53c8617faa4e0f8a35b0a05b46afa9xb0 | _:node1ifd6t6cix4817101
+441273644644,3,+44 1273 644644,_:node1iff48em4x7243479 | _:node1ifd4r8bax9917150 | _:node1iffsrh51x22777978
+441280814080,3,\r\n                            +44 (1280) 814 080\r\n                         | +441280814080 | +44 1280 814080,_:node1iffavq5bx14014804 | _:nc4035ec0792d4490901bba9d416c33d6xb0 | _:node1iff9iqt6x9480271
+441314495111,3,+441314495111 | +44 (131) 449 5111 | +44 131 449 5111,_:naa1474784fff41869236d3b5038a20a9xb0 | _:n4a519eeff4f1465a9b7cb2e2f5dd5a9bxb0 | _:node1iffaao4bx2349640
+441314740099,3,+44 (131) 474 0099,_:nd6517ccafa564e8ca9b6d8e3722b9289xb0 | _:node1ifd4r8bax9901940 | _:node1iffb9jb3x7282006
+441334476161,3,+44 1334 476161 | +44 (1334) 476 161,_:node1ife8piilx9795382 | _:n0a8f4c26da6340c091206f0c9379e7f9xb0 | _:node1ifd32j30x14844798
+441392661000,3,+44 1392 661000 | +44 (1392) 661 000,_:node1ifdvcpbmx34556465 | _:nc53d80bfb4b34c4a832c778236a80f82xb0 | _:node1ifenc4gqx2375794
+441413324101,3,+44 (141) 332 4101,_:node1ifernl2hx48394316 | _:node1ifd2m0jqx9947892 | _:node1iff9tjgjx2367298
+441483300800,3,+44 1483 300800,_:node1ifg0c5tjx2398833 | _:node1ifd0kcn7x29607519 | _:node1iffc1409x7286254
+441512315090,3,+44 151 231 5090,_:node1ife8pi8cx10006499 | _:node1iff0r11px19750868 | _:node1iffuto4kx7351966
+441522527347,3,+44 (1522) 527 347 | +44 1522 527347,_:n1c564cbc13b44f2f8c160000fb2b5fffxb0 | _:node1ifed8601x32064051 | _:node1iff53rmcx7519529
+441604735500,3,+44 1604 735500,_:node1iffek9h8x2460573 | _:node1iffcql36x2374478 | _:node1ifd4pruex12295649
+441707284000,3,+44 1707 284000,_:node1ife5c3vgx14813036 | _:node1iff0qr8ax14697232 | _:node1ifd8teq4x22084247
+442075146000,3,+44 20 7514 6000,_:node1ifd3s8olx12158365 | _:node1iff0qve8x42021725 | _:node1iffek8nrx2375062
+442076792000,3,+44 20 7679 2000 | +44 (20) 7679 2000,_:n040465d78e7947dab027d35ec2c74715xb0 | _:n8a66a6ce0518459f8ac6872f41df3e8fxb0 | _:n9f959321901c4e7ca30cb443df4582fbxb0
+442079197171,3,+44 20 7919 7171,_:node1ife776jmx15419661 | _:node1iff0qqovx19790840 | _:node1ifd0kp0tx39715559
+443339006040,3,+44 333 900 6040,_:node1iff6skd6x9873495 | _:node1iffv19tkx7156715 | _:node1iffc1tgjx4781489
+448455760101,3,+44 (8455) 760 101,_:n3c5745cda48b4fd8848357f006fae65fxb0 | _:nba1ed70887e843cb8a7f86872ce06b79xb0 | _:nb7b8e92582574fe1a3dfee6f57f9b9dbxb0
+4906419916400,3,+49 (0)641-99 16400,_:n97073f9dca0346b6bf4bbb3a9e01cc54xb0 | _:n0bf4dd7f10fd47768528c1834174e710xb0 | _:n3cdfbdbe134643ab8da068cc3e2a191cxb0
+49071168568599,3,+49 (0)711-685-68599,_:n85bcf7592f9343cbb9124b4f03ee5c1cxb0 | _:n23cf427285ae4103af3cb88170173264xb0 | _:nf8c99a8853674078bcdf73925b7f8da8xb3
+493419732020,3,+49 341 97-32020,_:nb404602b65bc48ef8121bfc90cddffb4xb0 | _:n7ef66551770648eb95a943edf178c2d2xb0 | _:n4c4927ea64334261b51a57395b874bc8xb0
+525550623405,3,+525550623405,_:n3446e49699ce4889bc8b445238b5e970xb0 | _:n91b30b2d12294a71944961670e1835c4xb0 | _:n1f45b9a85767465bb723bab78af3e674xb0
+56229784372,3,+562 29784372,_:node1ife8pd83x18075132 | _:node1ifdbaonrx8120593 | _:node1ifdvcpbmx10892923
+56229787004+56229787026,3,+562 29787004 \n+562 29787026 | +562 29787004\n+562 29787026,_:node1iff6qi48x3189399 | _:node1iff0j4ajx17671641 | _:node1iff6qlbgx17780496
+5712427030,3,+5712427030,_:n515d70a8eb49441399f9b3d5d5b9ea08xb0 | _:n734fa34f25164e3ba7a8b791e39f2ea1xb0 | _:n5bb138c4d4834786a2dedd1a6f317261xb0
+61396274854,3,+613 9627 4854,_:n3a6dc0a58e894422af21377fdaad1407xb0 | _:n8cef39c87cc041fab619860e566140cfxb3 | _:nae13a07e34ad4da39f0e51a31e77d9ebxb3
+61399191164,3,+61 3 9919 1164,_:na4b3767bd5244295bc8eeeab57225fdcxb0 | _:n11dbc95357bf4e4aa66ff8a71eee7c14xb0 | _:n45aeeaeb89a447bdad5351d5ebb79eb0xb0
+61737356425,3,+61 7 3735 6425,_:n5c926cd5160849878095e6da63fbfc67xb0 | _:n2a7503354ed94c12949d54667d2a7e0dxb0 | _:n5e99017663064c80bf6c0ced42f87318xb0
+6493030402,3,+6493030402,_:nc66d1eed78a042c3b3271e576180370cxb0 | _:nb6d6f8c823a54037905f1b2435277186xb0 | _:n14fea6a1aaab4a1f8a89b0c26cf8b491xb0
+6493796628,3,+64-9-379 6628,_:n12c74381cbe24455bf9a770c88a6f2cdxb0 | _:n6f8c47f7bf784b1f8303be59f9ce4c4axb0 | _:n47daea13af694be89bd11b4cceba548bxb3
+9111265447007,3,+91 11 2654 4700 / 7,_:n5ff2ed3abdce419aa71476f15b11e801xb0 | _:n57f6b008bdff4ab6ba8dfe8aac6f685exb0 | _:nd3a9a68803f64b0080201c45ec4dfb59xb0
+911140546760,3,+91 11 40546760,_:n41fe1db13e144fdcb0115a6b3fbab673xb0 | _:n8a480666aa904572bb769a0f41bb0893xb0 | _:nf5f36ceb9f3e45e8bf011161684387b5xb0
+914222570170,3,+91 422 2570170,_:nea6ba16a1046420998a0e705a25012caxb0 | _:nc056d7d4ee6d4685aff04b7e955a447cxb0 | _:n2b1a2c0a7dd44ea5862b600cc70bb3cbxb0
+91443718111137181112,3,"+91-44-37181111, 37181112",_:ned9b40a9a5944079a1493635dcae9d53xb0 | _:n7581880ec8c9425bb2c691773e8f3a16xb0 | _:nfdd4788ca1174373b84a4b96fe4b1c19xb0
+917022016737,3,+91-7022016737 | +91-7022016737\n,_:nb968a223e5ea44b1b78ff6bd8d98186fxb0 | _:n45d914b64f67440fb42e8cf1b3bba552xb0 | _:nffca6253c8bd4fe4a249b4862fa968efxb0
+9170457801277045780128,3,"+91-7045780127, 7045780128",_:n6e5aa010f0bd456d8b48d64f2e603114xb0 | _:n87f96159c22941bcaa70561b7fccb820xb0 | _:n7a4161ec6ab145698738ed0d01a9dc5bxb0
+917312439666,3,+91-731-2439666,_:na792cac33003457182a778fcc1fb50c6xb0 | _:n35e2f373b1d440f4b3fb1d075947d000xb0 | _:n789ee7ead9b5455ba89f72da94171aabxb0
+917338237755,3,+91-7338237755,_:n4dd7b29fbfb340c0ae9c9c38a673220exb0 | _:na9948f894f5a4b129122dde74a282702xb0 | _:na403894b8e774c74ad6131b3740bb0f3xb0
+917382616824949145779908678273535273569,3,"+91-7382616824, 9491457799, 08678-273535, 273569",_:n14ed8756bcdf4744b27b0d1ac7c94221xb0 | _:n23cee8b2cde441cbb8c6648453d69825xb0 | _:ne458fe5c431c4be0a036acd6b9c84125xb0
+9175992772179568006098,3,"+91-7599277217, 9568006098",_:nee6b3755286a4566bfd16662b9cdfbb2xb0 | _:n55992b9c7e934090a6676f493315dd34xb0 | _:ndd7ed36e77234d8cae288c01c3122aefxb0
+9177954545777795455677,3,"+91-7795454577, 7795455677",_:ndb225863934a45499fce2771db5f8a92xb0 | _:n0830030bcb47413eaafed7e8afae5526xb0 | _:n335e455e5a404168a70eb8d754855034xb0
+918081209500,3,+91-8081209500,_:n86c031444bdb4e359049a5fec76a64a4xb0 | _:nc27c5f79a63240e2b750aaf1744e0b26xb0 | _:nbc154db90ea746b592ce1a37248e2fa3xb0
+918392939386,3,+91-8392939386,_:n389dfdbcf03d47e69c2c03a0323fea6axb0 | _:n201b231b3bf348329b00d6d4b5cffa5dxb0 | _:n4c39278f3f68401fb3e27b6439a93e7axb0
+9191623366449341912202,3,"+91-9162336644, 9341912202",_:ne9975f5ea6a24a10ab9e37ca77e09b1dxb0 | _:nebd1d862555349e7a10d2c4a328ead37xb0 | _:n0a8277da0b6243b49f3ff9aa94ee594exb0
+91918840517204822271737,3,"+91-9188405172, 04822-271737",_:n0da17f21d4a148bc9a552e988b4d659cxb0 | _:ned661ca66b3c4aa596df71f807bee20axb0 | _:n2927722eff194afcba54e36c3236bfa9xb0
+919243777733,3,+91-9243777733,_:n4f106a92f37a428ea747ad3f7f1559ebxb0 | _:nb9d875dbff224616b97d9cc7ab19d940xb0 | _:n179ee7c0128e4c218e10d873ff64c8f5xb0
+919513795020,3,+91 9513795020,_:n2af9279b1847494aa6d899e8b939934cxb0 | _:n661eb5b3c81d4b6bb8924a0105280ea0xb0 | _:ncc8373a4b56e40a8ae508e8eaacf2a0dxb0
+9196057715557510331777,3,"+91-9605771555, 7510331777",_:nddb03cee53bd44daa1e93724a9548793xb0 | _:n145afff4930c48eeaccf8ed7f96b5ab8xb0 | _:nfb1547786cf54a899bcdc455611dd952xb0
+919619684021,3,+91 961968 4021,_:nfb4b879bf61246a48a22afeb8172e717xb0 | _:nd50214a8cea648f9bf12671d897903e0xb0 | _:nf26054ba135a4e66bfe1980ee2435b63xb0
+9197520655559109103523,3,"+91-9752065555, 9109103523",_:n1ee8d5b9e59644aebf38abcfffa78f7cxb0 | _:n292a3ace7a9042cca38a7232f8df085dxb0 | _:n58a97885ff0a45118a3af9d8ff39678axb0
+919756477788,3,+91-9756477788,_:n58c6bd8dabeb4f5abfcb697d329a63d7xb0 | _:n719e536b335b4e459f69816bad7fcdb7xb0 | _:n9bc1a6a3266740d9873eb6b03eec68b6xb0
+91982232306902025453489,3,"+91-9822323069, 020-25453489",_:n45dc80cef7a04381a36140e4c8d6ef76xb0 | _:n090acd4081684cea9557963060f69779xb0 | _:n7028a3c1e3b34c4ba0ea509987287d8axb0
+9198282881839828288822,3,"+91-9828288183, 9828288822",_:ncdd75c46f876429aa10cb0cc7e0ead01xb0 | _:n553937c2071841be85cf303c0c2e5d51xb0 | _:nbbf143a53ac5407ca9040cd75f85d1b6xb0
+919914864000+919914865000,3,"+91-9914864000, +91-9914865000",_:n2317d5b2bea34557932e5ca31126f064xb0 | _:n23ae7fc858ee476e82c5d4b416fb9e13xb0 | _:n971f2b51f9874f70bd88b16f89567ee7xb0
0018446513777,3,001 844 651 3777,_:n46dd9fcd6e4e4b689af69cbec22f8072xb0 | _:n0bc829446a0941569d1074247e05f740xb0 | _:n618d6d565aa3471eac8f76913ae9e0a8xb0
00440120687482,3,00 44 (0) 1206 87482,_:ne09fdf8837d24517998e1b5192fb20b4xb3 | _:nd6931ad8b8f34ecca37fcb75ce844436xb3 | _:n487bbd6b14b34cab93bd211ecfd86894xb3
00441912274274,3,00 44 191 227 4274,_:n1643ae3d19c44b299c6892b9fd63fee0xb0 | _:n53f297d1f9ae4d14bf233e070122e18dxb0 | _:n52cb7270831148b2b123baa7154d68f7xb0
0112506320825063209+919312352942,3,"011-25063208, 25063209, +91-9312352942",_:nb8977737304a4df9829dc8c2a77a5bbexb0 | _:n64a3d8c64c6a4e88ba5b761784e700e7xb0 | _:n6162187a7a4e4b4ea97ea212dc8cbaccxb0
01126597135,3,011-26597135 | 01126597135,_:nbcc74285ea4a4d65b29908b4ace0b380xb0 | _:n7c1db452400b4ab594ef9b7b966f973axb0 | _:n50693c377c29489da71f089fecf28c66xb0
0113914720026853956,3,"011-39147200, 26853956",_:n8fdd939c9995405686f198c5258015a3xb0 | _:n95a345e12ed24c73af19cc26550e6c62xb0 | _:na34ebaa76f144988a92102ae7df67d91xb0
01147194176,3,01147194176,_:nd325cafa72d34b92a66d92bc61955443xb0 | _:nee26a740d0494b8c90d4ca661f84c1c2xb0 | _:n165b7406019a4fbfa50b549665620983xb0
01202445252,3,01202445252,_:ne87f18897c3e4ad2a901918f911cfc2dxb0 | _:n429903fab67a4a68b76a4844aa0e2bf9xb0 | _:n5f835949e21a4e7f8278f2aeefa4a8fdxb0
01204550100,3,0120-4550100,_:ne11355791d814cd7953527ec962f669fxb0 | _:n5f433da48c584b978bbec6ae5e3ff35dxb0 | _:n75a4949bfc0a431092439b44c3a85ec8xb0
01332284289,3,01332284289,_:nad2cac9d41424eb28b3ed8a9719bcaf4xb0 | _:n1380567f2298474bab6b0e40ee8ba039xb0 | _:nf68aaff19b1b42cc9d039c408bd4716exb0
016427860419501115401,3,"0164-2786041, 9501115401",_:n02f85f1275d74fb488c37d62c0ec088exb0 | _:nd787c786ae8e4ba2b258e62f056c2be8xb0 | _:n995eb16864904e7aa0c82ca80f07620axb0
01762524000,3,01762-524000,_:n296ab8414c7444e3a5ddd5a5740cc91dxb0 | _:n5645b997febb43bdb672d9d30d048072xb0 | _:n750bbd17c731444ca74e79ff52e4e51axb0
01835069527,3,0183-5069527,_:n08e3499cf6c54ef59e842effd768c378xb0 | _:n433e042e577747b3b778bee48c8a2661xb0 | _:n4802391c0fc24da1a7e1d4022493e8aaxb0
01881227078,3,01881-227078,_:n17fad73ae8c44c72bec784f0066e976bxb0 | _:nb6371f8cef8a4872a216ec59015154a4xb0 | _:n764ab71bcd5b487bb009199fefcb9eedxb0
01972254001,3,01972-254001,_:n7fdd1f892d6b48f3ad2dbd1715cd8591xb0 | _:nf6925fe2e55a4102ac0835598e0812cexb0 | _:nce1edf626f814cfd9cb30a6baf8e793dxb0
0202435493824100295,3,"020-24354938, 24100295",_:n0a6d96ad3c2b4ff2970e3659c2a15b14xb0 | _:n45035323d3be47bd8836718782156d76xb0 | _:n47399b592d124e159941da16094a75c0xb0
02025656775,3,02025656775,_:nd6e88e5959d14a39b32f0c5ed0ff2ad4xb0 | _:n97dda04c2c3042c29445624b1ea581a0xb3 | _:nce22990279db4c11a842fbd9059d8234xb0
02027658596,3,020-27658596 | 02027658596,_:n19f65b5a858e4aa88ffc16aa9b41bab7xb0 | _:nbfc933593e8447ed80a6422583812091xb0 | _:nf741a0570d5c4e6189c9b992ee07becfxb0
0206193628402061936022,3,"020-61936284, 020-61936022",_:n55a267d6a1104024b49589821e188c59xb0 | _:n39a921af3d5e4e1790a44d9ab74d0f66xb0 | _:n4b73fc7b93b746daad063c1e7c4eaf9exb0
02224198102,3,02224198102,_:n819c3fa1973542948824e267d42f2237xb0 | _:nba1b0b75025e40b8b1f39eb3c156b970xb0 | _:n73e2c98e75284aedafc9a7d60766014cxb0
02226230396,3,022-26230396,_:n0c0ca37223bf4aa7ae4ccafdc047685axb0 | _:n88250671bfcc4f36a4e19aef67c139efxb0 | _:n271c786c336443bcac69e82a53c6054dxb0
02227747100,3,02227747100,_:nbdf7a9fcaa3242d9b0eef2afc55483b7xb0 | _:n88fcfe2c29a14f8ca11ea04de3a55facxb0 | _:nb0b493af20224bf79b45d78d32d7bb94xb0
02582275268,3,02582-275268,_:nead7dce2beec4a108a9b41b8105ded71xb0 | _:n102e94e5f4f9447887637a1fb3c2e1eexb0 | _:n419bfd30d6f4439c98c8df78d8fb6d0cxb0
02612653139,3,0261 - 2653139 | (0261) 2653139 ,_:nf453525a06594fc6a732efa6b7cd933cxb0 | _:nb6937d65f6d24864a735f43084e1d431xb0 | _:nadea3137a9fb4cd687e6a98bdb2c16fdxb0
02882553515,3,0288-2553515,_:n3fd005e6627048a3a3911c18729160b4xb0 | _:nbb9b073dc0d44cde8930c4e7669daefbxb0 | _:ne22b8426f8194634a1ee82a7513dd5d8xb0
0320400012,3,0320400012,_:nc252b2f2bf6f4bb192448dec042174d4xb0 | _:nd020f3a5e8b9444199ceaeca0602bed0xb0 | _:nc7d77bd019bd4a1585b61e73839d0632xb0
03262235001,3,03262235001,_:n00e8c6ead8aa402688b17449eb9a52eexb0 | _:n57c16f715cb64f14a101c3863f099ae5xb0 | _:nd2787ac1741041e38fcf29d61354a301xb0
03325557656,3,033 - 25557656,_:n939d86d1721b4e0bb52f02ff3b00f693xb2 | _:nd00ce4052355453d86cfa326fa374ff3xb0 | _:n29e96c93465248ff8892e0a25c4453adxb0
03366270609662706006627061466270622,3,"033-66270609, 66270600, 66270614, 66270622",_:nf5a2065058714f1db8d5c438c97892c8xb0 | _:n5b7b1e6841a040908da2e3bda0765c73xb0 | _:n02fef8a2eed94c149a6ed30edca74c39xb0
03473233318232273,3,"03473-233318, 232273",_:nf97430407f444b69812094240adc898fxb0 | _:ncabaf86cc51d4d1897314f2650987563xb0 | _:n56e9aff6110f4e74804a6a1620462076xb0
03612583000,3,0361-2583000,_:n8221701364ca4eac97ffcfd31a9fbbd6xb0 | _:n8835de7415fe4372baff25f7dd46c1e4xb0 | _:n47556e9cdd6b49e1b5f059c2d8516a46xb0
03812865752+918415952506,3,"0381-2865752, +91-8415952506",_:n2a2153372b1f4dfeb0c4213a0a7c87e2xb0 | _:n06074d908ccb4419a55c9a2106804b99xb0 | _:n6182c57dc9214b0bb90307b0e581d067xb0
03825222270,3,0382-5222270,_:ne6596d6ef027432197e98e4afef96534xb0 | _:na8a334cd964d44e38e0635a600e4dc81xb0 | _:n076f056e4f514a029dccb485f54cd55bxb0
03842242273224879240636,3,"03842-242273, 224879, 240636",_:naac54987f7384245b0831ab905575eb7xb0 | _:n782dc67077d44d5e82232cd5a1847e74xb0 | _:n443396c16d144c4bb34a927722b9784dxb0
04288274741274744,3,"04288-274741, 274744",_:n2ebf2d6e5a02471daf3f7559fa207353xb0 | _:n70e929a2178d4898bc4017def57cedd4xb0 | _:ne3f1fabc0f224ab08fff13f64df0986axb0
04312403651,3,0431-2403651,_:n6f1cb7846cdf47fbabfc8ff31c86d639xb0 | _:nbba98517f2b34e288c91f48e04308331xb0 | _:n1c028623943c45418bef67ba2464ee2axb0
04312505000,3,04312505000,_:n95218ac6cf4e451c98db1f9022383805xb0 | _:nb5dbe5f231b44f2f8c5fde5bb0dc5ffaxb0 | _:ne1a5ab85a0e04c29902604a3826b609bxb0
0432339031,3,043-233-9031,_:ned2794dc68a943319cef3bb8acd187ebxb0 | _:n78c62cf89d16470a9e6c25acf10bb8f4xb0 | _:n6fb6c3fc1b6841deb7ec8e1b5405b6f5xb0
04427489000,3,04427489000,_:na858def8e4e94c7fbfd7e4b7aa5b04b7xb0 | _:n3fe51c06df8748afa1e9e7c682f8a9c7xb0 | _:nf04a7b6355ab49468666c4b83045abcbxb0
04427497075,3,044-27497075 | 044 - 2749 7075,_:n1758950aacc34c78ad36dd13166a5b27xb0 | _:nc5cec75973084ed7bc3144688d3f337bxb0 | _:nfece794c9db54c5fb37c376b2b7dab20xb0
04712300137,3,0471-2300137\n,_:n518c0716c72b4985bf7fd7c7a8d0b373xb0 | _:nb885e92862f9486a85c7d648bab00d22xb0 | _:n85a6f9612bb642a0b37000cb598a99a4xb0
0475821818,3,04 75 82 18 18,_:node1ifebbtbax43352564 | _:node1iff9o86tx9033677 | _:node1ifg0c5tjx6794458
0476469059,3,0476469059,_:na79ecf0eeadd4819b3e1258fd4b4f9b6xb0 | _:nb113a3e548f3441b8a2013dfbb1dcb00xb0 | _:nca1a8535d2b043719a97da40e8741ee0xb0
048124303492436169,3,"0481-2430349, 2436169",_:nde961e6f5d3341a29353636071056c68xb0 | _:n6a5a09e24ee44cbb82fb6fa0a8e50a0exb0 | _:na1e2a1a924b244a689834d5ab67ad620xb0
048723345902334144,3,"0487-2334590, 2334144",_:n3686a32c1b9e4ee2861109cf7020cf5bxb0 | _:n044a5df0cc4a40b49bac458f062b335fxb0 | _:n42e185617d484b1ab3460f8c5724d536xb0
049522872662287166,3,"0495-2287266, 2287166",_:n213615055f2f4d51917e47c750194f85xb0 | _:n0ff0a92c14e9498bb001e136a876b62fxb0 | _:n0084ba6817504d97950553c473cdf640xb0
04962701800270166618004251667,3,"0496-2701800, 2701666, 18004251667",_:n14507429d2554f31b83ab88a3b06f65bxb0 | _:ned5b283206794ef3a0134275a454e11dxb0 | _:nd6bea55fcc524df08eace9d8b0b9631exb0
051226316622633676,3,"0512-2631662, 2633676",_:n9aed7f5e40e34442a7d622977c80166fxb0 | _:ne4c3e7f064b14c4a909523a9a183c854xb0 | _:n8e4a8b9f04a945e8bf814caf5e5bfcf2xb0
057127000422700920,3,"0571-2700042, 2700920",_:na4be327fa24b4bdaae7fbe6ad496a451xb0 | _:n010f6824f42449d398c06234eb373d1cxb0 | _:n606d3d27d26e4d249ff800541b319117xb0
0581260266026028112602812,3,"0581-2602660, 2602811, 2602812",_:nf6e5f1e0f2ee4479aa4bcd2c0b6fc1c6xb0 | _:n37ef911727964dc6b1664640f5ca987fxb0 | _:nb33e77762ade4bc0ad754f9c6afdf703xb0
05912360500+9190129444449012955555,3,"0591-2360500, +91-9012944444, 9012955555",_:n85de37c56d4c47f7af1da835ede07c3axb0 | _:n320aadf7032a44e29eda589f03abb63fxb0 | _:n5f716e2e459c436995ba706eae06629axb0
059442333204233350,3,"0594-4233320, 4233350",_:n3a1f8562176e432c9ed4481ffc8f1181xb0 | _:nec9d2688512e41d08740eef816e485daxb0 | _:n4550e6722ace4341a19444cc48831691xb0
0617355561,3,(061) 7355561,_:node1iff48hvex24889631 | _:node1iff9ihb7x14866232 | _:node1iffdmnenx6331951
06512280113,3,0651- 2280113 | 0651 228 0113,_:n01aff398c71d432db8ce9df9ee0a6226xb0 | _:n06eac4650ae3488180fe868142514002xb0 | _:n570d05dd17bc40c18c1d87e214bf7084xb0
06612462020,3,06612462020,_:nfbb09d6e9b324670b894e7a1a51d733axb0 | _:n824eaf5496b340728187ff9f6e2da855xb0 | _:n706787a9f43b46698498301566c16af4xb0
0663282431,3,06-6328-2431,_:nca3c0fcf404240158e03a6e108126b48xb0 | _:n6cdc5f0bbd3249b89a7129c944baf314xb0 | _:nbd9f9fe11cd04c04adc42a5fd8e6cbadxb0
06746636555,3,0674-6636555,_:nc4ce0b33bb2b468a85d50b28be295b57xb0 | _:na3f26e8fe4e94a24ace112e26dfaa4cexb0 | _:n205eb9d7504448bb9ee6bdc8c93a074dxb0
06747134550,3,06747134550,_:n1850d157ce3344be9a964e51dfcf5f9exb0 | _:nc6bd056cf943418a82583b614ec107e3xb0 | _:nd304cceaf0964a28bbe042fb0e7eadd4xb0
06755218008,3,06755-218008,_:n94b6720c8ae447bf9527bff24e17cc17xb0 | _:n00a832403aa54b1f903bcaada7ea0e52xb0 | _:n4e97f5800f014278aebc1cd210da06d2xb0
06755223412211331,3,"06755-223412, 211331",_:na5d8d3e270ae421db6ef0f998a172320xb0 | _:n27e1b63ac9bb4cd292df7419bd5f1ac0xb0 | _:n1a15fe21c40b440698c66f8240bf8846xb0
07242433438,3,0724-2433438,_:n3b4fec8b60264e7fbeb1b55b1eaec762xb0 | _:ndeb88e2e3796436d8cdc9198d0dca327xb0 | _:nbba21881cb7b42338b4fe614d3bda55fxb0
07513981200+916264865609,3,"0751-3981200, +91-6264865609",_:n0021945f6169448bb42f5489c3b5c123xb0 | _:n64433d79bb4740d586c81fe22bb7e12exb0 | _:ncf1926bf3bfb44c2af5bbb943721875dxb0
07552775998277571627737992766603,3,"0755-2775998, 2775716, 2773799, 2766603",_:n238c6aca42fa4c30a31a6266154a47c6xb0 | _:n2c3bb161d31647ecb8690efb3cbabc23xb0 | _:n53e13eacba4d4b469dded69328380bc0xb0
07712474040,3,0771-2474040,_:n405fdf959fa741f7a9d60234bb5a6315xb0 | _:n264cce6208c14069930c8b76094f8ceaxb0 | _:nd45451fd6f9a442d84b5f3efeae2d01cxb0
07767254000,3,07767-254000,_:n56ca018d40184457925a9c701e04c338xb0 | _:ncc5111e86d78447689af01afcc01b159xb0 | _:n5a367ecdecf24a5280bf0281117393c0xb0
078822804102280411,3,"0788-2280410, 2280411",_:ncfd81ff2dc5647848af49572f2b651e8xb0 | _:nffceff4ff3d34565b503a53a1c47af8axb0 | _:n0d5afd2b898641deb31ee8eec1b76d35xb0
0792644763626447637,3,"079-26447636, 26447637",_:n34ebfe5588254ab59a938d21c817a55axb0 | _:n4f41b5aa38fb41ba858b9a94ea1b1d56xb0 | _:ndc58e2753a384437a48349d9da6b7537xb0
07971523456,3,079-71523456 | 07971523456,_:nc3757335bc7a4770aa934f885a05f9a9xb0 | _:n479c19c8d0af4f33a92faffba2c1690bxb0 | _:nc64e83352e344f5c95b812ecf769390cxb0
080222019592238963422207742,3,"080-22201959, 22389634, 22207742",_:n94966cf2ef2f4a30960253bf8faee1f0xb0 | _:n280e86e91fc9451091010deacdc62130xb0 | _:nf275b443549b46a38062f130275892d9xb0
0802671953126717520,3,"080-26719531, 26717520",_:nad8bf0fc699f45478868b6b64783d91exb0 | _:nccf6e4e524b94aa88b7d573237d24b00xb0 | _:nea2e6fa8ba704116a8c9ab45f8a112f7xb0
082124712322471635,3,"0821-2471232, 2471635",_:n7e856f0e5da34ec1be86ff0c94b127d4xb0 | _:nf086ca77ed5145fa95f11a4bd67673b0xb0 | _:n28314c81eaeb41ba9d75fc038d8dbb31xb0
08242254104,3,0824-2254104,_:n38c497c1a2a94079bdd87e01901987c5xb0 | _:n4bc4752dbde74264a6471b1b5e6c6f9axb0 | _:nfc5c113950964eae9c87061a6386b3e0xb0
08242278666,3,0824-2278666 | 08242278666,_:ndd98a074c62740199d18668f02c1106dxb0 | _:n789e755de7d140f0847f1b5bc25ba6c9xb0 | _:node1iffbvbjgx2387218
08242474000,3,0824-2474000 | 08242474000,_:na89acf0c74ce458698b2a4e52cfa9a60xb0 | _:n668ecf96b274496db0d5bbce3d4c4d6axb0 | _:nb5ba812b33184b97a2a5bf6b561cd90cxb0
0825020789,3,082-502-0789,_:ne3bc11407acb42d3a56315ae4165d88exb0 | _:n3f1fd9832da74643bfb05487903162b2xb0 | _:ndbe5be64b43f40dc8f8937e6e286bca8xb0
08332789023278887,3,"0833-278902, 3278887",_:n3a17142b172547f1b8a921a4ebed0158xb0 | _:nae2422a1f0c54f49b33ba802ca7ac206xb0 | _:na69667d982e442049e0b337c757852a9xb0
08458222000222001,3,"08458-222000, 222001",_:nb0ff9b35b63a4c8aaf82d42e8b2e599cxb0 | _:n87d9db12815d4464b30105d40ceab2d0xb0 | _:n324d88a94ec24e48ac7d31a6ea3f8392xb0
08592281023281323222830,3,"08592-281023, 281323, 222830",_:nbee4ba03e6054de3b009fb5bfe4ecbc0xb0 | _:nc01664fc18cf4b01903e3caa0e079c83xb0 | _:n82c2614cd91b410890fb749c9797625axb0
08702459191,3,0870-2459191 | 08702459191,_:nd2f2ae79cf774a57b1f5031f9a2515b0xb0 | _:n6ba7e95add2f415199d426b5b1cb8aabxb0 | _:n555e9c054ab04e5e877b880f15eedc7exb0
08718232641230556,3,"08718-232641, 230556",_:ne611f6578c774551a97d8d6b34cb1ad4xb0 | _:n202081ce5b3d41b7a2d347de053601efxb0 | _:n933e3c30639e4d67b22c20bafdbc3d92xb0
08912824444,3,08912824444,_:n4e623e296a834f97a5f7007708ca7c1dxb0 | _:n3a41e2265a754f608338fc45a0c93dcaxb0 | _:n7e1553ea9aae426f86f27483ac049f99xb0
0928022125,3,092-802-2125,_:n46d542c9ee834f229061c7283280f346xb0 | _:nc1af0cc74ad4467b86cc918e3fcbd069xb0 | _:n3f002cbf4f3540c5889aa9f2e9bc3303xb0
0929999332496184776868106926644,3,"09299993324, 9618477686, 8106926644",_:naf69fa6fa4b2438c959dcadf40c17c3fxb0 | _:n57710b015a064d95a297a1a4bd9251acxb0 | _:n08b7bbd35c6c45e08f5c3437ade1448bxb0
09864137777,3,098641 37777,_:nb46b9fc511414a688c7693e3d7d714a4xb0 | _:neaeef38f3dfc49a1b859dc3d4311c3f0xb0 | _:n2d34d9d8dd4545299b0f210023bb9a15xb0
1+9062272510,3,1+906-227-2510,_:n27242bd4d74c4dc7bad95af36fa31487xb0 | _:n22e665fdb279429bb0c94c64faa3e9c5xb0 | _:n2fef2114bab745a6a3d91ad67aa405aexb3
1223333308,3,1223333308,_:nb8400ba70d6540d3b3f1b75dd494fa65xb0 | _:n077090b67af145fda758bfa906f23736xb0 | _:n9c45c244c7824002bb6ae3eb90ebd1b7xb0
12345678,3,12345678,_:nd03fdcce582240bbaf1f3ce13836bbebxb0 | _:n9887d564c3c6463aafcbe2a1bf2500ddxb0 | _:n53b00283f1ee4de7818c38d303d241ecxb0
13169783232,3,1-316-978-3232,_:n155eb5ddb7514014ad06a30c98712691xb0 | _:na64d2221f43644b5ab4c82ef70940cc1xb0 | _:n804024929fdf44f1976dfc62d91d60d6xb0
14162915155,3,1-416-291-5155,_:na56cfacbabc045429b9a041fdda38c2cxb3 | _:ne3034e6eb713447ebed78037e6d6530fxb3 | _:n53603be3de6f4fc59a325e6e50939a7exb3
16048887511,3,16048887511,_:n25c7a09e261a4068a8b58e9b0b938b34xb0 | _:nddbcbd9dc6b74a2a97dd224dd4049c46xb0 | _:nffb573ee58ef4d7fabc670f809c4975cxb0
180023399999902812563445,3,"1800233999999,0281-2563445",_:n0f17cb5b41474287b99f7202a4881189xb0 | _:nb020495973dd4d28ad57b7389a2f5904xb2 | _:n9cd16580bf884af1b1eabce44da9eaf5xb0
18667836766,3,18667836766,<https://suncrestcollege.ca#creator> | <https://suncrestcollege.ca#identity> | <https://beta.suncrestcollege.ca#identity>
18884895463,3,18884895463,_:n88a85090d035432c803c96d9fbf195d8xb0 | _:nbbb95dd7a739412fa4a7c14729e339aaxb0 | _:n8d7e91adb7474e2c9c7bd3d500b20d38xb0
18888663382,3,1-888-866-3382,_:nad2b1964390b459c823a31362167f600xb0 | _:n5ebda028851e42dfb0d2fed1ffb53fccxb0 | _:nd064835daf004c21a79c199bafc9c40bxb0
18889599995,3,1-888-959-9995,_:n97a9b515b47647ae93662b634ea9996exb3 | _:nc376bda5b7d24b878d45ea6c3ebd3449xb0 | _:ne8ff69503d8e4d7c8080794a50cc97a7xb0
2026876824,3,Phone: 202-687-6824,_:node1ifdftbv3x13018793 | _:node1ifdjck1fx2905111 | _:node1ifd4pruex42258817
2082822380,3, (208) 282-2380,_:node1ifd0usbax18223902 | _:node1ifd0usbax18223904 | _:node1ifd0usbax18223906
21265069776448,3,212.650.6977/6448,_:n1cbd6cc13f694c0fbc356b949ba5ebf7xb0 | _:n15882549e7e74798a930e39cd77b60e3xb3 | _:na2c86d46d07048d5bb507dc3a7be8f12xb0
2129924723,3,2129924723,_:n319ff76534274b59808a309491eaf843xb0 | _:ncc6f11bad2a24753824fe5c5014998fcxb3 | _:n2d731f24e95a4b1286f10789e77f000bxb0
2158952400,3,215 895 2400,_:nc6268709cea141d6889a305cea82a848xb0 | _:nb43d54e0964a4f179e7497f7e423fa5cxb0 | _:n35ae47f9295d43c382ee1d8d135700f8xb0
2299323916,3,229 932 39 16 | 229 932 3916,<https://sic.gob.mx/ficha.php?table=centro_educacion&table_id=591> | _:n63798d70c6044838a24633de033c53bcxb0 | _:n4eddcd1aeae4401b87f463eb28a7db1dxb0
3013147758,3,301-314-7758,<https://nyumburu.umd.edu/@unitNyumburu#identity> | <https://nyumburu.umd.edu/events/@unitNyumburu#identity> | <https://nyumburu.umd.edu/staff/@unitNyumburu#identity>
3072832293,3, (307) 283-2293,_:node1ifd4q1mnx20605053 | _:node1ifd4q1mnx20605055 | _:node1ifd4q1mnx20605057
3097947000,3,309-794-7000 | (309) 794-7000,<https://augustana.edu/www.augustana.edu> | <https://www.augustana.edu/www.augustana.edu> | _:node1iffv1drux1986605
3129964350,3,(312) 996-4350,_:ncfa9b9f9c63348f38a2b222e4b66d14exb3 | _:n8ccc202bc0be4251b704cf9c23c104f4xb0 | _:n110aea534f8e404f913afdf08213756exb0
3149772318,3,3149772318,_:n3bbcee00c4a3451187f8390de5d68b4exb0 | _:n97c6157e3b5845ca9812be474c6cef5dxb0 | _:n724ead7767e14a1c9bf7765d66094b9cxb0
3184842304,3,318-484-2304,_:n28df82ca9ff84644adc47572075baaf0xb0 | _:nb3fa21aa744b4f949334474c6ba27cedxb0 | _:n91830280ffea42869fedba99a7ffec12xb0
3256498700,3, (325) 649-8700,_:node1ifenc6gjx779164 | _:node1ifenc6gjx779166 | _:node1ifenc6gjx779190
3256498702,3, (325) 649-8702,_:node1ifenc694x743586 | _:node1ifenc6gjx779176 | _:node1ifeh885hx15642055
3522918560,3, (352) 291-8560,_:node1ifdq5sh3x37062706 | _:node1ifebr0cnx35609989 | _:node1iffa4kagx805757
3523921365,3,3523921365 | 352-392-1365,_:n7689458ce3b6457fb068e155fc14a5e4xb0 | _:n407ae6b9f8b84053aa08194e981bc945xb0 | _:n7f8b35220d2840b0a58b1eaff730c22cxb0
4032204938,3,(403) 220-4938,_:n73914e31ccf84008b24972459746ec96xb0 | _:n0f7eb649ca5b4378a418f024a5f7019axb0 | _:nda9551ffbff641f19022d70403bfdde8xb0
4052085000,3,(405) 208-5000,_:node1ifg58ccvx1843678 | _:node1iff0qr8ax11611802 | _:n7c5955ad5b284740b6dd2d9e33e6063exb0
416979500066,3,416-979-5000 ext. 66,_:n85ecf2903c304cf1be50adb3d137920exb3 | _:n4aec9af8b17f4dc7b0a09b6891d83a24xb3 | _:ndcc0169cb8584e2db23aac91efc3f7e1xb0
4237752041,3,(423) 775-2041,_:node1ifg2vpt9x9249298 | _:n37196fed521e451ebf50442f40170984xb0 | _:node1iff554tux6553370
4401316504296,3,44 (0) 131 650 4296,_:ne83037e79c1f4379a4c8fe26586feeb4xb0 | _:nfadb561c8c6144c6940ba0fa0cceba0bxb0 | _:ne0ebcd8a4c0c4775badc76e84b044cffxb0
4402082312440,3,44 (0) 20 8231 2440,_:n2597cb548cba48cf95ceec508ffa800cxb0 | _:nf768be0deb98439c899cb0792d0471bfxb3 | _:n7537bc1f2a054d52a927ccd152989291xb0
4402380595000,3,4402380595000,_:nd9884985028e4c24866122454537e58exb0 | _:nf6f7546e8666446295db46d70b0e9ac8xb0 | _:nb49c11280c34414aa256b25639ff6b4cxb0
441314495111,3,441314495111,_:n83961e41d0554dcc936d2c9d52c315bcxb0 | _:n24de04d7c9d94a479287bb56a33bfe19xb0 | _:n7ba97075f775405189d7886af6c07e49xb0
442076282571,3,44 20 7628 2571,_:node1iff6goq8x4881024 | _:node1ife7qssix14933436 | _:node1ifepn4abx15233902
4784712700,3,(478) 471-2700,_:node1iffv15bvx4440956 | _:n85c21acbc26b4629871cb7d56366ca87xb0 | _:node1ifev9vk2x21288847
4843658000,3,(484) 365-8000 | 4843658000,_:node1iffv152lx1931750 | _:n70b80f4a4fef41e9bb0c957ec55b2dcexb0 | _:n051310c9bff94abbb29ba0d7be005293xb0
5106422818,3,510 642 2818,_:n0582ebdda2af4807bf730944d62c5c50xb3 | _:n93e604827d8d4c8bb29769a7d4b9d315xb0 | _:n47bbe9c26a8d4cc69545321d51b10008xb0
5123275790,3,5123275790,_:n0bdfd87750684ddaa84c00203fa901a6xb0 | _:n46d3defd879044bfa67d4800e423bc6axb0 | _:nf630779e58fa40799c7e3f61d5da9f69xb0
5132444418,3, (513) 244-4418,_:node1ifdirsu5x5571096 | _:node1ifg3cl94x15710539 | _:node1ifg4v69qx5179736
5137453142,3, (513) 745-3142,_:node1ifdirsu5x5571098 | _:node1ifg3cl94x15710541 | _:node1ifg4v69qx5179738
5143406000,3,5143406000 | 514-340-6000,_:n802f452322b849e684cb719a84c5de11xb0 | _:n5d21229558b140fea14c158078e63d07xb3 | _:n864adf4e8a914e08aeb1a6f1b6c16017xb3
5177831521,3, (517) 783-1521,_:node1ifffo4fax5758062 | _:node1ifd0kp0tx10639774 | _:node1iffstdj6x720310
5182442000,3,(518) 244-2000,<https://www.glensfalls.com/business/the-sage-colleges-8516/#m2-business> | _:node1ifg57rg9x6737571 | <https://www.albany.com/business/the-sage-colleges-8516/#m2-business>
5186294822,3,(518) 629-4822,_:node1ifg57rg9x6737411 | <https://www.albany.com/business/hudson-valley-community-college-6164/#m2-business> | <https://www.albany.com/business/hudson-valley-community-college-210/#m2-business>
5748077000,3,(574) 807-7000 | 574-807-7000,_:node1iffv0v6fx9462599 | <https://betheluniversity.edu/> | _:n0f3531cc10f94fb5b0a8201baff29f54xb0
5803271700,3,(580) 327-1700,_:node1ifg58ccvx1843671 | _:n25b26404a5b44e7cbc1c43ac3b09b034xb0 | _:node1iff0qr8ax11611788
6036461110,3,(603) 646-1110 | 6036461110,_:node1ifg57to1x1890546 | _:n2001f91e563a460295b47abd4fecbc82xb0 | _:n7a08c29986764c92a323087ffec8b31cxb0
6045992866,3,604.599.2866,_:ne336770740984c8e8c1c93ab8ee1b349xb0 | _:nd108a0438bd74793a43be21b715a2b8exb0 | _:n09738382034c4b73b5cbd7bce603e1a6xb0
6078712111,3,(607) 871-2111,_:node1ifg57rg9x6737311 | _:nd16fa85fcf444a25b6d994a851fd7c6exb0 | _:n33f9299d77524a9db26a35c976904538xb0
6105194500,3,(610) 519-4500,_:node1iffv152lx1931773 | _:n08d563163b824b468f876d4b0720eb7axb47 | _:n6ea4a5915cf8479aa9573132d45e33cbxb47
6126267100,3,6126267100,_:nb19f466e7cd04477aee1cb4ee73ca406xb0 | _:nd590a8d69af4480fa7d47e1cedf8a1baxb0 | _:n28aa40d98fe9439a8abc7166ca112f6dxb0
6142926101,3,614-292-6101,_:n1fa76fa143584795a0093ca3ce1f4b2exb0 | _:n9035b8a09b1e4aca95bc8d105a5141f5xb0 | _:n3e6982bbc30d4b3581c47ecef0461f1bxb0
62788000,3,6278 8000,_:n9192cd738ba74621bb5e3c1a2ffa2bf2xb0 | _:n32b561bbcf29467cbef416db875afce0xb0 | _:n39da7f32ed9845499b8169e91b8ca8f4xb0
6465924440,3,646-592-4440,_:n14acddcea8bd47f4bbdc098015502406xb0 | _:n98f5acebbc6d4f36a56f675ea0e7cf43xb0 | _:n6d4e5c796a0a45779723ea1f989c1b69xb0
7038925100,3, (703) 892-5100,_:node1ife0g47dx30854925 | _:node1ife0g47dx30854937 | _:node1ife4g3rmx730482
7057281968,3,705.728.1968,_:ne90b60aa4ad3466bbe8ca30a269d826bxb0 | _:n53c38ccaa6c943c9821b9429b5e58df5xb0 | _:na9c977214bca44cfa777d9e248e9e484xb3
7065421231,3,706-542-1231 | 706.542.1231,_:n20253d617a0f4b90877a3872df3a4881xb0 | _:nf40bbba7e69f4ee08ec7c848a137ef72xb0 | _:n89510c05bb5b468bac78ac1b5eea4f65xb0
7158418000,3, (715) 841-8000,_:node1ifdbna3sx20795757 | _:node1ifd0tb8tx47862879 | _:node1ifehbqm4x3238519
7572214000,3,(757) 221-4000,_:node1ifg4tc91x4195852 | _:n08d563163b824b468f876d4b0720eb7axb2 | _:n6ea4a5915cf8479aa9573132d45e33cbxb2
7737027752,3,(773) 702-7752,_:nd4bcc0ecdb124c6693a9f50370f25365xb0 | _:n32ef7d78c50944708da2cd595a5ff907xb3 | _:n3efba87945374da9b4bff3542d18a83bxb0
7827276767,3,7827276767,_:nc7b2bfffc73c4ff5ac32fbc3eaee20ccxb0 | _:n2546705900054b4e83c1147c3a80ffcdxb0 | _:n972c67b054f14359bf858badf87adae0xb0
7900444091,3,7900444091,_:ndcff4b3804fa4a128a04d1c6f11edbcexb0 | _:n0466fac33ee2499cb14fae847c16b8d0xb0 | _:n0c253695bd8e49d781b2408b100eadb1xb0
8002227358,3, (800) 222-7358,_:node1ifelqaqex3289040 | _:node1iff9ihb7x12951745 | _:node1ifepna6fx8472274
8069087000,3,8069087000,_:n97a40e31dffe406ba9cca24b63e92979xb0 | _:nf1aa6e8df54d48f7b1b5208836774278xb0 | _:n1de747029eed42a7aebab80ce1ef6fe8xb0
8088459131,3, (808) 845-9131,_:node1iffb9oabx3315181 | _:node1ife5btsvx16425603 | _:node1ife5btsvx16425609
8102917501,3,8102917501,_:n72e364c8667d4d6f92d57585fdd1578cxb0 | _:n3310ab1d88704f6b981f2c1da03f7149xb0 | _:nde671a9c4bb7410f921d422f5710671dxb0
8107623000,3,(810) 762-3000,_:n6bfd0a398b3b4557bde1701cd2ccbb78xb0 | _:ne410f6f1824046f9b608487f032fcd79xb0 | _:node1iff0qohsx19006463
8484454636,3,848-445-4636,<https://newbrunswick.rutgers.edu/> | <https://www.rutgers.edu/> | <https://rutgershealth.org/>
9021190211,3,9021190211,_:n15dc90a2595b48748963fb353fc80367xb0 | _:n42fa83a451954cc3aabe12ed7b046d49xb0 | _:n554e50dce46a482e928168662f77e73fxb0
9025660576,3,902-566-0576,_:n977cb635827c4e839f6488e645ff1145xb0 | _:n88d740d6fb2f4ffb90d69fffd86a37e5xb0 | _:nab5051e8e2b44bd4bc73b28ea36604ebxb3
9037040544,3, (903) 704-0544,_:node1ifd0kgrvx10536045 | _:node1ifd0k9cvx10599428 | _:node1ife5bqlcx18388519
9057352211780,3,905-735-2211 ext 780,_:nc3365e3264e34a279c189d7208f2f1f9xb3 | _:n36f760e23a554f188864acfe4a94b087xb3 | _:nbefd00cee1a44b0f80a96f86d98825faxb3
9072000196,3,9072000196,_:n1217785837f34257bc5d76b6f8d5ef09xb3 | _:n7ffb98dada804c67b3875c0d71d53db6xb3 | _:n00001438c3164ac58b381488af1ed07exb0
9139818700,3, (913) 981-8700,_:node1ife77b80x5908482 | _:node1ife77d55x768433 | _:node1ifd0kbnlx15698073
914426530978,3,91 44 2653 0978,_:n574f4f4492c74879af04fb7c1411f475xb0 | _:n2b7413d0d2944be182b4381d4ecfdc21xb0 | _:n7a5abd02967f4a8d9408f5038e73aff2xb0
914812597284,3,91- 481 2597284,_:nc50208bfd9814a5f90aab32aff95f024xb0 | _:nb8c7db6646ff48338cf37fdc752b73cexb0 | _:nc86805757b0d4ab480412ffb96df3901xb0
914838163,3,91 483 81 63,<https://www.cb.szczecin.pl/#organization> | <https://www.cb.szczecin.pl/en/#organization> | <https://www.cb.szczecin.pl/ua/#organization>
9166917246,3, (916) 691-7246,_:node1ifdru3qjx15570045 | _:node1ifernmh1x3226568 | _:node1ifernmh1x3226580
9169209470,3, (916) 920-9470,_:node1ifdssg4vx9173248 | _:node1ifenc9c7x8309878 | _:node1ifenc6gjx13289644
928502240092850324009285052400,3,"9285022400, 9285032400, 9285052400",_:n6947ec8d225947c8954ac3e092f66e28xb0 | _:n9f53cf2df0cb43afaea473f8de961675xb0 | _:nb02aef31651e4bb59fd188a016ad221fxb0
92851234009826130624,3,"9285123400, 9826130624",_:n7cc97b4349ce43acace591bdaf142c81xb0 | _:nb139b5e29e1a4a90ac8961f8367e36f0xb0 | _:n8bdd29b0e7b440f0962f1669406b1ca9xb0
9287574331,3,(928) 757-4331,_:node1iffv1drux1928100 | _:n8c562b55ba0542a19e57b05792b54348xb0 | _:node1iff0qsf3x11626408
9336666643,3,9336666643,_:n77bb647a4a6d4bb4ae34eaa77a895359xb0 | _:n5379a8a6c08b4ec79f73944d1970a802xb0 | _:n75e83d021cd94db9894c1168e463ce45xb0
94440080019444008002,3,"9444008001, 9444008002",_:na1e19aa250c54053b055d9bcdd5900b8xb0 | _:n052ca4b5175c410fa88102eb8148ff92xb0 | _:n34bd019f2bd448758a9dce0dd48b441fxb0
9735963300,3,973-596-3300,_:n21967e575c7f4522ab3a9db31ddee2d7xb0 | _:n510fe42ddcfa4da38c35d2db61021c6cxb0 | _:ne56ed00b89484fbaa728033eb4449032xb0
9789270585,3,(978) 927-0585,_:n3af20a8c10a843f6934f178c271f7abcxb0 | _:nf870514a14c64546a2b58d9eb87355ffxb0 | _:node1ifernim9x24217425
9810214551,3,9810214551,_:n5fbd375618a24b30a122b925438fc9c9xb0 | _:n0c18a6c0e2314289a6c118a4bb747af1xb0 | _:n8419dfbb494e4c5691970c8dfa158ecaxb0
9836219994,3,9836219994,_:n0398f491ee7c4a999eeebcc40b534d55xb0 | _:n2ee01604c9464617a4fbc698c5f7a81bxb0 | _:nb8ef6bafcace4fe3b54ffd2471911d5exb0
9855434366,3, (985) 543-4366,_:node1ifelqaqex3289033 | _:node1ifelqaqex3289049 | _:node1iff9ihb7x12951733
9855434371,3, (985) 543-4371,_:node1iff9ijtax28561765 | _:node1iff9ihb7x12951727 | _:node1iffhli21x762973
9855492144,3, (985) 549-2144,_:node1iff9ijtax28561753 | _:node1ifelqaqex3289017 | _:node1iff9ihb7x12951753
9855492150,3, (985) 549-2150,_:node1ifelqaqex3289031 | _:node1iff9ihb7x12951729 | _:node1ifepna6fx8472272
9855492314,3, (985) 549-2314,_:node1iff9ijtax28561733 | _:node1iff9ijtax28561757 | _:node1ifepna6fx8472300
9855493780,3, (985) 549-3780,_:node1ifelqaqex3289007 | _:node1ifelqaqex3289025 | _:node1ifelqaqex3289043
9855493831,3, (985) 549-3831,_:node1ifelqaqex3289046 | _:node1iff9ihb7x12951735 | _:node1iff9ihb7x12951755
9866609660180030024600,3,98666 09660 / 1800-300-24600 (Toll free) ,_:nc438b729f11346b2b0de656264afec79xb0 | _:n60265b8cac5c455d91af9d3e36ba6bfbxb0 | _:nb4c17a48d5a04b6c92a30571f4965b96xb2
9891089621,3,9891089621,_:ncd20f7d575a34ce58f0d0c42731c57e3xb0 | _:n68283129f14f496982972c83feb28e30xb0 | _:nfce72b02d7494d108654ac15304e15daxb0
9909002189,3,9909002189,_:ndbd7cf4b82b74fc0b54b7b5ccf877937xb0 | _:n6872506903f4453ba360cf85db2995a7xb0 | _:n767e2422c5514c79af9a80a57206b7a0xb0
9915999223,3,9915999223,_:ne4c2cc0f792148288d22c98c8d8dc225xb0 | _:nc954a0deee39448ab83cf538d803f660xb0 | _:nbed153d80e9042d38b493491ff4b4602xb0
999999999,3,999 99 99 99,_:n72f89cee198845f0ac54e9886d155647xb0 | _:nfb6060e9dd234e1eb02e64ab22eac31cxb0 | _:nc8c9f77844a0486483ddb239433e5551xb0
+12022657500,2,+12022657500,_:n1ad4989c56c64e8ea000a88c9f680565xb0 | _:node1ifga2otax2052447
+12022742300,2,+12022742300,_:n45658d96d25149fd9c36e9e71ed89497xb0 | _:node1ifdmhaasx1986096
+12022745000,2,+12022745000,_:nbc21d9e60b0c4026bcb92653a4c41c12xb0 | _:node1ifg7t1apx6826543
+12025629623,2,+12025629623,_:n91fdb921fafc4747b9de7f92756d9a13xb0 | _:node1ifdn1lb4x6800030
+12026878700,2,+12026878700,_:n9b8f9c925a4e4cde8bfbdbd4eb5ba737xb0 | _:node1ifgbvcbix3396884
+12026878949,2,+12026878949,_:na243977924f0491ca701896ed73470a1xb0 | _:node1ifevbtamx9480460
+12028065132,2,+12028065132,_:nd957b564cba04de0964c8c1b987232e3xb0 | _:node1iffedhimx6998365
+12028066100,2,+1 (202) 806 6100 | +1 202-806-6100,_:ne9f6b635a1e64879b148362850026215xb0 | _:node1iff46skdx22122122
+12028066245,2,+12028066245,_:n58d9000d59254332bfe19c3a159589c6xb0 | _:node1iffmbi9ax4480003
+12028066933,2,+12028066933,_:n8280dfe99ab94898b243dc0fc745bd09xb0 | _:node1ifdn1tedx6866825
+12028067082,2,+12028067082,_:ne14cb59fbf454c468b4eb071bb602390xb0 | _:node1ifdmh1qdx1970504
+12028067203,2,+12028067203,_:nd0c399a2d677420d87cfdefeabf61ed4xb0 | _:node1iffh42s9x4343433
+12028067513,2,+12028067513,_:n24ce95b7588b474e88535155d12b3049xb0 | _:node1ifehbi36x45033776
+12028851000,2,+12028851000,_:nf7285bc78c3245c496dfd7848d90c7ddxb0 | _:node1iffm99q9x2596155
+12028852446,2,+12028852446,_:nbfacf925fb3548709ce75ccc66fc72cfxb0 | _:node1iffmbetbx9749245
+12028853370,2,+12028853370,_:n599b09d3b3d94a7abdc2a47e6f4d368fxb0 | _:node1ifflflcnx108294
+12028853420,2,+12028853420,_:n4ccf16cc59f34cd0b54c9a6383e90745xb0 | _:node1iff6qdnix27555780
+12029941700,2,+12029941700,_:nf44251cc1a3244dbbbf826394bcbbba3xb0 | _:node1ifdm7r8hx1945453
+12029942083,2,+12029942083,_:n57dce6ff516844a8abaa88492179bdb0xb0 | _:node1iff0r15cx58999439
+12029946435,2,+12029946435,_:n27d7840997664e859ce1b7687016d396xb0 | _:node1ifg4tc91x1931641
+12029949249,2,+12029949249,_:nb6c9b9c9742e4c0d9519824e8bfb19caxb0 | _:node1ifg57sc4x19251661
+12134272200,2,+1-213-427-2200,_:n705e38416e554e2e84de32a10a4524b3xb0 | _:nea4ac94bf33340c7aba2c52183b0143fxb0
+12155722951,2,+12155722951,_:nb6efaa8b6ef6416f8b20ea97576a88caxb0 | _:node1iff11pknx6944785
+12503704812,2,+1-250-370-4812,_:nb5c5fef0580748a8a47f263a6c0c5d46xb3 | _:n900b35cf9db74d30b82f74a887ca88cdxb3
+12507406315,2,\r\n                            +1 (250) 740 6315\r\n                         | +12507406315,_:node1ifg649v0x11320689 | _:nd726103052694b49a8890b12a40a6159xb0
+12508285252,2,+1 250-828-5252,_:nb3632703b28d4c6ca35d9d508ab7c43dxb0 | _:nd3dc45e5a5cf4f9295c4960141a074d3xb0
+12676333731,2,+12676333731,_:nf80592a2abcb4521bb8e7e8f7c606be3xb0 | _:node1ifdi7vfsx7554415
+13023769437,2,+13023769437,_:n36da7a12fa0941f08b8d9266e268a2e5xb0 | _:node1ifdmh5i4x105351
+13123626542,2,+1 (312) 362-6542,_:nbb99f4e4bb7b47d6b9d84149de7abf13xb0 | _:n8e78fb57d164462ebcb21fbbd1e3bc88xb0
+13162627914,2,+13162627914,_:n7006a3c78ffd41d6892f7af1637430abxb0 | _:node1ifg9d9c3x95455
+13162955000,2,+13162955000,_:na83aee5bdb0b4819be87f0aada6dafbcxb0 | _:node1ifg4vfn0x4883104
+13162955700,2,+13162955700,_:n908a42c1869548d89cf56f3f801b8dfdxb0 | _:node1iff0quasx93547
+13162955874,2,+13162955874,_:n4ec62849de0b4f5bb309481215924a6cxb0 | _:node1ifg87fn6x2538797
+13167080675,2,+13167080675,_:n69fb95cde0224d17b136d777c94fd5e9xb0 | _:node1ifepn4mbx22498699
+13169783375,2,+13169783375,_:nbfec3f1d7dc449f1bba65f4aa1aa2498xb0 | _:node1ifgba6nvx100967
+13169783430,2,+13169783430,_:neebf7404103d428ea6e627a89a3298ddxb0 | _:node1ifgbvcbix4288050
+13169783456,2,+13169783456,_:nf158938fd72e4b34b004989c8c90b0acxb0 | _:node1iff0u4b0x7744604
+13169785955,2,+13169785955,_:n0c3fe3ceb3a144dba68d573e953f3ee5xb0 | _:node1ifgbo858x105960
+13169786427,2,+13169786427,_:nf6f4aaeed9ce4fa7b4d8d02e66fa1188xb0 | _:node1ifgba7m9x102144
+13193353500,2,+1-319-335-3500 | \r\n                            +1 (319) 335 3500\r\n                        ,<https://uiowa.edu/#CollegeorUniversity> | _:node1ifg9dc5jx1636939
+13312191239,2,+13312191239,_:na0adf758cf754546aa5d9d8393c4ffaexb0 | _:node1ifdmt6tbx12164570
+13525888200,2,+13525888200,_:n5e78075ef882493ca3dfae304d785de3xb0 | _:nec74b4e5becf45be915cabb52f86ac83xb0
+14019446566,2,+14019446566,_:n5d76724d471848de94e3aed2a89eec85xb0 | _:node1ifed7dhsx54141409
+14694665008,2,+14694665008,_:nb86965f1a6954a8ca179bc56b97e7aedxb0 | _:node1ifdn1krlx2441030
+15143968800,2,+1 (514) 396 8800,_:nc3fe12c03010435f99e9e553a4f8dd42xb0 | _:node1ife670cmx65264963
+15403381776,2,+15403381776,_:n37fe7d63c13447e8b152526e61ab3727xb0 | _:node1ifdllgvcx4302904
+15419174592,2,+15419174592,_:n89065c06f38d48c580fc10d869fb7b58xb0 | _:node1ifdmt6cox6474317
+15419174595,2,+15419174595,_:n726954bc83514f47a3f484aeaf4281faxb0 | _:node1ifdmh5phx116103
+15419174840,2,+15419174840,_:n2d0258159cbc49beb5af8624eebe9aa8xb0 | _:node1ifdgba5cx12208812
+15419174876,2,+15419174876,_:na01fd8d9b9124ffbbe3bbb73851f61f1xb0 | _:node1iff0qohsx9679792
+15419174999,2,+15419174999,_:n4aa7d94261844cdfbf8fd67e05337152xb0 | _:node1ifdmt7k8x107772
+15712128486,2,+15712128486,_:ne3e8f3d33d5448a1acdaeedbaf2119f4xb0 | _:node1ifdq5vl3x96308
+15752189730,2,+15752189730,_:nab4f7e79d9ac43ae91891e030152f0bfxb0 | _:node1ifdnc41ix5003541
+16036462230,2,+1 (603) 646-2230,<https://engineering.dartmouth.edu#creator> | <https://engineering.dartmouth.edu#identity>
+16126255000,2,\r\n                            +1 (612) 625 5000\r\n                         | +1-612-625-5000,_:node1ifdn1o01x43139331 | <https://twin-cities.umn.edu/>
+16206653332,2,+16206653332,_:n2c065ec6c735436591fffe3fd5d2bcc3xb0 | _:node1iff04nb4x10063063
+16306375293,2,+1 (630) 637-5293,_:n0fcdf337c30c424a8c35cf8ec1bd23e4xb0 | _:n0c85940c78734c2d9b803ecfb9ab9393xb0
+17032845770,2,+17032845770,_:na8348dcbb67a4532a1b92bedce4266bexb0 | _:node1ifdmt6tbx9146712
+17037427047,2,+17037427047,_:n8d077885ce4848e0a6447f66c15e2f60xb0 | _:node1ifdnm0pgx12050095
+17038797640,2,+17038797640,_:n8118f302082840c6b32c3f8f5d0c119fxb0 | _:node1ifdn1lb4x12304168
+17038845348,2,+17038845348,_:n972633463d92447f92afb55281a767cdxb0 | _:node1ifencfsix36566361
+17039931000,2,+17039931000,_:ne11ebd539c9e456488b183bf928743d9xb0 | _:node1ifdq866bx4882266
+17039931160,2,+17039931160,_:n86f95e6ca27f44e9b10e43124186e553xb0 | _:node1ifdn1o88x12036825
+17039931384,2,+17039931384,_:n0ecc522a8ffc4cc98566ba429182c0dfxb0 | _:node1ifdq5m8nx4784225
+17039931675,2,+17039931675,_:n2e031de901244de6a79bfb747ff7e7abxb0 | _:node1ifdllgvcx26995976
+17039932896,2,+17039932896,_:n81ffad0334a14eaca51ec3c39d61a8bbxb0 | _:node1ifdmh4f9x14711713
+17039933287,2,+17039933287,_:n103fa3676e9c4c36b380080961a55b5axb0 | _:node1ifdrtp04x2409693
+17039934350,2,+17039934350,_:nce952f42fb264b78b21792d2087a87bdxb0 | _:node1ifdlgs09x11721671
+17039934556,2,+17039934556,_:n0dfac2277fc3497e88b703adc62cc5eexb0 | _:node1ifdq5rr8x4925421
+17039935323,2,+17039935323,_:n712b90424dd542bd94b33a5f6e1b5d99xb0 | _:node1ifdqdl1px4793789
+17039938720,2,+17039938720,_:na261ac6bb9db40489ff1bc71c28f2b85xb0 | _:node1ifdq5t6dx4839586
+17127492203,2,+17127492203,_:n56d309dae27445c0b507cb6a7dfef38cxb0 | _:node1iff1n3phx5417469
+17127492377,2,+17127492377,_:n50bbfe8394134c21970ad14811dd5d7fxb0 | _:node1ifenclolx27472587
+17195812733,2,+17195812733,_:n0826283122e149fa8da31f939b6e9d6cxb0 | _:node1ifdhe2t5x10251066
+17195877208,2,+17195877208,_:nacf3fc2587994da0a35d7053b014a2b1xb0 | _:node1ifdn1qd6x7453539
+17195877687,2,+17195877687,_:ncf9916d912c940c69d49089c860f93b4xb0 | _:node1iff0r10bx107544
+17195877841,2,+17195877841,_:n24fa3bbcd2c64a54ae802c605400d4dbxb0 | _:node1ifdla5g1x2534875
+17195878286,2,+17195878286,_:n9fc99739b4a94fe59dd1c9a90f242c2axb0 | _:node1ifdllgvcx12243719
+17195878300,2,+17195878300,_:n7a73507820174cde8374e2fd1a23930dxb0 | _:node1ifdq63tmx104037
+17195878318,2,+17195878318,_:n73eb8c9de2ab4058a10c78746bd0c255xb0 | _:node1ifdn1qsmx5041614
+17195878452,2,+17195878452,_:n2beed8457c6b49dc82d95931b9ecf178xb0 | _:node1ifd3sa41x47214215
+17273710564,2,+17273710564,_:n99eea59294214d94a4c3759b6f18e160xb0 | _:node1iff0qohsx4938912
+17702427717,2,+1 770-242-7717 | +1 (770) 242-7717,<https://tradeschool360.com/listing/atlanta-institute-of-music-and-media/> | <https://www.aimm.edu/>
+17705346100,2,+1-770-534-6100,<http://www.p0rnqueen.com/#organization> | <https://www.brenau.edu/#organization>
+17737021234,2,+1 773-702-1234,<https://chicagoquantum.org> | <https://www.uchicago.edu>
+18003839600,2,+18003839600,_:n673d3eaa38d348a2b912bbcd59e4c1e1xb0 | _:node1ifev9vk2x9950078
+18004269262,2,+18004269262,_:n9f6dce86a6e24267b730f723c8c0b05bxb0 | _:node1ifeva10ax5057719
+18008294723,2,+1-800-829-4723,<https://www.cambridgecollege.edu/#educationalorganization> | <http://www.cambridgecollege.edu/#educationalorganization>
+18332281010,2,+18332281010,_:nc72ddeaafa2241319653e176b1df9b0cxb0 | _:node1iff11pknx5077810
+18478693655,2,+18478693655,_:n91430a10eca54b568cacaee3b66e6b80xb0 | _:node1ifev9takx5008954
+18668155578,2,+18668155578,_:n7bfb94eb22a14cbb977f7cffaab9e429xb5 | _:n48dcd7b47d9f49939da04a53a1fdea0cxb5
+18885207550,2,+1 888-520-7550,<https://tradeschool360.com/listing/american-career-college-anaheim/> | <https://tradeschool360.com/listing/american-career-college-los-angeles/>
+19057212000,2,+1-905-721-2000,_:n0abf1dd63892495fb77f730d25234db1xb0 | _:nb6966fd88f604f469b60c62556b3b771xb0
+19077451103,2,+19077451103,_:nc783e025cd884bf5beed75e12fa992c6xb0 | _:node1ifdn1lb4x7413959
+201007303151,2,+201007303151,_:n853d70c8754a462384cad79bb01720c6xb0 | _:node1ifdn1o01x12302106
+254713477791,2,+254713477791,_:n57c97fe6d3994ff4853bc4be89940698xb0 | _:nd01f5557e55a4cb4921453e90203bb79xb0
+254722203646,2,+254722203646,_:n304bb5c7a1354621a65d13b74b25d7bbxb0 | _:n082a9e8f5dae4b04b829bbbaad8af7baxb0
+254724656667,2,+254724656667,_:nc12893d95586486b962be453da933848xb0 | _:n7fe9fd5544fa402688e42981c5d16a85xb0
+254725291085,2,+254725291085,_:n797a077951f249d9bd5acf92510c006cxb0 | _:n3fcc2c7ee01b49138f57d501b78978c6xb0
+31633565631,2,+31633565631,_:ne0bcd9da2d5b494d8525fe5c027a1e8cxb0 | _:node1ifernlg7x24240295
+31645393661,2,+31645393661,_:ne3c1559c0816415a9362fce65f06e483xb0 | _:node1ifevbtamx19299313
+31703151515,2,+31703151515,<http://koncon.nl/#identity> | <http://www.koncon.nl/en/#identity>
+31715264484,2,+31715264484,_:n07818fac752d4ecbb9f3d3c95d493149xb0 | _:node1iff0qsl2x1893569
+31715274015,2,+31715274015,_:n58870f73f8d24d8e9abb12216a0c628fxb0 | _:node1iff194b2x7015500
+32032654758,2,+32 (0)3 265 47 58,<https://www.antwerpmanagementschool.be/en#identity> | <https://www.antwerpmanagementschool.be/nl#identity>
+3256241290,2,+32 56 24 12 90,<https://www.howest.be/en> | <https://www.howest.be/nl>
+34932278090,2,(+34) 93 227 80 90,_:nee909e2278ce4974ac21da191e6c95a5xb0 | _:nfb60ef18252044bbb2b1d904e8bc6236xb0
+3530214904734,2,+353 (0)21 490 4734,_:n500b4b1401e34f5aa3cb106822317e01xb0 | _:n9237f02199554921bdd626b163654b3exb0
+35361202414,2,+353-61-202414,_:n8c05815f1d934b07839235ebe2431cecxb0 | _:n9b8d89a4ad5a4ffba2de10dedb4e31e1xb0
+3811139125043912484062577577,2,"+381 11 3912 504, 3912 484, 062/577-577",_:node1ife4g2dpx7137231 | _:node1ife5bsgdx2212261
+38653315223,2,+386 5 331 52 23,_:node1ifd0kgrvx2178703 | _:node1ifdmh50lx4684481
+390258105598,2,+390258105598,<https://www.istitutoitalianodifotografia.it/#organization> | <https://www.istitutoitalianodifotografia.it/en/#organization>
+390521525211,2,+39 0521 525211,_:nc5be5dcccb824cf58bab75f49d48b706xb0 | _:nbcf48c5969d6453289a6a49b8bff5616xb0
+393939016300,2,+393939016300,<https://www.istitutoitalianodifotografia.it/#organization> | <https://www.istitutoitalianodifotografia.it/en/#organization>
+4319466846,2,+43 1 946 68 46,<https://gulda-school-of-music.com/en> | <https://www.jammusiclab.com/>
+4401132837123,2,+44 (0) 113 283 7123,_:n125d006cb7d549e6b3ec5c7def673566xb0 | _:n9e8e36e712064491bcf2d3e23092844dxb0
+4401173318591,2,+44 (0)117 331 8591,_:n451b2825974543118af43b81f5901dc0xb0 | _:n11113a99641c40f284bf6a4ca0d820e7xb0
+4401214761181,2,+44 (0) 1214 761 181,_:node1iff6gjh0x9882675 | _:node1ifg4vfn0x15268516
+4401216945046,2,+44 (0) 121 694 5046,_:node1ifebbtbax39603800 | _:node1ifelq2anx4974959
+4401217042581,2,+44 (0) 121 704 2581,_:node1ifebbtbax39603790 | _:node1ife8pibix40124769
+4401252892838,2,+44 (0) 1252 892 838,_:n657b37090cb141e6b1b16e25ebeadd2cxb0 | _:nfaca35ad5fc84f24812af6003189d262xb0
+4401326211077,2,+44 (0) 1326 211 077,_:node1ifelpuhux14745102 | _:node1iff9ihb7x12239393
+4401413302000,2,+44 (0) 141 330 2000,_:n11254bc4c76b48feadf5a5a7ecc204c0xb0 | _:n46be8e37251f45849cae2c5ac4cd74dexb0
+4401612954545,2,+44 (0)161 295 4545,_:nef01164c427a4661bb83656a0f3f82d5xb0 | _:n9f211e92a6f7446bb8c5914122249c9exb0
+4401782294000,2,+44 (0) 1782 294 000,_:node1ife4ftajx14523818 | _:node1ifdnk6ccx7183161
+4402038657964,2,+44 (0) 203 865 7964,<https://www.kursyksiegowosci.co.uk/#organization> | <https://www.seperacollege.com/#organization>
+4402070405060,2,+44 (0)20 7040 5060,_:n0081a3f04c504930b7c7b96d5e801b69xb0 | _:n8231fe2dac0c46afa92438437a30b19cxb0
+4402075895111,2,+44 (0)20 7589 5111 | \r\n                            +44 (0)20 7589 5111\r\n                        ,_:n0d498e08897a4de5994b2d1544af3a1dxb0 | _:node1ifdtps67x31060883
+4402078825555,2,+44 (0) 2078 825 555,_:node1ifg7rbkix7268817 | _:node1ifd0kcn7x42726253
+4402083923394,2, +44 (0)20 8392 3394,_:n2f4eca14b43541e2a356c15c5226c31bxb0 | _:nb9ae05f8668a4b2099f9c8c9be9ae212xb0
+4402920498555,2,+44 (0) 29 2049 8555 | +44029 2049 8555,_:node1ifdq5fm4x4254246 | _:na75c11ded07a4d5999bd5917404e0c83xb0
+441159418418,2,+44 (115) 941 8418,_:neb691cf1fd194e2eaac27eb7ed6619f8xb0 | _:ne815ab2d0f2841ca840cc9cc6c658364xb0
+441162551551,2,+44 116 255 1551,_:node1ifduaedcx9633687 | _:node1ifg8agakx4725979
+441179656261,2,+44 (117) 965 6261,_:na3cb473606324c96a827795b7b54f342xb0 | _:nb8f03492744844b1879f2e3f893fcd4bxb0
+441212043000,2,+44 (121) 204 3000 | +44 121 204 3000,_:n78a16a3e2582427da557343504e92748xb0 | _:node1iffsrh51x20356357
+441214761181,2,+44 (121) 476 1181,_:n5f1b40beaab0452e85a162d22eb84f90xb0 | _:n33bb6a5e7b6942d7aae189e307ef24c5xb0
+441223337733,2,+441223337733 | +44 1223 337733,_:n15143617aa4747138df83bbccac2216bxb0 | _:node1ifenc54px12702545
+441225386832,2,+44 (1225) 386 832,_:n6f6d41d5464344118b3bd8c84c5bd062xb0 | _:n0de7e570bc994c59939555f1a18b593dxb0
+441228400300,2,+44 (1228) 400 300,_:n94bbcf2de43e4bd9a222088cf640c672xb0 | _:n11c702d80df142fa8cbe8157b0640903xb0
+441228616234,2,+44 1228 616234,_:node1ifekm4ugx46413607 | _:node1iff6skd6x7431424
+441248351151,2,+44 (1248) 351 151 | +44 1248 351151,_:n047714a5121b4aa399d1eabd88fd715dxb0 | _:node1iff0qmv6x14810024
+441273642403,2,+44 (1273) 642 403,_:n24de65140fc348f2abe5d373aa242421xb0 | _:ne6f78783f2f642aaa583aee4f9626a42xb0
+441382308000,2,+44 (1382) 308 000 | +44 1382 308000,_:n5950f5681d1c4b09a80cdecfe23adfc8xb0 | _:node1ifdnm0pgx46203406
+441482466904,2,+44 (1482) 466 904,_:n573b6f85b2ca4e4a979d9f20f69a2addxb0 | _:n0792b9fddeff4e17a5cd8e0c937b54b2xb0
+441509263171,2,+44 (1509) 263 171,_:ne2d495e66c734823bab3a0cff1248e9dxb0 | _:n778ea9858af84f6ca46c55a3e8500b3dxb0
+441695575171,2,+44 1695 575171,_:node1ifernjp4x4805245 | _:node1iffuacutx7143421
+441792295818,2,+44 (1792) 295 818,_:nf6d615d6840e4182826f569bab1e76e7xb0 | _:n245d8fac690d41fa90c90b3ec69f8b95xb0
+441865270000,2,+44 (1865) 270 000,_:nb426771bd99d460aa98cdf9f2e8a0213xb0 | _:nd8152c3e851e4ffca915a238475c30bcxb0
+441904624624,2,\r\n                            +44 (1904) 624 624\r\n                         | +44 (1904) 624 624,_:node1iff0qve8x43470488 | _:n72bdf49a3fe048c38234094f9081ef96xb0
+442045770365,2,+44 204 5770365,_:n46e3b1f570a7432b8a8c9704a282bff1xb0 | _:ne4a5bdb2ab684e6d816c01112da9b187xb0
+442045771502,2,+442045771502,<https://study-in-usa.com/els-new-york/> | <https://study-in-usa.com/university-of-nevada/>
+442078232303,2,+44 20 7823 2303,_:n4e64500848b84124b81efd8a5d491db1xb0 | _:n5f1443b21cf94b318750ae73a46072fbxb0
+442083319000,2,+44 20 8331 9000,_:node1ifdq5n77x20062049 | _:node1ifev9vk2x19444033
+442086729944,2,\r\n                            +44 (20) 8672 9944\r\n                         | +44 20 8672 9944,_:node1ifedknf2x4213061 | _:node1ifdvmeolx2363775
+442380595000,2,\r\n                            +44 (23) 8059 5000\r\n                         | +44 (23) 8059 5000,_:node1ife8phijx9057274 | _:neb6fa2a63dba474cb5a1a3bf108c7bd0xb0
+442920874000,2,+44 (29) 2087 4000 | +44 29 2087 4000,_:nde554103824545869bb1cc37370f9c76xb0 | _:node1ifd2lvugx17037544
+44695575171,2,+44 (695) 575 171,_:n0645957826d54e25a1e4a9f5f704e957xb0 | _:n8584941ef0ee4fad9bfc9025d58fefcaxb0
+448000731225,2,+44 800 073 1225,_:nef194682a53c4ecdbb79abbacf2a4152xb0 | _:n7efae9b015d5497e8bcb016fe321b38bxb0
+448452606040,2,+448452606040 | +44 (8452) 606 040,_:nf08624d1c1504a57b83d72aa4ced0956xb0 | _:n00e75d7ffa024afcbf2bbe2a56d8876axb0
+4903031424359,2,+49 (0) 30 314-24359,_:nb0f562186d144064959caf9d2a843524xb0 | _:n72ba95c8cbe14b5e9ac727ec4da6eff4xb0
+4915141976803,2,+49 151.41 97 68 03,_:n429941b3c8604dcba3159bed291e4a72xb0 | _:ndfcaba78088d40d88104e53a67de01e4xb0
+49251830,2,\r\n                            +49 (251) 830\r\n                        ,_:node1iffgskjvx1673711 | _:node1iffdmiprx6622961
+494318801706,2, +49 431 880-1706,_:nd68c986767444b7092058c552bb85aeaxb0 | _:nff819e93d7904739b2cc94234755062bxb0
+496151164920,2,+49 6151 16 49 20,_:n229753df7bcd46feb491fd04e5605d3exb0 | _:n71038469fdfd4c99a3781b3c631d1a9dxb0
+49622145810,2,+49 6221 45810,_:nca55b69a02b243d38a576433c26502dexb0 | _:n729972c915834167a1f084e043c16da5xb0
+56229771656,2,+56229771656,_:node1ife7sc3ix20711466 | _:node1ife3r7avx26047754
+56229782959,2,+562 29782959,_:node1ifdn1tedx8814434 | _:node1ifdmh718x11072247
+56229782977,2,+562 29782977,_:node1ifdnbv7qx18588333 | _:node1ifdq5j97x10899101
+56229784002,2,+562 29784002,_:node1ifec7jbcx15448706 | _:node1ifed77imx8342373
+56229784017,2,+562 29784017  | +562 29784017,_:node1ife3r63lx5483545 | _:node1ifgj77ipx8580526
+5622978405,2,+562 2978405,_:node1ife4fq7ux15868316 | _:node1iffuaffmx805650
+56229784380,2,+562 29784380,_:node1ifec7nvvx8257983 | _:node1ifedkj6lx8094803
+56229784417,2,+562 29784417,_:node1ifdrtp04x37648567 | _:node1ifd0kgbax8571463
+56229787209,2,+562 29787209,_:node1ife5c26sx25155754 | _:node1ifebf7f9x7890209
+60125980662,2,+60125980662,_:ne2f0785b0c7640edb94c647a5921503exb0 | _:node1ifdmhep6x9103809
+60137024017,2,+60137024017,_:n773d84f718dc408aaef70b0fc241ed3cxb0 | _:node1ifev9u40x11821533
+60193512188,2,+60193512188,_:n16e19e87ed294ffca9a6b89a9f4858b6xb0 | _:node1ifge660tx565201
+6074284410,2,+6074284410,_:n1ca53ff6b11f4f9dbbe30a1c0eaa55e3xb0 | _:node1ifgba9b7x1914977
+6074286916,2,+6074286916,_:nd1e1d56c238c43588192edfa34960aa8xb0 | _:node1ifgboau7x3184247
+6074287733,2,+6074287733,_:n300ae3ce8e5a489683b93634121c116axb0 | _:node1ifgbii3ix1998442
+6074484526,2,+6074484526,_:n1c711d89a403436e8b7bc0ad581a1f07xb0 | _:node1ifg80k22x6815917
+6074532572,2,+6074532572,_:na86d1610ac264575ba5c825305895b68xb0 | _:node1ifgbctnlx1941566
+6074537577,2,+6074537577,_:n3b765a1f21f64e5bafd8d1bb16642854xb0 | _:node1ifdq5j41x1870619
+6074537858,2,+6074537858,_:nc55eaccd21f34f36b0694ec752796afexb0 | _:node1ifg95ptrx1986501
+6074537865,2,+6074537865,_:n9c8d5168d6e84b0c974832ac312b6643xb0 | _:node1ifg9njobx2053720
+6074538652,2,+6074538652,_:nd8f7ccd948be4600b19c46f7b8dbe1fexb0 | _:node1ifehbi36x46859784
+6074543617,2,+6074543617,_:n1a17a8d4dd4d4c95b3c4ae0269700864xb0 | _:node1ifgbbdcvx3852665
+610893606000,2,+61 (0)8 9360 6000,_:nb01acd63787949db9403fa2682237100xb0 | _:node1ifg95b1ax2381629
+61287527555,2,+61-2-8752-7555,<https://www.sydneycommunitycollege.edu.au/> | <https://scc-main.oncourse.cc/>
+61390070643,2,+61 3 9007 0643,_:naf1aa410b5a84f73b74d3051c9606442xb0 | _:nfb267cf6132447da8cc269606cb488dfxb0
+61390355511,2,+61 3 9035 5511,_:nc4a7b70b6ed44c6080bced68e71b38a0xb0 | _:n3e40b1858aee4fd59431a0993af7d745xb0
+61396274853,2,+61 3 9627 4853,_:nc65f9d6e501d4578994dbc3633d3fbe3xb0 | _:n7029b6d458e84388b8d32cbbeb3bb1e9xb0
+61863040000,2,+61 8 6304 0000,_:n1a7b52d475f24c4a8785298dff250268xb0 | _:n0e89b7358ff74f79b01326dd3272606axb0
+61883135208,2,+61 8 8313 5208,_:n97a09da97f814a6e8ddedff1aefccfb5xb0 | _:n860398f3fdb94d038cdbc666eca15483xb0
+6432112699,2,+64 3 211 2699,_:n892342c6c11f47a48338b522cc13a8e7xb0 | _:nfc028f87231c4a6f81580453e53ae517xb0
+6439408728,2, +64-3-940 8728,_:n6cb05820cfcb441793593284234e7385xb0 | _:n7880c63a84f745a58cbae852a477f420xb0
+6473468712,2,+64 7 346 8712,_:nd6ff573c73c2477c8a924ea36a3c7271xb0 | _:n8103b23e1c0343c0a88879edf7eab3cexb0
+6494703775,2,+64 9 470 3775,_:n9e6561ff4be44f7ca14f493cec67da62xb0 | _:nf0cd87c1b54d4628b87a6b09e5b197bexb0
+6495555405,2,+64 9 5555 405,_:n258e4d78db3f45b79a03c57f51d60087xb0 | _:nad81cccbac9f4eaf84ab0c6a3e37ff1axb0
+6499153390,2, +64 9 915 3390,_:n577e2b4e54384055a46dda0dc8c40c95xb0 | _:n51281cbc9a6b4330af246bd86ac5de03xb0
+6499688000,2,+64 9 968 8000,_:n05c9e71bbb6d477ab429c2e8103fe508xb0 | _:n9f18ba6d8c2e471c8a9569ee095b8526xb0
+81525511001,2,+81-52-551-1001,_:n9af46b6b39e74c448d27f710bc185a39xb0 | _:ncd7386475643433b831c46b77865745fxb0
+81525820001,2,+81-52-582-0001,_:n9e003bbf1fa74bf699e106b3b398e90dxb0 | _:neb35e528c8fb499396cee93cf85d9b2axb0
+81663470001,2,+81-6-6347-0001,_:n2cdf2c088dc944dfb67788bbd6f3da0dxb0 | _:n4734b71184f04b87978ffd7183eda8a3xb0
+865318525287,2,\r\n                            +86 (531) 8525287\r\n                        ,_:node1ife775hmx1667978 | _:node1iffcqlvmx1719484
+903246274804,2,+903246274804,<http://www.ibu.edu.tr> | <http://www.tarsus.edu.tr>
+911724590000,2,+91 172 459 0000,_:nb1e26de343cc4957975a17201e08aa7fxb0 | _:nd55ed89ad1fd490fb999446078860b7cxb2
+912022932323,2, +91 20 22932323,_:n198f95c2b7eb4f268e1dc211c2fc7e18xb2 | _:nbb88c0801bcb481ab7ab7e7ea9e9e332xb2
+912226664568,2,+91 22 26664568,_:nb94477dd1c3c4a67a9c556dfd46c36dexb0 | _:n9caf442a81c044b195f48c04f87f9405xb0
+916122254569,2,+91-612-2254569,_:n26cc01a51fbf437d89e2391369542b46xb0 | _:n54a6d9c3c30d468098b7b7f724c05273xb0
+9162876955556287645555,2,"+91 6287695555, 6287645555",_:n53cf601679484c8094dee8a069556abexb0 | _:n7d5dd7680cd34f1191ea7206de6187eaxb0
+916366147755,2,+91-6366147755,_:n267563a477784dc88e3a5aae0c0ff66axb0 | _:n6822c6365cde47dfb1a5ddb6bd9a69f8xb0
+9163909030066389209923,2,"+91-6390903006, 6389209923",_:n7a5430da18ee46bbb3287e51dc64cdc2xb0 | _:n456ae309f272401eac1f0554eee64c4fxb0
+916452239202,2,+91 6452 239202 | +91-6452-239202,_:n789bcad25f2c4292a59f08f45fc3d2dfxb0 | _:nb4263c76a7034a4f914fc2ce421df9faxb0
+91674274013308093034606,2,"+91-6742740133, 08093034606",_:n942d0eb2c1d94f3bb2d2e43391986f7exb0 | _:nd3bdf4017dc84364b256225ed3988955xb0
+917022016742,2,+91-7022016742,_:n48dd112b6e82481f97c35b76980292b8xb0 | _:n6f994c561bd34f6fa3c23ecc711fa85fxb0
+9170700952657070095266,2,"+91-7070095265, 7070095266",_:na47d02c3ead847bbab0acc743702b20bxb0 | _:n85829ea20e864a769db30ef7f4d0ee50xb0
+91708801340570880134069548918304,2,"+91-7088013405, 7088013406, 9548918304",_:nf782202645a0497cb10884fe33ebddbaxb0 | _:n06391c74a20647b9af03dbde33c3fd35xb0
+9173033820617303382063,2,"+91-7303382061, 7303382063",_:n312cb76c55ae47cea943942e4685693dxb0 | _:n0446e810a34d4f61ac26e90a9da32981xb0
+917350183183,2,+91-7350183183,_:n297777336aee42de8dadc1cc6ff3856dxb0 | _:n114e41387cab429f95256c4193b7dc3fxb0
+9176078888878853777774,2,"+91-7607888887, 8853777774",_:nd2c67fc6008547e1a5a1918839f9f547xb0 | _:n787f36eeb76e448ba88044ea43ebe7ffxb0
+91767675919908022274079,2,"+91-7676759199, 080-22274079",_:nfecde9b2c2a340439be30303f007e1d3xb0 | _:n25a902f6d89449a5b3da2caad151158cxb0
+917895005734,2,+91-7895005734,_:n0bd262412bb64ad7aa2bf29a13e6529exb0 | _:nbc0209c7adbc4d1ebe13e472ad1f840exb0
+917903848761,2,+91-7903848761,_:n75dbf269e35a4003b145d28a9b99eb48xb0 | _:n25db31b231724198941c87381ea03275xb0
+918081100200,2,+91-8081100200 | +91-8081-100-200,_:ne134c36a94b8462d8ebdf74c1b485a68xb0 | _:n76ae629fba2b46ceb3e4fab976fe8e12xb0
+91823428728508234287436,2,"+91-8234287285, 08234-287436",_:n33e40da27f21441e9fb05736b3b402b8xb0 | _:n2875e232d89b4e9b930a341149115d5exb0
+9182356666888235666699,2,"+91-8235666688, 8235666699",_:n4746fc14c83e42428255658a7e5ab3a9xb0 | _:n427ea50aa9c549f0882f2eb8a2b2d785xb0
+918512857575,2,+91 8512857575,_:n05aa5a8605794882bb37539f2a088ca1xb0 | _:nf846783f3de2406aa870ccb079c7896cxb0
+918607582200,2,+91-8607582200,_:nda7e4c328ec54b649cd9cf3b0d642b51xb0 | _:nc4b6f23a27b04416b2fb503a61cc9033xb0
+9187440528917290034978,2,"+91-8744052891, 7290034978",_:n1b10e06a577549008dfd8ec70d666442xb0 | _:n25783787762f44c8b8c6692d48d3acc3xb0
+918928111111,2,+91-8928111111,_:nbafed5d2e43844d980d8c689c229e040xb0 | _:n4dbef64656d242cc9cf7c62b82dc1814xb0
+918939994247,2,+91-8939994247,_:n695a81bc4df54413932d4ed5329e9be6xb0 | _:ne4ac86e66bd2456cbf05912aceb7b051xb0
+918951993706,2,+91-8951993706,_:nf3869ec72ec24d86ae0e9a06a24e9dd6xb0 | _:n0e6345c60f7d450eb91a0be977f576d3xb0
+91896690352407313046079,2,"+91-8966903524, 0731-3046079",_:n8faf752d43b041279816a6d4b3d2c71axb0 | _:nc1895287102240e08e66d9074f48fb70xb0
+91900055142776709023001800180552208568212319,2,"+91-9000551427, 7670902300, 18001805522, 08568-212319",_:n7d6ffc85f573457290143121a57b0ff2xb0 | _:na03533337560400897415fd34d52fda4xb0
+9190161122229015786078,2,"+91-9016112222, 9015786078",_:ned7b624363d94735bfa762ced17c8e01xb0 | _:n03a7c81bc49a4f618007329102dd8c74xb0
+919099063027,2,+91-9099063027,_:n8512d55e6b9f42e580111a321f4cd901xb0 | _:n7f461785c3694b658e3c396df62cc60dxb0
+919129898912,2,+919129898912,_:n936d3e42672540de948ec02469633a88xb1 | _:nbc19b8916a6a4bc69d7c7b41414d00faxb1
+91925936155801212439057,2,"+91-9259361558, 0121-2439057",_:nf03092c663ef453b89d4b1e62d505216xb0 | _:n586cc60f0c084b67a9a76b06a1cf6f16xb0
+919315601100931560220001802569700,2,"+91-9315601100, 9315602200, 0180-2569700",_:n507551d09d1f4ee793c380a21eb576b1xb0 | _:n844d0ffdc73a475fbaef1799fda19d95xb0
+91933666724205322972255,2,"+91-9336667242, 05322972255",_:nb8bc0dd131b7443c9bc2f7c20071b3c2xb0 | _:nf1b5eb57f8524ba4a43ffa2f5fc2aa79xb0
+9193556882049355688202,2,"+91-9355688204, 9355688202,",_:nd8e7a33d26494e85921a21a83ebc441bxb0 | _:n082ce52b82a84e1787e679c5556fa825xb0
+91937657878702612616400,2,"+91-9376578787, 0261-2616400",_:n6df8cc69f6844cb697b5e44d89132510xb0 | _:nde21b60cb41b4627adf4efb9ceec1271xb0
+919513217755,2,+91-9513217755,_:n49c41550ace349da9d49371c33068552xb0 | _:nf85982f827b04da4b42af082279f2816xb0
+919513517755,2,+91-9513517755,_:n76b444a3e1c248ab94ba487ef14a4727xb0 | _:n9a5794f430c3490d92019b3266c3c606xb0
+919513667755,2,+91-9513667755,_:nfcb63ac8ce7e4a0282d18a8c975c9b77xb0 | _:n97930a2a67e84f3cb524a6f384a41670xb0
+919513999535,2,+91-9513999535,_:n4d4ce1d365024f5abed147bc1fca4011xb0 | _:n9f864a2081fe4d519f7ce9c569d02a99xb0
+919592104444959212444418002003575,2,"+91-9592104444, 9592124444, 18002003575",_:n2c3282a74bae4f40a6ef337e4a41a550xb0 | _:nab8f0e3558cd4c809d10eea81227a3aexb0
+919620237755,2,+91-9620237755,_:na5de688cd7af473295b0b4659f5627d5xb0 | _:n9e9aa59151c4485ba121fc472a56883cxb0
+91963900178496390017829639001780,2,"+91-9639001784, 9639001782, 9639001780",_:nb0f0ecedb30a490fad02345850179933xb0 | _:n186d215ca9ea44128485bf99aaffea6bxb0
+9197143940819723708751,2,"+91-9714394081, 9723708751",_:n29e5d0751311457388f888869c43f028xb0 | _:n4705737f3624443db4ba89dd37b1b03exb0
+9197800407779888806027,2,"+91-9780040777, 9888806027",_:n850581b132084197b1e5a4c70a449e81xb0 | _:n47f92939c1d447239953f5f1d9f7b6c1xb0
+91978640027404282231374,2,"+91-9786400274, 04282-231374",_:n89b6ed785230491d9e878744b5752d4dxb0 | _:n39e83297d48a4f6e98babb95ca4c85dfxb0
+919811559978,2,+91 9811559978,_:nd7651cf72eab409db3ae617ab4828ebfxb0 | _:nc1dea9cff5a34505879c661e038c0e00xb0
+919821891830+919873250790,2,"+91-9821891830, +91-9873250790",_:nfb31fc03290c4e0d8bd13e6e51ddc383xb0 | _:n6cf5cd2039b84d04888f896fec495295xb0
+919837776400670068005600,2,"+91-9837776400, 6700, 6800, 5600",_:n5e048bf14cf74fd598780485f3e323ecxb0 | _:n8f641311d17f496a8953322c132819faxb0
+9198820444379882013444988290770001792252851,2,"+91-9882044437, 9882013444, 9882907700, 01792-252851",_:n0ed2132847494e43b40926aa063ce7a2xb0 | _:nbfd881efacbe449b8562de4048de2703xb0
+91988560452808632119726,2,"+91-9885604528, 0863-2119726",_:n52e9639c3f36438abc9576c113387cfexb0 | _:n4d9be56d833d4c668c72a42ca1a583edxb0
+919886671816,2,+91-9886671816,_:n16ea80931b304ba3af323095e2cc0f1fxb0 | _:n9d533e5a71eb4919bbe63d6a38fc7d17xb0
+919914511016,2,+91-9914511016,_:ne5b33321034642b0baeb70765cbe7af3xb0 | _:n6585a00a5fcc464a824dbe5c7d091199xb0
+919916157755,2,+91-9916157755,_:n9279c6cdac334a1494982621673a1b73xb0 | _:nb84056eb995f4990975f48ecdc496ea9xb0
+919980229651,2,+91-9980229651,_:n661b9e7ea1a14b97a8e26e6cb58e30b4xb0 | _:n49022f963f9d4196b2e2ee9fe762dd36xb0
+919986587755,2,+91-9986587755,_:n092118c6083d45bfb21d14c0df02e53axb0 | _:nab003a9ad57645b9aa648649a9abf086xb0
+9199970611709760161756,2,"+91-9997061170, 9760161756",_:n7bb70df1661e4ea2b9e67744ab84dad1xb0 | _:nb0755cf877844e42b1ee1790ee7481b0xb0
+919999707942,2,+91-9999707942,_:na9a3da3a5ea54170a49024fe5375ef79xb0 | _:n5593312535d349f09ce879e73fbff803xb0
+995322226811,2,+995322226811,_:n187e79317e604582b655ea3e0b58c58bxb0 | _:node1ifflgo50x1855150
0014034406111,2,001 – 4034406111,_:nc9fdc1e93c034deaa3a62c57c515f680xb0 | _:nf01fed48f6004e90acf85530bef96be2xb0
0016605434092,2,001.660.543.4092,_:n4d603a4256af425dbb156ddded433ae4xb0 | _:n4a5bf981d58f4f3ba6b6de559b2b90f4xb0
0016605621562,2,001-6605621562,_:n153b9e7c857f403783132f3cf005ef29xb0 | _:n96035df527794ffb9dc5db135b976070xb0
0019025851016,2,001 - 902-585-1016,_:n0e8d28d68faf4031b08ffcc075b02e18xb0 | _:nc81bd14901b64055a0d376e837317d09xb0
0019028672219,2,001 - 9028672219,_:n69531cea6c6d4479a3dd9928dbc5107fxb0 | _:n6b3ae60574e64648a70ffc4801f86903xb0
0019056484415,2,001 - 905-648-4415,_:nac7f0c0f32224e73ab26b5f9b7e15690xb0 | _:nf365200379154a9c84cb4b0ac296267axb0
01126059688,2,01126059688,_:n6099afbc023e42799bcb20f289dcde42xb0 | _:nb22397dbc1da456ab5b3459cd6716ddaxb0
01126331270116410990,2,011/2633-127 ili 011/6410-990,_:node1iff0qmcqx21846672 | _:node1iff48edhx7054959
01129250306,2,011 2925 0306,_:neee4235038054915b48f38713586b9bbxb0 | _:n0c7c63d50b054e53b3769ab5214e424fxb0
0113868111,2,011-386-8111,_:n2a9ba45c0cd74654a15822c5bfdf1fc4xb0 | _:n6b8b8d7d2b5f4e21881f1f0d17081f89xb0
0114120700,2,011/4120-700,_:node1iffedhimx4669615 | _:node1ifd0usbax22048126
01143273000432730004327300243273030,2,"011-43273000, 43273000, 43273002, 43273030",_:nd7ca4472ff964079b5871d37fcf37472xb0 | _:n0564b42ebc6740338c234ed0aa4b3f3exb0
0116301523281375,2,"011/630-152,3281-375 ",_:node1iffhed22x2279125 | _:node1ife8pp21x26686094
0117777700,2,011 77777 00,_:node1iff55s84x7229053 | _:node1ifedbsupx14835929
01202334000,2,0120-2334000,_:n0f7b5de40b9e4ebc990eb1bf665804d8xb0 | _:nd585f1ca774c46f09f875bd4369f5488xb0
01202811000+91844774404142434447,2,(0120)-2811000/+91 -8447744041/42/43/44/47,_:n1a5ce3470e9445e6af353f80adf914bdxb0 | _:n7a132aaf784844e586475be341073a2dxb0
01204370000,2,0120-4370000,_:nf0ff5be0bf0d485bbb91c8fd04f7d86bxb0 | _:n60aca4743c214fb493f97e7789aed764xb0
01204392000,2,0120-4392000,_:n402800b5f1a54579811f61d33a7c2e1fxb0 | _:nd947014c833b4fbaa39849b2d0b1c29cxb0
01207199300,2,0120-7199300,_:nb43a0442a5aa48c1a28ee7264a3a4f8fxb0 | _:n646a89c713104e629d6b7dfc93af701cxb0
012127700832774974,2,"0121-2770083, 2774974",_:nd19b939fcd444631b47cf69e697f37dexb0 | _:n50cbe5acad10492191f83a3396acf13exb0
01232322764,2,01232-322764,_:n40ecc8627cfb4552835d650d46340908xb0 | _:n11135d5b24b44222a7aa9d1cbbeff947xb0
0123340019,2,0123-34-0019,_:n89adf828cf3443c4a8ce89e4e97638e5xb0 | _:n786e741f64f9495ba587173b044db53bxb0
0124267900201149281750,2,"0124-2679002, 011-49281750",_:n28a7fea43abe4728b7f6e9a6ed231054xb0 | _:nb7b6d1fea31845a1bdd457ab6f647ec7xb0
01250223542,2,01250-223542,_:nc1301a949ccf4d0bb83ddeeeb9fd099bxb0 | _:n04357dfc70734a92b4fce42d3255c4e5xb0
01262228555,2,01262228555,_:n8cb64bc73abc40a7be52c15229848476xb0 | _:n962f74c6c67f4be7997bce77d981cd1exb0
01282255002255003,2,"01282-255002, 255003",_:nd5c3e023f868433c9de4219970e76f2cxb0 | _:n8c204d40354e40d3ad403f5eca5ad50fxb0
01336296840,2,01336-296840,_:nf085210200c849a5a662d0193e417b47xb0 | _:nefdb7c737f794385b3f707d7658b12cfxb0
01418494101,2,0141 849 4101,_:n769ac83752bf4f7e9790fb666e9dc44cxb0 | _:nf83ac80ec31b4b82808d68a220b04a3cxb3
0144252525,2,0144252525,_:n70815dadc471490196f2ea47ad9f6029xb0 | _:n66f77c6fea444601a90310e40a26e65bxb0
01463238755,2,01463-238755,_:n05c1ceb791494c7ab305c0084428687fxb0 | _:n12d09d238b8047f1a61368413979596fxb0
01482851136,2,01482 851136,<https://events.smchull.org/#creator> | <https://events.smchull.org/lecturers/photography#creator>
01492542338,2,01492 542338,<https://www.gllm.ac.uk#identity> | <https://www.gllm.ac.uk/cy#identity>
01512528036,2,0151-2528036,<https://dungarcollege.ac.in/> | <https://www.dungarcollege.ac.in/>
01603731200,2,01603 731200,<https://easton.ac.uk/> | <https://www.easton.ac.uk/>
01604491131,2,01604 491131,<https://www.moulton.ac.uk#identity> | <https://www.moulton.ac.uk/he#identity>
01612740380,2,0161-2740380,_:n450f4fa308984835ad506dba77b2dc3bxb0 | _:n1d0842f30f624d4fb1c1bb717b05da42xb0
0161384181,2,0161384181,_:n54db1f78302b4acabc3c1416873940caxb0 | _:nb8e22fca8f1d4bb5a7e13b30e8d9ba34xb0
01642246394,2,0164-2246394,_:n0d64b8c8ecf0408080b255d272a2f659xb0 | _:n920d41a50d784993b25a4885af652948xb0
01668277597,2,0166-8277597,_:nfd2519718f3a42dca2041bdc4815313dxb0 | _:n545583ed15a0456faff5650c210fa156xb0
0174928521128521228521618,2,"01749-285211, 285212, 285216-18",_:node1ifernl21x7269631 | _:node1ifdvb4akx7389631
0177983695,2,0177983695,_:n0d00b77a22414124952cb00f11f9d4b2xb0 | _:node1ifg2gb9ox21239769
01799276012,2,01799-276012,_:n7e43ffe7fdb54fed83e38b1161bb73a0xb0 | _:nfb5f46fe05ce49b58e7cf051e3e31b90xb0
018025796782579764,2,"0180-2579678, 2579764",_:n2ec92077fedb425c8332709e06e4f1e6xb0 | _:ne6674839c1824ea3b1fad86328e0aa24xb0
01812690301,2,0181-2690301 | 01812690301,_:na5c51b7ff0e44757bacd99d85692af3cxb0 | _:n2bcc7bbe98a945fa87c3eca3d0bc1583xb0
01842387888,2,0184-2387888,_:node1ifd6ta15x4746759 | _:node1ife8pglvx4996498
01881270500,2,01881-270500,_:n7d72fb01dc914cbcaf897d3e26cbfd6dxb0 | _:nfcef944ec29d4fca8ab86081f9a58370xb0
01881270500270651270691,2,"01881-270500, 270651, 270691",_:n5ee94c23049c4c30afad575ee5a8b009xb0 | _:nf843f768263d4ee09ee03852eac1033axb0
01893220145,2,01893-220145,_:n7c55a1b763ad4249acb4a91166b6c929xb0 | _:n2005b013605f468e9da805e963d7a170xb0
01894263037,2,01894-263037 |  01894-263037,_:n7aeb5767e49848be85e8206a3c9d7095xb0 | _:nbd15a2d363444ee88b3ea3b7ec2b28c7xb0
019124300232431365,2,"0191-2430023, 2431365",_:n542df7012fd0470ca361fd85c4117b60xb0 | _:n2ffcbcba42a24614a05448f5ad98439fxb0
01942272096,2,01942272096,_:nc580fe038ca94e0eaebdce537c536596xb0 | _:n856411ade62541708853c6c3e856f3baxb0
01972202706202708,2,"01972-202706, 202708",_:nfe329f3b26cc441e83272fb8aa8c9fcaxb0 | _:ne5b5117ac72e49e48613d4cdf68f45f4xb0
02024107390,2,02024107390,_:n25256cb049ee4be38930b4c03e359301xb3 | _:n22a40ae6f2fd4781ae19ca98317cd094xb0
02024433018,2,020-24433018,_:nfdaa5b723dff44ddac7de45ed999b854xb0 | _:node1iffehsahx2461444
02025539393,2,020-2553 9393,_:na8ab64c8676c4bc9b29138a1ae7483d9xb0 | _:n02151312428b4bd08c1c93308bcc2bcexb0
02025653903,2,02025653903 | 020-25653903,_:nce7ada64aedc4780b641d63b9d3867efxb0 | _:node1iff6qc2dx2390353
02026999001,2,020-26999001,_:nc39ec81bdf1a4d1f9763621dc4aa3526xb0 | _:node1ifebbkqpx2534811
02028116000,2,02028116000,_:nc8ec2744ac2d42d6a4334b48906d28bdxb0 | _:n531245eb852f49608001583198cb6b28xb0
0204620100,2,020 46 20 100,_:n1258bc4bc3144fbba35b19186679a725xb0 | _:na501a591f93e4780bec7eb14398b5d85xb0
0205042400,2,020 504 2400,_:n002a9640f7dc439199251f46c48d0dd5xb0 | _:na3d1ff3f3b7b40078054c0cd51d9bfedxb0
0205708800,2,020 570 8800,_:ncee0bb17e12740aca9e6f9593f4cf749xb0 | _:neac137d8f71844c883014f1cd7255790xb0
0206301900,2,020 63 01 900,_:nf16eadd0143f48b4939f6ad6afe40a8fxb0 | _:ndb378b39e5a24b98be7d0b4020a9f7ebxb0
02067656261,2,020-67656261 | 02067656261,_:n9a2ce1b031d74efa9a879fdea7fe588fxb0 | _:neaf2bea27a094964b5184119c8d6a9f0xb0
02067919444,2,020-67919444,_:nb6da99e0ec1944109f7895254cfb8d6fxb0 | _:n3cfb55f076fa4b6da9eea0afc99ccc57xb0
02135203483+917588605980,2,02135 203483 / +91 75886 05980,_:n6152b85e96384f06ad9bec49ea405626xb0 | _:n4fee7d9715254ee28c74022b6308ad50xb0
02162234392,2,02162-234392,_:n112ac3e519e142ebb96d1ccfe4b0e2ccxb0 | _:na4e0ee1802de4b2b8f253918c41b9d35xb0
02166221539220339,2,"02166-221539, 220339",_:n1e9b38d031f84a65b9887f01f91a3269xb0 | _:n7c6c7c199cfb4bb0a4b40a22c1a22a49xb0
02183234026,2,02183-234026,_:nf46658413f7449748c08ae1d479ad9bexb0 | _:nde7c4e0d39c34f5a87b1624e30823ae4xb0
02225537110022255313960226789300002225541396,2,"022-25537110, 022-25531396, 022-67893000, 022-25541396",_:nddad112797ca4f4b9ee8b454c1e8a854xb0 | _:n653fc4711c284e3b8adbdc363182025fxb0
022336111113362222,2,"022-33611111, 3362222 | 022-33611111,3362222",_:n80586a645b6c441fa27a59792154936bxb0 | _:n265162f53ee44b2292763ebbc9555835xb0
022338355003383551833835579,2,"022-33835500, 33835518, 33835579",_:nd8ea0141397247db9f3484dd963205b7xb0 | _:n5bced8e189c14f929dd519b0b7bd444bxb0
02242355555,2,022-42355555 | 02242355555,_:n4e6a8a8f9e0b4807af3f8d7325485bd8xb0 | _:nf8f6d96f4cd1429e956bf268ee900a0exb0
0227173111,2,022-717-3111,_:nf067d32916fb469b8c8c8cc3ca6d8567xb0 | _:n1a18c7325c734f8b9b8b4a7330185131xb0
02312644204,2,0231-2644204,_:n02536e0dfdea4a6aa931f8d35a80d976xb0 | _:n5866841afd7c4cb2a7a8905ecc6823b8xb0
02332325776,2,0233-2325776,_:n9366ce8c2ff84d40b5d65612f33f6f67xb0 | _:n11d204dda6854011be8e4091a7b62503xb0
02354261799261499,2,"02354-261799, 261499",_:n307a7a2899854117886aae4fb02f9639xb0 | _:ne95b5601899f49f1aad541443c62550axb0
02382224322223300,2,"02382-224322, 223300",_:n7bc8a9896a1a4e18a8c6e437dccf18dbxb0 | _:n089e9072bdd74b5dbbad6514662acaf8xb0
0238417031,2,0238417031,_:n19f1324ac57541708332232dd5980c80xb0 | _:n7763bc936b8543b3a5a59b95e03af620xb0
02426243206243216,2,"02426-243206, 243216",_:nd3038953343b4b9e90bbcb708be4f717xb0 | _:n7735be8e7bc1466192c507a3e66cb9d9xb0
02442204038204031204032,2,"02442-204038, 204031, 204032",_:n7c80bb36a1c2480f92378128c494e694xb0 | _:nd410cbced9af4356a2b9e46290ec5295xb0
02446247018,2,02446-247018,_:n0c1fd1d2782449ea99f449fdc58123e4xb0 | _:nefa56a66220144c99e1fe110427175b0xb0
02471242016243603244261,2,"02471-242016, 243603, 244261",_:n780efccd175149e1a303d5de9712fa60xb0 | _:nf25beb39f72748f798d73193ed3cfc6fxb0
025069909969656206965628,2,"0250-699099, 6965620, 6965628",_:n8b4f92975cd24af9b99dd6f84324a625xb0 | _:n0939781e0e0b4cc2be06ab97ea7ff5f0xb0
025129734562973457,2,"0251-2973456, 2973457",_:n4b93fb614f4246cf9101f679366ef91fxb0 | _:n2d24647142f146a2b0b388f6ecd16668xb0
0252597331,2,0252597331,_:n712c306f22a94efdbabfa7631807c018xb0 | _:n4f5caef25a734b5d8fb2f1bc67948476xb0
02553282353354,2,"02553-282353, 354",_:nb21e2b485260403daa61b6f30a894234xb0 | _:n32332121b01c47efbf67e3d7d51f9040xb0
02612201506,2,0261-2201506,_:n8b26c249757d4b36becf68e9f547a7eexb0 | _:nd64814e8c2b94172a1938127eda76a25xb0
026122595712259582225958422015052201509,2,"0261-2259571,2259582,2259584,2201505,2201509",_:nda16b7de7efc42e49c854ba4aed56483xb0 | _:n581212e8b87f4de1adcb5fc0bf40a3a9xb0
02642230595,2,02642-230595,_:n3e53e926d70c442b8493389d60f1069cxb0 | _:nda5c1ece38b24fb5b60ca4edec307cccxb0
02652398008,2,0265-2398008,_:ncd88483ca5344e408adcdc3ef0b678d1xb0 | _:node1ife08g3rx4904995
02656318166,2,0265 6318166,_:nc94dcb041dc34829be84492aa437766dxb0 | _:node1iff9tdf4x19039896
02782516999,2,0278-2516999,<https://ssccm.ac.in/> | <https://www.ssccm.ac.in/>
027825682222568110,2,"0278-2568222, 2568110",_:n49e3688f9f9c443490cd0154c287b47fxb0 | _:n15a63d44e9034851be9bed60b635561axb0
02942477251,2,02942477251,_:n2d9ee1b11eb84c24a1b26850814ac9e3xb0 | _:nd4b709311ff74d13a8e210deb0a0c3f7xb0
0313044626,2,031 304 4626,<https://regent.ac.za/#organization> | <https://regent.ac.za/locations/regent-johannesburg-campus#local-branch-organization>
0320151677,2,0320151677,_:nfab583fc74024e5ab49884e7fad82a88xb0 | _:n5c79eedad1b445ac9cbe640a27b94e3axb0
0320842735,2,0320842735,_:nc557cf7dcc92406ea0e948e36138fd55xb0 | _:nf779e6572e644ee9b9cf1859a2f48fd5xb0
032622350012235004,2,"0326-2235001, 2235004 | 0326-2235001,2235004",_:n7d9bda42aba54f728e31fe44e537bba6xb0 | _:nd2d8535e99b94a8eab6062438ef9ad2fxb0
03324146414,2,03324146414,_:n708a3d1000a544b4929961d9f7c24275xb0 | _:n9d66cc093e4044b8adc6b7d3317a71f3xb0
03324363333,2,033-24363333 | 033 24363333,_:nb063463a7c7e443298284bb47aa31497xb0 | _:n7e076c330ae249c892a16d384c429209xb0
03324611236,2,033-24611236,_:nd829b9dd02384be9979d2353723e9a81xb0 | _:n05cf17cd189a48b7b40586e175f51e20xb0
03324679178,2,03324679178,_:n3ceaf6124123487780a1deb9d4177a6axb0 | _:nea97a8be3b064ff2bfd11834948e94cdxb0
03324816491,2,033-24816491,_:n798a0d7ce87b4faa8182b117d67d93ddxb0 | _:n26299dd83f3b4cb78e6cb2bd18f51148xb0
03325694700,2,03325694700,_:nbcda4a4b7d73460ca5f52d753fcf1e83xb0 | _:nb5d86d1b3ea240408f1e04c2970dd96axb3
0332662105826623156,2,"033-26621058, 26623156",_:nf2ae2b115a68447fbb5d2fcd928281eaxb0 | _:n7d1909fe30494278b4223569ff8578c8xb0
03344012802,2,033-44012802,_:nbc7644736a2e43a5ad15e2491b2e0acdxb0 | _:n6a618dcedf2b44d5b302148ff303c003xb0
03432545290,2,03432545290,_:n86015525a27744d0888ab4c1dd9162e9xb0 | _:n78387dffb3fa457eb4eb25361e37028bxb0
03471255158,2,03471-255158,_:n354067850ce04c17bddd945d38978546xb0 | _:n82c538df379d46c6bcd2123b5d0eebb1xb0
0353404500,2,03-5340-4500,_:nf3fe9e78992445bcb0d778fe25cf28ecxb0 | _:n41fa697b18a24001952ef169821e915fxb0
0354447222,2,(03) 5444 7222,_:n091120aee43049f193db89ede3249be0xb0 | _:n4b020ffdd8af4b1b98c8a8fff43393cdxb0
0359785106,2,03-5978-5106,_:n75e3ca52f9cd46dfa66169caad48bb8axb0 | _:n6ddabed17d3a4d698898eb54107e0b6fxb0
03612582190,2,03612582190,_:nc2dc039811b240d78598092de31fcf60xb0 | _:n35488ba2f37947abaeb3214947db7f2dxb0
03642308000,2,03642308000,_:nf85cf814204c4fc9a9f0aa26c69fc6c3xb0 | _:nea8a3b66954a44d7a11c24eafba32df2xb0
03732370666,2,03732370666,_:ne947a3a1216a4c708a4966b5ae8e9b64xb0 | _:nb62d4a3a9bc34353856af43fdbd72728xb0
03762371031,2,0376-2371031,_:nb6b360b3e4cf4eb8a2718f75c3626b73xb0 | _:n7b7a2e506a1a4d13ba015c424944f7dfxb0
03812376814,2,0381-2376814,_:n9e3e06814d704ba7ba5f7786490beac7xb0 | _:n3c0e3bf251fe4d3f91121d1580690f3fxb0
0387315253,2,0387315253,_:n123c74be98804fa09283e2270d3f460exb0 | _:ne64e95a43d8e4219ad62c8901be3f052xb0
04023110841,2,04023110841,_:n9516c8a59a1b4c3e85db02547b2beecexb0 | _:nff3d6047c73c4ff59d6e0358700470c9xb0
0402330555223305549,2,"040-23305552, 23305549",_:nfc9ca243568b4cf19d9729790040589dxb0 | _:nc15243f1f09d4725aed04f1bef2542e1xb0
04023479732,2,04023479732,_:n0eb2577cafbb42acbe1f2ef286b54fa7xb0 | _:nea1837f621244ec29e8f94e7a675d533xb0
04027160222271602312716023227160241,2,"040-27160222, 27160231, 27160232, 27160241",_:nfff3df6336cf41ae8a33496d76f3d48dxb0 | _:ne5fd816a90e34f5988f9c1be4776e49exb0
0406451451564514516,2,"040-64514515, 64514516",_:n5468af312c454a6b9b22eb37c19ac9b4xb0 | _:nf8a56fab04df4443b1cc00a424969bf4xb0
04066531250,2,04066531250,_:n4d485f81bcc94d6f8ddcedb8e67a0100xb0 | _:n43d1305c7d364348bc7bcfc5b92c05dcxb0
041622624012262393,2,"0416-2262401, 2262393",_:n523569d8ec1b4b29a56083dbb4af4b28xb0 | _:nd74c43579e514e7e9e1a0e42dd071dc2xb0
04175237079235753235754,2,"04175-237079, 235753, 235754",_:n6010299836c843438e10aa8a2490568cxb0 | _:n53c26bd443c34445a42deacdc2f4872axb0
042123597042266900,2,"0421-2359704, 2266900",_:nc1dda95031a24cb08d637143da15bfb7xb0 | _:n121a621d5a23438a8a5b6a732ccedfe3xb0
04222656938,2,0422-2656938,_:ned7fb89db74741698211aa1033e5a4d0xb0 | _:nd0215443ca174be48b356f869e57e773xb0
04222668693,2,0422 - 2668693,_:node1ifelq264x59743167 | _:node1iffcqpnux2443533
042723457662345258,2, 0427-2345766 / 2345258.,_:n1b8ad70a2e2544ceb7461e8bde1182f3xb2 | _:n5d63866272974153978b94140ea0c1f3xb0
04286293888293999293835,2,"04286-293888, 293999, 293835",_:n676ce269c3a24a7587087c0bc7231746xb0 | _:n6425d12e5607436ca83f63e5ff64f9b4xb0
04288294089294079227368,2,"04288-294089, 294079, 227368",_:nde0a5954156e4716ab859994157e9336xb0 | _:nbedadc7c8d9840b3b897c030ce1ced98xb0
043124324746536900,2,"0431-2432474, 6536900",_:n5a8755e81666450db6b75082a3dc655axb0 | _:nd6cd4f5810e046c4868a6b1aae422871xb0
04312503000,2,04312503000,_:n2c13a1a230bd42beacf3a40f1ee8d51bxb0 | _:nfa10d734ee5c403b8e5f5af3e0003022xb0
04312561905,2,0431-2561905,_:n32317f6c85384610b680692993941ec6xb0 | _:nb57008cd73334b8f9531ffdd712435a2xb0
04339250356250357250358,2,"04339-250356, 250357, 250358",_:n3ec9e4304d804a4782b0302c6dcc7634xb0 | _:nbfd184542b054505b553b36c93aceae1xb0
04362264101,2,04362264101,_:n7392f4de8b494b318b38ab257cf9d274xb0 | _:nd2e1cf0b094b40158060a9ea335fc242xb0
04401224272091,2,04401224272091,_:n603a7179917f4a0fb1caf000449a10d6xb0 | _:n95551993734f4ec6aef7f3a3f6100b28xb0
04423635101,2,04423635101,_:n54b41ea75d13440a94cd6c3cde0ff4dexb0 | _:nfd83cfd051d8422898343be24598ee92xb0
04424801636,2,044-24801636,_:n6d0165ac5ab84927b679e379b7064345xb0 | _:node1ife8pci4x7351729
0442530111,2,0442530111,_:n6045376830154f3abad9292985752ef7xb0 | _:na9672f32a7c349679351f3580310a49bxb0
04426811499599699,2,"044 - 26811499,599,699",_:n9cdc1771538e4c4fa137d5cfbc607268xb0 | _:nbd090fca1387402c8e3227b93c8b0747xb0
04522526028,2,0452-2526028,_:node1ifdvb7eqx7549457 | _:node1ife77gffx12671086
04549287208287052,2,"04549-287208, 287052",_:n40edc0c916474546b838e339abb43e1bxb0 | _:n66f2cbbfd8504dcea0f2eea3955a5664xb0
0455748627,2,045-574-8627,_:n547efd52f2334a2b8f001dbc3271ac73xb0 | _:ne435b0a0bd6f43a49648971688f10f09xb0
04565224970,2,04565-224970,_:n5ff49d09ad4b4a6285e981bc49a15649xb0 | _:n517b449ed63b4c4cb242358a2420123dxb0
0462913250,2,046-291-3250,_:nb56ab0dd1e1140feb8b3ddebc2c42bc1xb0 | _:n3fecde05016e44018e9938679633ebe6xb0
0471251041624106412510414,2,"0471-2510416, 2410641, 2510414",_:n770f62b2d3494a17b94deff222699aecxb0 | _:n0cf9f78902034a74ab4884376cc0b21exb0
04712705254,2,0471-2705254,_:n4102177abefa4624b993da6b86e3adf6xb0 | _:na16ba04ab25344fb9bf5c338d5d1343dxb0
04713066666,2,0471-3066666,_:n098cf953e9d14493b5125832d06c3085xb0 | _:n4ac68e487ff0489281ddea8a95471b73xb0
0473651111,2,047-365-1111,_:n1e9998298f164963a30efd4ce8556b1bxb0 | _:n8a8c99f13b1c4135badc6f0be60bacc2xb0
047424533002458764,2,"0474-2453300, 2458764",_:nff3de1bd98f2400796a45a3336f36c0dxb0 | _:ne55386ed624d48219b918e124474b836xb0
047427122402711817,2,"0474-2712240, 2711817",_:n31c862493ef845318a32c902df78c166xb0 | _:n075683a83be64a12807905df748918d1xb0
0474272199927293932726161,2,"0474-2721999, 2729393, 2726161",_:n7c3fb27e0c9e430c8740adca9d3fc461xb0 | _:nd79f6f6667f7410798e8a3fc9ef59ce3xb0
04762801280,2,0476-2801280,_:nf0746b415925412382e3ca4378469d7dxb0 | _:nf38b9ca58a7347a68392021e4d3f893dxb0
0478423637,2,0478423637,_:nee3f03682f4b4a98b8c9e7a229a9f367xb0 | _:nf0ad25be8da8472688307e444acf9451xb0
047923343932331696,2,"0479-2334393, 2331696",_:n6843a57269bd493f9cd1faa71a77ed97xb0 | _:n75715d48ece34c4684814b0dde2d5da1xb0
04802891081,2,0480-2891081,_:n74701bf7980a479e8686c2f91ed15a32xb0 | _:ncad64b8fa0b24d21b826d6cf4d45b293xb0
048123546202354800,2,"0481-2354620, 2354800",_:nb3ce979207a449a4b1407c8b1c9eb69exb0 | _:na57fe01356b642a2a394f90c9ea51fbdxb0
048125973472598390,2,"0481-2597347, 2598390",_:na7b0bcf8581e4338aaaaaabe75392966xb0 | _:nef6bbda5e414489bb2d3c776ccad4990xb0
04828305500305555,2,"04828-305500, 305555",_:nd350e8e8610f4f8694a319c7448ecf1axb0 | _:n41a6ad7477664100b6366aac3e55b9c6xb0
048328321572832157,2,"0483-2832157, 2832157",_:nba60a6d1824545b5acc82bc02e9f7247xb0 | _:n9ea7399c9fc348e3bb1401460ea0bd60xb0
048424265542426578,2,"0484-2426554, 2426578",_:nf0088ce794a94cc293bba897184fcf99xb0 | _:n101b535aa6514a98ac346742e577e447xb0
0484288700024452522440220,2,"0484-2887000, 2445252, 2440220",_:n8990d3e45d11421aa99095c40ab9d56dxb0 | _:n59954a0e30874cbfa231dc9f952aac94xb0
04884280800280801280802280803280803,2,"04884-280800, 280801, 280802, 280803, 280803",_:n4487713af6f24c0c9088155ac04d4bb5xb0 | _:n9ee9e7d25073440da0e13e6bc43146a2xb0
04885289009271121271122,2,"04885-289009, 271121, 271122",_:n8f2ce7cef3244ee780845d123372123dxb0 | _:n1d61be68891945988c7c133f8079c431xb0
0488783741,2,048-878-3741,_:na4ed0c39c245495796812b0538171ba9xb0 | _:ne07597fcbb92415cba69003637ef33e5xb0
0494923284,2,0494923284,_:n6b907de50e164395a3a7980c2a5e9e27xb0 | _:n80f10f28c7a24028b26cad392a5511e3xb0
04952286102,2,04952286102,_:n0289185a6e2f41f0bc18c0fd26b4b36dxb0 | _:n1da53a6a33ac4f63b08586913882d967xb0
04952289099236744223674432367444,2,"0495-2289099, 2367442, 2367443, 2367444",_:n59d081b20e9d46af82e772759143ee98xb0 | _:nde7c1307f08e427b98e5e65bf756dcd3xb0
049523559016515002,2,"0495-2355901, 6515002",_:n05b15e6fb39b43269e2fc5d01485e9d9xb0 | _:n48275f04a9084afe8ad27823d2a9d498xb0
04952765679,2,0495-2765679,_:nc27d8b377d924209896e275c0e4d031cxb0 | _:ndb0eac3f891d4bf6ad3b8ddb09196ee6xb0
04952809113,2,04952809113,_:nddc391cba619481d80850418e2c47551xb0 | _:n8a7fa526815b4f9fb2cb0c0d755d0331xb0
0495450016,2,0495450016,_:n47f0218ba53b4d999a58de314c2055c6xb0 | _:n97ebd93cfab548d6a116402a163be38fxb0
049625361252537225,2,"0496-2536125, 2537225",_:nec26af7eae7b498f9ba024071fe2b0c0xb0 | _:n2d4cb96ccdff49cbaa2f2ac918ac99baxb0
05054915046,2,050-5491-5046,_:n149aace7de6b4a1490972e30a202082bxb0 | _:n82bb96be67a34840af3936148302de10xb0
05114244239,2,05114-244239,_:n5fe2712d544a4b1aa730fb0c2e66b6e3xb0 | _:n667379b2ecf94f10bb355475659a79e4xb0
051223150122353874,2,"0512-2315012, 2353874",_:n60d1df1eed3d4721a5857cd099f13e65xb0 | _:n610d64d0d3d04b8b9908c634f58f414dxb0
05122562613,2,0512-2562613 | 05122562613,_:n0c5ca48c931242f69a3a6151917b4026xb0 | _:nf8eaa0129c69421ab5ce6ebe536e9fd9xb0
051225832802580044,2,"0512-2583280, 2580044",_:n972c124b916846548f1902e0bad17659xb0 | _:nd6038ed6db824e568e132ee86878648fxb0
051225901512597200,2,"0512-2590151,2597200",_:nb617f5a295bf4695b9444418675eed4bxb0 | _:n37fbb0b922084362ae38ce1160d294ffxb0
05122597376,2,0512-2597376,_:n2e0e31809c6e4db48222880bdb15ae0fxb0 | _:nd263f4dd4add4d979678bf63a40d604exb0
051226011263243043,2,"0512-2601126, 3243043",_:n63f2ee87333c438789563210bc923c96xb0 | _:n0a2b5a1ca4354e61b838b5576f3e33e5xb0
05122780372,2,0512-2780372,_:nd78851de260041e292234edce089daabxb0 | _:n054d726ac1784dc48c7afdda3058c0baxb0
05142248066,2,05142-248066,_:nb9e22c2113e84a3e90f6a566afeca0a4xb0 | _:nea1f251702c949ebaf7e0ffb5189e7baxb0
052226618202662357,2,"0522-2661820, 2662357",_:n5b1dd356aa6c45c6ab4cdcbde6cde514xb0 | _:ne66e9ce0ec73434290cdb3f70be6e517xb0
05222734101,2,0522-2734101,_:nfba79284a47c4b85be02a92e000af48bxb0 | _:na528331894da430d84ea02b897affb2cxb0
05226196315161718,2,0522-6196315/16/17/18,_:ne11ccddfbe39498db409745ff119ce63xb0 | _:n783c9747601045e8a7ec2e2784fb7fd6xb0
05275234444234300,2,"05275-234444, 234300",_:nd51ee3ba554f4a55816958e31ade6490xb0 | _:n4c82d6c4ab074087855263548f8ad3daxb0
0532111743,2,0532111743,_:nc0ef21ff4ed4498c9524c56407d2aefbxb0 | _:neb5e4f16595445e9944020eb58530760xb0
05322461083,2,0532-2461083,_:nb39eae41b3d84ec5b0a237278f9e9f1bxb0 | _:n86dc4a2ff8d746a7872c5b9fc82832bbxb0
053225454042545407,2,"0532-2545404, 2545407",_:n697be069a2b8458fac7589438f57eb3exb0 | _:na6bead5c603a4dd89f52233b8f81e232xb0
05322584092,2,0532-2584092,_:n4653d40e22e541c2951e1418e148f92cxb0 | _:n4aec5ded422d4d319d63de8707b7a651xb0
053232969102552229,2,"0532-3296910, 2552229",_:n0761bb13233047f0991ef17e69f97d66xb0 | _:n4fb24c3f428f4f1290bf788e979cfee1xb0
05422204089220745722042132206617,2,"0542-2204089, 2207457, 2204213, 2206617",_:ndf30eb58135c439fa76a93d3a496c181xb0 | _:ne257e99022ab4c24b2e56c327108dbd4xb0
054222144382310445,2,"0542-2214438, 2310445",_:nafc565957878455884880eb2d1f2ebe3xb0 | _:n96488a3349634850b95c39319984cb1exb0
0546237000,2,054-623-7000,_:n4a98c82ebb4c4ae58d72981f8c1d2abcxb0 | _:nd801ef597b75426986e61669a2e55e53xb0
05512293727,2,0551-2293727,_:nfb560da63c334512bca2d97f279e83f7xb0 | _:ndc2d839d591e401baad75186f55b1b86xb0
05512500085,2,0551-2500085,_:n98d4012f287b4216927b423bc8783a9cxb0 | _:n41cba666bb234574b2dc6415eb30b3d9xb0
055125804132580414,2,"0551-2580413, 2580414",_:n607ad60f185146288c6819b37656a06dxb0 | _:n1aa5b585de594241bae6503ef4865bfexb0
05516450319,2,0551-6450319,_:n4625ffc242f14122bfb1ea32d125097exb0 | _:n88df11580de6443788b5a0ae19506b10xb0
0552236020,2,055-223-6020,_:nd0ea849047b544e092c54f432f71c5c9xb0 | _:nc5a0a381af6f43929bd7a50c501778d3xb0
0556845757,2,0556845757,_:ne07a298b4bc54490bae7bb3f3ef34859xb0 | _:n23451e3dcdf14d978024eb48627f4448xb0
0561990647,2,0561990647,_:n61890c6bcc7d4bde9da72936f679404fxb0 | _:n7c38ca8c5c3341d0ad985801583aa6c0xb0
0562474177,2,0562474177,_:n8604f4dad7554b20829b3dbe50a213e9xb0 | _:na14f02b1e8bb4c95a9da5c4ea2075fc9xb0
0563975656,2,0563975656,_:n9407f1f532704b2d8554e9c9b96c0011xb0 | _:n25a595d907bf436b9212661af77ef635xb0
05688254720,2,05688-254720,_:ne6c6968537cd48edb9c674579b3acd7fxb0 | _:n3dcbbfc6a4544d8183ccd9a17ce9a365xb0
057125139132513915,2,"0571-2513913, 2513915",_:n3adf827baada43288ad1891cab795caexb0 | _:n6c49d3c559514671a9772f94eb841a96xb0
057132913083299871,2,"0571-3291308, 3299871",_:nc9c80bb505704a3bb50be024e3f8045cxb0 | _:nc1ecdbff60004a02a553495267dd469axb0
058124604422460443,2,"0581-2460442, 2460443",_:n899df19945ad42cdbed861bec4f6e419xb0 | _:n7631626102f246dd8e8e6cf9c605d8c7xb0
05812582701+9194587030007900556000,2,"0581-2582701, +91-9458703000, 7900556000",_:ne48948d1ac214c2cbfadd242984f89ecxb0 | _:n8fea831266fb42b6be61f167473578cdxb0
05842222098,2,05842-222098,_:ne7c6e91054aa4066bc8dda16d3ed96f4xb0 | _:n2282edf172aa4aadace6f44dd16a72f0xb0
05912476815,2,0591-2476815,_:n7aa5d8e323a14d48b1ac2f50f7406950xb0 | _:nf8220961daf4449c80337aec235d5c61xb0
05912479500,2,0591-2479500,_:nd8019e8a377b4a6ea63950a07977e7cfxb0 | _:n731347d86daf4befa579be0d63f4a99axb0
061222648053209300,2,"0612-2264805, 3209300",_:n94c15d5f9d9c479886093848a27e5803xb0 | _:n13b5b89723654f0bbb80a9b200666508xb0
06122299999,2,0612-2299999,_:nc2d100a117864afcae27f2769d3b5995xb0 | _:n2bbd46bd1d0a4e47aff5c42133108226xb0
06122670510,2,0612-2670510,_:n89801c83568042c5807ad6a2e83d2efbxb0 | _:n6691b1b9020b43d4880516402ae52a03xb0
06312200239,2,06312200239,_:n9e1553afd6394a19bb5ae0291041a02axb0 | _:n24a4c0beb15044dcabb9b264221c4fa1xb0
06512200873,2,0651-2200873 | 0651 220 0873,_:n29e97feab2bd40f58a5e0d5ed46357c8xb0 | _:n84826b22993c4c1c976c8bdac7d1082fxb0
06512234644,2,0651-2234644,_:n6de0c126d1ca44d79e920b07b3e70e4fxb0 | _:n2e1611019d2740fc8b7a3281810f6003xb0
06512542114,2,0651-2542114,_:nc5424eb131204b91a97d92ce1bbe06f6xb0 | _:n8160ee7dd9454bf4987c4ec34366eee6xb0
0651656612122654492265450,2,"0651-6566121, 2265449, 2265450",_:nc4d81eeab4744b248c49710700affa4bxb0 | _:ncfea5be029d74059b8a1600b8df19e17xb0
06531277784,2,06531-277784,_:n1dd761c421f84f86895fc852435dbbf0xb0 | _:n767a84cae12b4310bf402b6719abd9a1xb0
06534227656,2,06534-227656,_:ned898c216c634a49a5371d3197584a5axb0 | _:nce3bdcbbe9604b76b080b0bd24ea4c19xb0
06742377700,2,0674-2377700,_:naae57b1d994c42bbb86f9ae6c249e454xb0 | _:n48bb3f3e9ce14517b8f559ea30404912xb0
06742651700,2,0674-2651700,_:nd1fa9236549e41a48f01f950e4e2dfaaxb0 | _:n17235153874e42b28771eb76c6f1ec10xb0
06760240371240513,2,"06760-240371, 240513",_:n03e5908cff294400985933b507454455xb0 | _:n720e73ea8857402eb2de067876033d7cxb0
07122870315,2,07122870315,_:n2703547b05954b57934c752668fdc259xb0 | _:nc2834c1ba63843f3a88318d97e2c57c2xb0
07152230511,2,07152-230511,_:n7f442a21fba848faa418dae264fdc173xb0 | _:n9b1a77e8375b4ed9847dd7f5b86d1e3dxb0
07152287701287702,2,"07152-287701, 287702",_:n414e14a48ef84b5a9ce0fe0ea40945efxb0 | _:nf86fb708a72c4361a9eb9acdcbd4a273xb0
0715273888,2,071-5273888,_:na0b131c1340f4a6bbdb81e76d4468259xb0 | _:node1ifenc86nx29978820
073440509002551357,2,"0734-4050900, 2551357",_:n09d586ecd9054c81a16b5bd5030c36e5xb0 | _:n06afada4f9e94863a39a7ebfb321167dxb0
0743639001,2,0743-63-9001,_:nfbdd2cd1bc7948dab6439aba2e209778xb0 | _:n64205c5ac8fa47079bc8491c1c1ccd28xb0
07512436150,2,0751-2436150,_:n84afd9a20ba94063823c316bb7ef82bdxb0 | _:ne45421b8cb39450f86e0d963a2f5838cxb0
07516451850,2,"0751-6451850,",_:na79b3386ef85419d9801bcb81ac38956xb0 | _:n3c1e0c3684914c67ab9629ecc94192d4xb0
07532304622304646,2,"07532-304622, 304646",_:nc8619c6986b542debc9f5cb8a0750356xb0 | _:neb5a07b205f143bf8e6e3d6dbfd6c92axb0
0753255208,2,075-325-5208,_:n109cc4992107460aa49634e6bc6f0b32xb0 | _:nb801687d1707453c979e36a51a9dac3bxb0
07553296746,2,0755-3296746,_:n903589e6a7204372838c7ebdea0387bbxb0 | _:n9bb78f335f914a64b9dd0f4327c82bebxb0
07556766100,2,0755-6766100,_:ne6f2a29421d542d2876f97101179f6aaxb0 | _:nde348643cff34b5aabd7624ffe57f14axb0
07712474612,2,07712474612,_:n8ac0945aa5b84a189bcffc614c3c390exb0 | _:ne505d6f0e4fb470b8cb94260b66d61a6xb0
07712525602289000128900032890023,2,"0771-2525602, 2890001, 2890003, 2890023",_:n4c12fc2689094005b2a3101921c8cb51xb0 | _:nd9bac503afc244ca8758a6ae7ef8e5acxb0
07744325999,2,07744 325999,_:nf62620c863cb47ac810b993ecdc268d4xb0 | _:ne8f3fa73e2014de8aa463ec1d68e6f7fxb0
0775968410,2,077-596-8410,_:n613fadff07474a7399bc9a96efdc3efbxb0 | _:n4cec7e62c97742eaa0fb0f2d3f23739exb0
0783350850,2,078-335-0850,_:nf743738496144dc7977a7e38b48bea3exb0 | _:na50785b8b730458297d04228e27f88d3xb0
078840888104088888,2,"0788-4088810, 4088888",_:n5708539cc0464c0a8c125a811fea2c44xb0 | _:ncf27ad2f0ff3408f9b9bde4f0e2d2e86xb0
07940240444,2,079-40240444,_:n748f48fd690644e9aa40d4975c36b938xb2 | _:nd7c81b19e3f444a7844aeddf44800bafxb2
07966056767,2,07966056767,_:ne04f60aa554b44d184bd9a7919ab1576xb0 | _:nf8834810fef846c2af9631fe65dc5352xb0
0798518543,2,0798-51-8543,_:n23316eb789c74afbb4bc3a8636c3cf34xb0 | _:n32d9897f7e1449b2a2ef2508125224a5xb0
0800800411,2,0800 800 411,_:n4af298b7bbc6471f8aab1e2a121fbe0bxb0 | _:ne75c35f2ccee49449f23e1b1f162bde6xb0
0802226742122267303,2,"080-22267421, 22267303",_:nb2a39fa0e4784a06a3772ff3155e0ee1xb0 | _:n7421ef17d33c4b868e878ec393fff03fxb0
08023286732,2,080-23286732 | 080–23286732,_:nc2c1ebc86b934764aa77596c6501232bxb0 | _:nc0009f1461d7478590072d2f4b0fb0fexb0
08023359474,2,080–23359474 | 08023359474,_:n9a0eda774e05408384c36173e2688939xb0 | _:node1ife1b6ikx24839633
08023607902,2,08023607902,_:nc53882e1366f4c9ca70d8511dd86b6f4xb0 | _:n1634d1dfdb9d4a599f8c30d0aa6df91dxb3
08025245225,2,080 2524 5225 | 080-25245225,_:nbc514b726c8747c8a5ed4d72b88b92ebxb0 | _:node1ifendmcjx15115157
0802536064446,2,(080) 25360644/46 | (080) 2536 0644 / 46,_:n49f67171ff704815959969f2dc473a30xb0 | _:n0c36c6a6e65643e48d6a46bb201e8d1cxb0
08026993013,2,08026993013,_:n01abf4773fb94408ae6e5d6a37fbb728xb0 | _:n8b97095576494327b98fd6c95e8e5ddbxb0
0802783166627835431,2,"080-27831666, 27835431",_:n63c269af3d694395af6bc24e795bb471xb0 | _:n687e43f2efbc47e39e45d5fb6ee1147bxb0
080284250122842501328425163,2,"080-28425012, 28425013, 28425163",_:neb94f561b8cb49419d595bf31e581a5fxb0 | _:n204ecd6202da401bafe72280091464a0xb0
08028611880,2,080-28611880,_:nfe9cb21f864d4a03816d00ae5a8513a8xb0 | _:n40e1da50ad6742edbce82f1cb8aad948xb0
08040129800,2,08040129800,_:nbc0c38cd64a44852bdbf0c2e8499a23cxb0 | _:nca698c7364d14834b5577aaeefddaff7xb0
08042478700+919886499600,2,"080-42478700, +91-9886499600",_:n7c1545573b3e4c46b04c39f1b087683axb0 | _:n82827324e1434263bbc15716b9d89993xb0
08047161979,2,08047161979,_:nd1ab8acef354448a93fb051432701ddcxb0 | _:n914171feea9c49b3967321e81c655d09xb0
08056739738759829388899444939007867011449,2,"08056739738, 7598293888, 9944493900, 7867011449",_:n453293ac72ea49bfb8891a3bc57f464fxb0 | _:na271176a46624ad3bf1e1b803525994fxb0
082322355662245773,2,"08232-235566, 2245773",_:naebe4d4c09d34d73968b150414816469xb0 | _:n79a2aadc92ea4cf68329634feb1c41f8xb0
08362215262,2,0836-2215262,_:n1dfe88e9a80e4849a1a7df5376079e60xb0 | _:nbf8d60a8de30479595c3820e2d236abexb0
083623741502378123,2,"0836-2374150, 2378123",_:nd1b59da0ddd440e0a89134eed4536962xb0 | _:n5d1aec752b964e4cafa1ed9ed299eddfxb0
08417243131197198,2,\r\n                        08417-243131/ 197/ 198,_:node1ifd3s8vcx17395243 | _:node1ifd0kemox26556633
08518255160,2,08518-255160,_:n1667082a96ba4601a872060d87e4f643xb0 | _:n44c52d6510b14a7282756faa61976598xb0
08554255231255267,2,"08554-255231, 255267",_:na1110bac06aa4d7fa368e1c412582f3dxb0 | _:nea6510e908f2498cb8980716e3e70658xb0
0857722409908885896933,2,"08577-224099, 08885-896933",_:nd3a26f2c239d40408c6c863578473053xb0 | _:n2fb988b0dc154f389770d4ee8a18e819xb0
086123138432313842,2,"0861-2313843, 2313842",_:n809467eb5524408591d2e655dd13aaf3xb0 | _:n0dbf329d07a441a8b8c2f7c96ef266a6xb0
086323447770863234470008632344701,2,"0863-2344777, 0863-2344700, 0863-2344701",_:n601a00db8c5e4fefafa213fd3b5c1893xb0 | _:n2908f79ab91b402a83a0d9d77d1dbbe2xb0
08647218164218221219083,2,"08647-218164, 218221, 219083",_:n3a24f7bf05ff4973af309b2fb09a3116xb0 | _:n6a282257427a4cf6a526abdac72a78b9xb0
08647256243253412,2,"08647-256243, 253412",_:n3dc7c78431c041b283f7d33827b19f18xb0 | _:n460a8fdf02e24babb7e8652dae36f003xb0
08662286273228627372862736,2,"08662-2862732, 2862737, 2862736",_:n8d47f3bb92954d82bf43dd7d169342e1xb0 | _:n56a637f2995541fbbaaf6e105fcf67d7xb0
0870255255525553552555055,2,"0870-2552555, 2555355, 2555055",_:n0926509856534a5aa7bfcc00ee8ea352xb0 | _:n959c95c908c443799aaabf4d030dffefxb0
08772287152228613122877772286115,2,"0877-2287152, 2286131, 2287777, 2286115",_:n9eac45d8b078438bb28b00a424ae3a5axb0 | _:n4d2443a27242491e8f6db10d68659cb8xb0
088562311492331722508881,2,"08856-231149, 233172, 2508881",_:node1ifd3se4gx17518045 | _:node1ifd3s6rox17784710
08933220125220126,2,"08933-220125, 220126",_:nf16ef92dc8d84a9293fb1eafce3af5ddxb0 | _:nbaecbb0af0cd4b70bbb5108dc6620ea9xb0
0899955990,2,0899955990,<https://caodangyduochochiminh.vn> | _:n7b1194a088f243e3a32c5aa7dec9d5faxb2
091318565170,2,09131 / 85-65170,_:n0ad6595499ff476482b7ed7b9d237e0dxb0 | _:nf1ed332c4c9b489d8363498303938fd1xb0
0969955990,2,0969955990,<https://caodangyduochochiminh.vn> | _:n7b1194a088f243e3a32c5aa7dec9d5faxb2
0972727207,2,0972727207,_:n9c67bc7169134119beb09646cb857a6fxb0 | _:n2f709ff182194f30b6b7b18e20b97fd9xb0
09805092446,2,09805092446,_:n0e122221037b4d1bb43d881032efd98dxb0 | _:n3be6b9841a704c968bb213ab7442a102xb0
09999711361786991507207314012222,2,"09999711361, 7869915072, 0731-4012222",_:na517fba8a72e4972a42a651b79b82f68xb0 | _:nbfafc747904b4fb6881d1998149f5d7cxb0
12035828200,2,1-203-582-8200,_:na54696fd77c84cf68572e8acc73cc7a1xb0 | _:n2ec8ded264d848cebe87bd8816f774fdxb0
12173331000,2,12173331000,_:na3e8e3bb51854348b2908a570027f839xb0 | _:ned2cc5eca5e940f4ac0c2680c4163c8dxb0
1300,2,1300 ART CLASS,<https://sydneyartschool.com.au/#organization> | <https://sydneyartschool.com.au/studios/baulkham-hills-studio-14a-old-northern-road/#local-branch-organization>
1300278252,2,1300 278 252,<https://sydneyartschool.com.au/#organization> | <https://sydneyartschool.com.au/studios/baulkham-hills-studio-14a-old-northern-road/#local-branch-organization>
13014055252,2,1 (301) 405-5252,<https://provost.umd.edu#creator> | <https://provost.umd.edu#identity>
13103382698,2,13103382698,_:nb4bb2eff3e2a449a94623ba4c4b327d5xb0 | _:n4eda3c0ba4804bbd9003db75fe336487xb0
14164152000,2,14164152000,_:nc9556f7259ea43d5bb3bcfa506a1c4daxb0 | _:n3f32e9fe7f0240b2b1bd122d0e5a85bfxb0
15063642269,2,15063642269,_:n0df818eb53a0460ba91435b3ed5c53f2xb0 | _:n32fd46d7160e4619b53f39c117014b89xb0
15065401054,2,1-506-540-1054,_:n4d8ffcf7c3d240558fabd121d9fc5ddbxb0 | _:nabd8af1f27cc4119b98506bd8405c647xb0
17057481314,2, 1.705.748.1314,_:n150393d347984b319c2c733badc6a13bxb3 | _:n71a2f1814d6548dab568191ea4cf6445xb0
17098648000,2,17098648000,_:nf8960d45c83241e2ae349eb8747368b8xb0 | _:n802dcfcd1567492b9a8bcbb6b15f1c98xb0
17654944004,2,1-765-494-4004,_:node1ifdvbajkx2640613 | _:node1ifernpe8x39864831
17654944600,2,17654944600,_:nca3a886acafb4ddf813bdd49ec9357fexb0 | _:n80cc30b000b1413893a45cbe0f51b76cxb0
1800061963,2,1800 061 963.,_:n9d2ae0b61ae648c98ee7c3b5ac750818xb0 | _:nfaaeb0d269b147e8a7cb24f4f8c6dd73xb0
18001020347,2,18001020347,_:nb584fc15d64a44a291b1cd8e85214d77xb0 | _:n4058edce84184952a252b4bd4a0408c8xb0
18001021123,2,18001021123,_:n109298d689b54c9199a9edd02fdcc320xb0 | _:n24a0ca5e3fe4488bb986a926b47b01cfxb0
18001023434,2,18001023434,_:n6f272dc75f28474ca961c0d9b60cb859xb0 | _:n6abf4c2aa073498684103757651b3df9xb0
18001033005,2,1800-103-3005 | 18001033005,_:nf334ca7bd3254d9a869cac1926525b19xb0 | _:nbbb30b6499674ac2b7e70df94244b41bxb0
18001231104,2,18001231104,_:n164a2acb7d0f41f8abb3bd89bc1b092dxb0 | _:n67a364a87fdb46b999257b5860b965c1xb0
180018076861800102768605226055583,2,"18001807686, 18001027686, 0522-6055583",_:n16057a4d5ccf465ba38824f06c7bc6c7xb0 | _:naf9f886bdab34549bea357ada047f61exb0
18002588155,2,18002588155,_:n3f3fba1f90064f75835cf3937a20edbfxb0 | _:ne655b7f22cfc47ca846eac192c1e0319xb3
1800266200108066145150,2,1800 266 2001 / 080 6614 5150,_:n1ae930c5110f4eba8537e1de254848b1xb0 | _:nbb5e158bacdb4cf7aaea03a4fba87895xb0
1800313007501515156000,2,"18003130075 , 0151-5156000",_:n4476c13128084333b53b71b36687ac55xb0 | _:nb07a27e940f74686afb142bc68465d7cxb0
18003770617,2,1.800.377.0617,_:n640974b57cc34fb2ae7453537d28429bxb0 | _:ncdd93caa5e634b5e859c849efec9455dxb0
18005213575,2,18005213575,<https://www.usdalumni.com#identity> | <https://www.usdalumni.org#identity>
1824404404,2,1824-404404,_:ndda909063d2b42209b44cd4de6a30601xb0 | _:n56dc358c3156416196f2c9ec5630bd06xb0
18339560225,2,1-833-956-0225,_:n29dfec9ff5b84e58881bbc01bceada1dxb0 | _:n5d4f77529b154b73bb4b066ba7196224xb0
18592579000,2,18592579000,_:ncebdad42a43f40269bf71f6bfb9fea12xb0 | _:n110a1e5d4994440d9c2a37144f947e3exb0
18664674278,2,1-866-467-4278,_:n6cef119c5dcc477b99d4de4b66973decxb0 | _:n37c61c70227d4cb08e238fe3ca10b224xb0
18885596763,2,1-888-559-6763,_:node1ifdmh3anx22372303 | _:node1ifdq7gngx2596292
2017617115,2,201-761-7115,_:n2337f7a2a3984d8b8585fbffeac7f55exb0 | _:n6eacf06293014553b83db535c6740529xb0
2024444448,2,Phone: 202-444-4448,_:node1ifdhe2t5x5776262 | _:node1ifdn15i8x1184136
2026515000,2,(202) 651-5000,_:nb730991707e841c98df27cd5af901454xb0 | _:node1ifdfphh0x12620717
2026874949,2,Phone: 202-687-4949,_:node1ifd0kkjix559920 | _:node1ifd0kgrvx575496
2026876473,2,Phone: 202-687-6473,_:node1iffidhuax698924 | _:node1ifffdbepx677071
2028046455,2,(202) 804-6455,_:n2f30733547f347c19a1cf1f5c6fa4422xb0 | _:node1ifdnmbo0x98908
2028853974,2,(202) 885-3974,_:n5dc53f0defd443cb87fa5a9c914af9eaxb0 | _:node1ifdmh00nx113951
2034324771,2,(203) 432-4771 | 2034324771,_:node1ifehbpvvx4383687 | _:n11b52895c0194d4f9d7fa6817ddfaa4fxb0
2046322327,2,204 - 632-2327,_:n5ddbf2e18b474bd6baf210a435c209a9xb0 | _:n9475fd9b64464a6880c8010748d9e7e3xb0
2047289520,2,2047289520 | (204) 728-9520,_:n3284df05688a4353bf5c142dc69e598cxb0 | _:n92562ea8e3364036be2cebbb2876e9aexb0
2049896500,2,204-989-6500,_:n7f1db86d79a447b699c640d83633a5ccxb0 | _:n201353ec3ec544f4a4f8bf9a6314428cxb0
2062812036,2, (206) 281-2036,_:node1iffi43u1x3278798 | _:node1iffi43u1x3278808
2065439686,2,2065439686 | (206) 543-9686,_:n4fb33689b31c43bb833d490bfdaf94a1xb0 | _:nd0f7890b292549a6b941aec0e7ad5716xb0
2077253100,2, (207) 725-3100,_:node1ife77d55x25993246 | _:node1ife77d55x25993256
2082324921,2, (208) 232-4921,_:node1ifd0kcn7x47817980 | _:node1iff0qub9x3208895
2082822701,2, (208) 282-2701,_:node1ifd0kcn7x47817990 | _:node1iff9igstx10652436
2082822714,2, (208) 282-2714,_:node1ifd0kcn7x47817988 | _:node1iff9igstx10652434
2082823281,2, (208) 282-3281,_:node1ifd0kcn7x47817984 | _:node1iff9igstx10652428
2082823470,2, (208) 282-3470,_:node1ifd0kcn7x47817992 | _:node1iff9igstx10652438
2082824686,2, (208) 282-4686,_:node1ifd0kcn7x47817986 | _:node1iff9igstx10652430
2127724864,2,212-772-4864,_:nb72f51902ef2498688beb1d5122dd583xb0 | _:n7bed32c9b52f4d90b5194b3add42e772xb0
2152047000,2,(215) 204-7000,_:node1iffv152lx1931748 | _:n2884c4825fe947568373fc6e2c95a80fxb0
2154534000,2, (215) 453-4000,_:node1ifencfsix18355139 | _:node1ifd0kgmfx742720
2224097555,2,222 409 75 55,<https://sic.gob.mx/ficha.php?table=universidad&table_id=1831> | <https://sic.gob.mx/ficha.php?table=universidad&table_id=934>
2293915001,2,(229) 391-5001,_:node1iffv15bvx4440866 | _:node1ifev9vk2x21288841
2297322171,2,(229) 732-2171,_:node1iffv15bvx4440874 | _:node1ifev9vk2x21288823
2298917000,2,(229) 891-7000,_:node1iffv15bvx4440960 | _:node1ifev9vk2x21288803
2313113167,2,(231) 311 31 67 | 231 311 31 67,<https://sic.gob.mx/ficha.php?table=universidad&table_id=941> | <https://sic.gob.mx/ficha.php?table=universidad&table_id=986>
24080331,2,24080331,_:n2ecdca87e8af4d779155e99090760767xb0 | _:nf82fe71f02b84e5ab29f50960b37a112xb0
2505615857,2,250-561-5857,_:n20bac3d988204c6fb5c598b98cc73657xb0 | _:nca19593612b944b3812cce2bdea246ffxb0
2513438200,2, (251) 343-8200,_:node1ifg4vfn0x15387735 | _:node1ifdcf2mux30584249
2513688118,2, (251) 368-8118,_:node1iff0qn5mx3142008 | _:node1ifelpqt4x3346662
2513688211,2, (251) 368-8211,_:node1iff0qn5mx3142006 | _:node1ifelpqt4x3346648
2514382816,2, (251) 438-2816,_:node1ifg4shiax8032714 | _:node1ifg4shiax8032716
2525362551,2,(252) 536-2551,_:node1ifed72kdx14333541 | _:n78f9d01e95814cf093d496ac2b735d5dxb0
2819986150,2,281-998-6150,_:n47c1874e6d284bef97b7918d566cd30fxb3 | _:n3daa9252982748718a4435bcc9c637cbxb3
3014052559,2,(301) 405-2559,_:n08d563163b824b468f876d4b0720eb7axb37 | _:n6ea4a5915cf8479aa9573132d45e33cbxb37
3034045000,2,(303) 404-5000,_:node1ifg430gkx6565505 | _:n5fdfa00ffde74572845c79d2175e352fxb0
3037536046,2,(303) 753-6046,_:ndc6fdaa880034e5f9889dbd8e4a9ca94xb0 | _:n4c26c51428934fefb173a541712f6ad6xb0
3048967098,2,(304) 896-7098,_:node1ife4ggo5x41206700 | _:node1iffuv94hx1961875
3094382181,2,(309)438-2181,_:nc2c1ac4f4ebc48729e17797d8cfc6a9cxb0 | _:nfa0cda4aa9174768b7db20b05e3d97fexb0
3103037311,2,(310) 303-7311,_:ne9b88e6274274464b34988929f470b2fxb0 | _:n7a9061666bea4aed9771292b31e3acd7xb0
3123413500,2,(312) 341-3500,_:node1iffv1drux1986715 | _:nf931dce3911e41e5a710eb1c894e01d3xb0
3138459600,2,(313) 845-9600,_:n9a6872f9630d468e90cb5a77c87cafe1xb0 | _:n1eb55a8ae2bd481fa8b6565046a9dc91xb0
3145317925,2, (314) 531-7925,_:node1ifflg8t6x816170 | _:node1iffoic1sx765664
3149355500,2, (314) 935-5500,_:node1ifflg8t6x816166 | _:node1ifflg8t6x816172
3156846000,2,(315) 684-6000,_:node1ifg57rg9x6737452 | _:ncc608892370d479abf8f2af87ebd3773xb0
3157925400,2,(315) 792-5400,_:n1c7a221b8b414d0bbfe194ffb48297d3xb0 | _:node1ifg57rg9x6737446
3158660300,2,(315) 866-0300,_:n8fe4e45cd5c249ee8b42d10f2a50cfaaxb0 | _:node1ifg57rg9x6737401
3172745555,2,(317) 274-5555 | 317-274-5555,_:node1iffv0v6fx9462633 | _:node1iffm9ci4x4531869
3192326980,2,319-232-6980,_:n85929438b8e74c599e85c38624011ce1xb0 | _:n0fad30b0e73547e5812a5a3f88e7e3e7xb0
3216748030,2,3216748030 | 321-674-8030,_:naf1d33e9fadb46ea988906774e8b3f78xb0 | _:n18ec967816b94c43baed02c723aa80baxb0
3233433901,2,(323) 343-3901,_:nd9212e8745d0477fac126a0fc9a8416bxb0 | _:na53ddf9f63a64c7cba6b78a6753f1403xb0
3256410798,2, (325) 641-0798,_:node1ifeh885hx15642049 | _:node1ifefhj0bx18501688
3256435987,2, (325) 643-5987,_:node1iff9igstx3326578 | _:node1ifeh885hx15642053
3256498017,2, (325) 649-8017,_:node1ifenc694x743572 | _:node1ifeh885hx15642081
3256498025,2, (325) 649-8025,_:node1ifenc694x743598 | _:node1ifenc6gjx779188
3256498044,2, (325) 649-8044,_:node1ifenc694x743574 | _:node1ifeh885hx15642057
3256498045,2, (325) 649-8045,_:node1ifenc694x743562 | _:node1ifeh885hx15642045
3256498054,2, (325) 649-8054,_:node1ifenc694x743590 | _:node1ifefhj0bx18501686
3256498100,2, (325) 649-8100,_:node1ifenc694x743570 | _:node1ifeh885hx15642047
3256498111,2, (325) 649-8111,_:node1ifenc694x743568 | _:node1ifenc6gjx779198
3256498309,2, (325) 649-8309,_:node1ifenc694x743588 | _:node1ifenc6gjx779186
3256498318,2, (325) 649-8318,_:node1ifenc694x743592 | _:node1ifeh885hx15642075
3256498400,2, (325) 649-8400,_:node1ifenc694x743580 | _:node1ifenc6gjx779192
3256498500,2, (325) 649-8500,_:node1ifenc694x743582 | _:node1ifenc6gjx779180
3256498602,2, (325) 649-8602,_:node1ifenc694x743564 | _:node1ifeh885hx15642083
3256498606,2, (325) 649-8606,_:node1ifenc694x743584 | _:node1ife5buqmx16151214
3256498607,2, (325) 649-8607,_:node1ifenc694x743594 | _:node1ifeh885hx15642067
3256498956,2, (325) 649-8956,_:node1ifenc6gjx779170 | _:node1ifenc6gjx779194
3303853805,2,(330) 385-3805,_:n51509d1e7d254428bfd87f80a31f7951xb0 | _:n8be94e375bf34c15a2c24ed06f42f86dxb0
3348444060,2,(334) 844-4060,_:n08d563163b824b468f876d4b0720eb7axb17 | _:n6ea4a5915cf8479aa9573132d45e33cbxb17
3380000863,2,33 8000 0863 |  (33) 8000 0863,<https://sic.gob.mx/ficha.php?table=centro_educacion&table_id=663> | <https://sic.gob.mx/ficha.php?table=universidad&table_id=495>
3528735800,2, (352) 873-5800,_:node1iff9imbcx7940695 | _:node1iff9imbcx7940713
3528735810,2, (352) 873-5810,_:node1iff9imbcx7940678 | _:node1iff9imbcx7940685
3528735815,2, (352) 873-5815,_:node1iff9imbcx7940681 | _:node1iff9imbcx7940697
3528735835,2, (352) 873-5835,_:node1iff9imbcx7940689 | _:node1iff9imbcx7940703
3615935372,2,(361) 593-5372,_:n3b26e296e0834d47977cd3de503b8ee3xb0 | _:n108ccb3f1c3c4181a7f69153616ee4cbxb0
3618252601,2, (361) 825-2601,_:node1iffa3iq1x5674285 | _:node1ifdmh1qdx792525
36502855,2,36502855 |  36502855 ,_:node1ifenc86nx17899676 | _:node1ifeu927ix495157
3862551707,2, (386) 255-1707,_:node1ifd6t6h2x20394237 | _:node1ifd4r8bax30115107
3996100039961001,2,3996-1000 / 3996-1001,_:node1ife5d7pux20016941 | _:node1ife678ubx17906360
4012326000,2,(401) 232-6000,_:node1ifg8ag9sx4253729 | _:n67bfcc20ceae4ee28a76a85e5add677axb0
4015981000,2,(401) 598-1000,_:node1ifg8ag9sx4253731 | _:ne43597877f6f411682f480a68b0dcd55xb0
4024862525,2, (402) 486-2525,_:node1iff0qrpex5671168 | _:node1iff0qnbtx35036615
4044132000,2,(404) 413-2000,_:node1iffv15bvx4440940 | _:node1ifev9vk2x21288833
4046812800,2,(404) 681-2800,_:node1iffv15bvx4440958 | _:node1ifev9vk2x21288839
4053252151,2,(405) 325-2151,_:naf6f9fe446c349059bef288674a37ea1xb0 | _:n8b89254582e14dc39f8c6fb96c1ef724xb0
4056913800,2,(405) 691-3800,_:node1ifg58ccvx1843661 | _:node1iff0qr8ax11611809
4057337311,2,(405) 733-7311,_:node1ifg58ccvx1843692 | _:node1iff0qr8ax11611786
4058785100,2,(405) 878-5100,_:node1ifg58ccvx1843702 | _:node1iff0qr8ax11611794
4059742000,2,(405) 974-2000,_:node1ifg58ccvx1843715 | _:node1iff0qr8ax11611790
4104552624,2,(410)-455-2624,_:n75bae59ad8254eddbc7b4bf6c15ecc31xb0 | _:n565c27a44561472aae70d4e48b0c8f97xb0
4123966113,2,412-396-6113,_:n22f4ea0fe03e49ca8af08eef06b6c974xb0 | _:ncfc4764c210541dc843e7c64dde1b959xb0
4126247488,2,(412) 624-7488 ,_:ne31bc83d83a24e6180764cb888372192xb0 | _:n85a2afc1991146f588a565ca8c11ca9cxb0
4135450111,2,413-545-0111 | (413) 545-0111,_:n79d16479bec14694b27ad4392e2485d1xb0 | _:node1ifernim9x24217447
4154226563,2,(415)422-6563 | (415) 422-6563,_:n1716d0a468d04908a4d23eb8fef9dfbdxb0 | _:nbf53c1b2bd5b44abaee6610ffbe487f2xb0
41611000,2,41611000,_:n5197ea029a4c4d1ca633eb7388d5957dxb0 | _:n91e8ca453ad24bd28c99a95b7fe601ecxb0
4195308309,2, (419) 530-8309,_:node1ife4g2dpx10520465 | _:node1ife5c68vx9045431
4234254111,2,(423) 425-4111,_:node1ifg2vpt9x9249362 | _:node1iff554tux6553336
4234391000,2,(423) 439-1000,_:node1ifg2vpt9x9249310 | _:node1iff554tux6553342
4236367300,2,(423) 636-7300,_:node1ifg2vpt9x9249370 | _:ne14001fac52641519b4c16595b6747e3xb0
4237457504,2,(423) 745-7504,_:node1ifg2vpt9x9249360 | _:node1iff554tux6553346
4347972222,2,(434) 797-2222,_:node1ifg4tc91x4195856 | _:nc645ce8aac974449b37d5b6bd3491292xb0
4349240311,2,(434) 924-0311 | 4349240311,_:node1ifg4tc91x4195940 | _:ne558a3af0d4c4f1da31c613ce30ac852xb0
4355867700,2,(435) 586-7700,_:node1ifebf7f9x19315307 | _:node1iffv1857x21695289
4401162506070,2,4401162506070,_:n5727e8d8b70d45a59908c4a3aeacaa01xb0 | _:n7d297a466aee4ec7bce3c154fd171ebcxb0
4401224272000,2,4401224272000,_:n77b0b5dddb994b5c909c042b5672d758xb0 | _:na56faa61406643819007759040b2886fxb0
4401234400400,2,4401234400400,_:n61d45622a472450da227154863b685c1xb0 | _:n69540e4e9df149c5a08ce7aba0ec2055xb0
4401234758540,2,4401234758540,_:n899801c1128048239bab1fc3b21b5d93xb0 | _:ne32a618daeb64cf2bfc56bdbe0a14f2cxb0
440152465201,2,440152465201 | 44 (0)1524 65201,_:n542dc58e2d5f4726bb4b21998d8260fbxb0 | _:na6f8c1be58894a78808c44ba3a55fb8cxb0
4401612476969,2,4401612476969,_:nca4e3bf3092f4e59b0bc670c021a348fxb0 | _:n50ccba601b7243a1b9274a2af740fb51xb0
4402920874000,2,4402920874000,_:n2a63739f24264c538d09ac43cc0c7e5bxb0 | _:n5655bac87e564070a1b5be77507e1475xb0
441132431751,2,441132431751,_:ndacae02f09664b139539f652c1ea179fxb0 | _:n3e5caa9b8f4e4db783223705d678e915xb0
442075914300,2,44 20 7591 4300,_:node1iffh0e7cx4972921 | _:node1iff6qc2dx2373356
442077228183,2,44 20 7722 8183,_:node1iff8sop0x7180171 | _:node1ifd7fso7x2248916
468162000,2,468162000,_:n22aada682e5542459aa263ee5db6eea9xb0 | _:nd4b14e7a55b645199d5f621e9935fa20xb0
4782953692,2, (478) 295-3692,_:node1iff48mv8x3301518 | _:node1ifd34avnx3108735
4783012700,2,(478) 301-2700,_:node1iffv15bvx4440954 | _:node1ifev9vk2x21288821
4784452770,2,(478) 445-2770,_:node1iffv15bvx4440922 | _:node1ifev9vk2x21288797
4784454577,2, (478) 445-4577,_:node1ife1tv9vx3118682 | _:node1ife1tv9vx3118684
4784455531,2, (478) 445-5531,_:node1ifg8384dx780706 | _:node1iff48mv8x3301528
4784529815,2, (478) 452-9815,_:node1iff48mv8x3301516 | _:node1ifd34avnx3108733
4784771110,2,(478) 477-1110,_:node1iffv15bvx4441010 | _:nf025916d022b49bdb965bf87a947a151xb0
4785532050,2,(478) 553-2050,_:node1iffv15bvx4440964 | _:node1ifev9vk2x21288817
4787573400,2,(478) 757-3400,_:node1iffv15bvx4440894 | _:node1ifev9vk2x21288811
4804236000,2,(480) 423-6000,_:node1iffv1drux1928114 | _:node1iff0qsf3x11626400
4804617000,2,(480) 461-7000,_:node1iffv1drux1928098 | _:node1iff0qsf3x11626394
4807327000,2,(480) 732-7000,_:node1iffv1drux1928082 | _:node1iff0qsf3x11626386
48096577887788,2,(480) 965-7788 x7788,_:n5ae7f0ff5f6f49dfae8442807a47e734xb0 | _:n7119ed0f34a24c7da81465794d907d96xb0
4930209370333,2,4930209370333,_:n7d3108954fa646b7b1ac83d96c27903bxb0 | _:n247aebbe48204bb2aa58518acf1c5ec3xb0
49691540080,2,49 69 154008-0 | 49691540080,_:nd31b9ad1129f49f18af55b20171feb87xb0 | _:n8a1b1e2258474c988a844f784a4ba2bbxb0
498921800,2,498921800,_:n7ce5a9af13c947168769050efb167e80xb0 | _:nd5f44d4a414c496da02369e397f434cbxb0
498928925848,2,498928925848,_:nb20b27bca0ce4aa2a73b49114418b189xb0 | _:n9a9dda4d95b3463bba2a1cc821f18c9cxb0
5014505000,2,(501) 450-5000,_:n3dd224a38f3648ca81ee779ef02cd15axb0 | _:n4d852185b0cd415793baac561021c92dxb0
5033995000,2,(503) 399-5000,_:node1iffv12hbx4467646 | _:n6de4164fcf5c4b7f96fc2adac3e180a7xb0
5035546123,2,503-554-6123,_:node1iffdmg0ex1935522 | _:node1iffv109ix16601725
5042786467,2, (504) 278-6467 | (504) 278-6467,_:node1ifebqnugx5829580 | _:n0126f85007a4447ebe6d9d53c416c93fxb0
5093351446,2, 509 335-1446,_:n4a189cee8dde4072b6a22f0ae71833c2xb3 | _:n547cb8bf121e4db08654e427ef08e938xb0
5106426000,2,(510) 642-6000,_:node1ifd6t5j6x22477850 | _:node1iff0qqftx17310900
5124757391,2,512-475-7391,_:nbbf1bd656c3f4c1db9e751cb420b3013xb0 | _:n458a35e8ea5e4f1c82d5c7c08b4ad69cxb3
5137455600,2,(513) 745-5600,_:node1ifec7nvvx16744267 | _:node1iff3jbcfx11590460
5143437076,2,514 343-7076,_:n0e610a61a7a4427fa3cb6e619f281149xb3 | _:nf974ec616b374bd39415ac40ebac6373xb0
5166861316,2,516.686.1316,_:n04b0f8a1a9004553afc4e6e293c4e0e1xb3 | _:n67cfa4e110064104820e6050cbbaa15dxb0
5173531720,2,(517) 353-1720,_:nf9678c1d800648a6aac6bf111c158bbbxb0 | _:nfafcaf5fb68848028d77350c6dcb4ae1xb0
5184423300,2,(518) 442-3300,_:node1ifg57rg9x6737525 | <https://www.albany.com/business/university-at-albany-8586/#m2-business>
5184648500,2,(518) 464-8500,_:node1ifg57rg9x6737385 | <https://www.albany.com/business/excelsior-college-6648/#m2-business>
5186319910,2,(518) 631-9910 | 518-631-9910,<https://www.albany.com/business/clarkson-university-capital-region-campus-23101/#m2-business> | _:nd183afd0a8a446a7a2427a186e0ca4cbxb0
5187623622,2,(518) 762-3622,_:node1ifg57rg9x6737393 | _:nabdb0e63e31f49a39bcc1216ddbdfaf4xb0
5187832300,2,(518) 783-2300,_:node1ifg57rg9x6737505 | <https://www.albany.com/business/siena-college-8363/#m2-business>
5202064500,2,(520) 206-4500,_:node1iffv1drux1928110 | _:node1iff0qsf3x11626396
5204945444,2,(520) 494-5444,_:node1iffv1drux1928080 | _:node1iff0qsf3x11626384
5205150500,2,(520) 515-0500,_:node1iffv1drux1928084 | _:node1iff0qsf3x11626402
5403752500,2,(540) 375-2500,_:node1ifg4tc91x4195920 | _:n71f4ffe920cc4e5aaeeb8453a69ff7b7xb0
5405687031,2,(540) 568-7031,_:n08d563163b824b468f876d4b0720eb7axb22 | _:n6ea4a5915cf8479aa9573132d45e33cbxb22
5414633000,2,(541) 463-3000,_:node1iffv12hbx4467656 | _:n0acbc6dcfe7744739b543104f5bc2f27xb0
5488895574,2,548 889 5574,_:n7061b14954934dddb1d48ca0fc728020xb0 | _:n414ed00387564857ad09ba514d9ae9c1xb0
5511157000,2,55 1115 7000,<https://sic.gob.mx/ficha.php?table=centro_educacion&table_id=495> | <https://sic.gob.mx/ficha.php?table=centro_educacion&table_id=928>
5541550000,2,(55)\t4155 0000 | (55) 4155 0000,<https://sic.gob.mx/ficha.php?table=centro_educacion&table_id=1052> | <https://sic.gob.mx/ficha.php?table=centro_educacion&table_id=845>
5555328904,2,55 5532 8904,<https://sic.gob.mx/ficha.php?table=centro_educacion&table_id=249> | <https://sic.gob.mx/ficha.php?table=centro_educacion&table_id=250>
5559863497118,2,55 5986 3497 ext. 118 | 55 59 86 34 97 ext. 118 ,<https://sic.gob.mx/ficha.php?table=centro_educacion&table_id=931> | <https://sic.gob.mx/ficha.php?table=universidad&table_id=1163>
5596881731,2, (559) 688-1731,_:node1ifduaagmx735584 | _:node1iffsd6tjx769758
5612973002,2,561-297-3002,_:node1ife348qpx4250896 | _:node1ife5c7ulx153167
5618032000,2,(561) 803-2000,_:node1iffkpkftx2454180 | _:node1iffgg37tx2555024
5629787620,2,(56 2) 978 7620,_:node1ifdgf12ax3050995 | _:node1ifencfsix60842907
5688257444,2,5688257444,_:nbf2d266dac1545dc8cfad807a7f12cadxb0 | _:n7e2faef0bc1a445a9e3e2f0c48b0b62axb0
5706752171,2,(570) 675-2171 | 570-675-2171,_:node1iffv152lx1931715 | _:n355c2d34e5d34d4d9ae9e18027c72fb7xb0
5742844000,2,(574) 284-4000 | 574-284-4000,_:node1iffv0v6fx9462661 | _:n0c80adc6fd1d40c8a54663f8f7dd20cbxb0
5745204872,2,(574) 520-4872 | 574-520-4872,_:node1iffv0v6fx9462635 | _:node1iffm9ci4x4531881
5746315000,2,(574) 631-5000 | 574-631-5000,_:node1iffv0v6fx9462675 | _:n666a629ae2924e6193950212e836f7c1xb0
5803328000,2,(580) 332-8000,_:node1ifg58ccvx1843653 | _:node1iff0qr8ax11611800
5803492611,2,(580) 349-2611,_:node1ifg58ccvx1843680 | _:node1iff0qr8ax11611798
5806286200,2,(580) 628-6200,_:node1ifg58ccvx1843669 | _:node1iff0qr8ax11611784
5807452000,2,(580) 745-2000,_:node1ifg58ccvx1843696 | _:node1iff0qr8ax11611778
5807726611,2,(580) 772-6611,_:node1ifg58ccvx1843700 | _:node1iff0qr8ax11611811
5852753221,2,(585) 275-3221,_:n3323c07474e44218b7e3a3ad39c25644xb0 | _:node1ifg57rg9x6737585
5853952361,2,(585) 395-2361,_:node1ifg57rg9x6737537 | _:n36bebc016e62406eaec36adec1cb45baxb0
58547522298662603950,2,585-475-2229;866-260-3950,_:n9930ad2bf8fe4e28922f036bd3f75e91xb0 | _:nf11b7698dabb4049a8535efe8cc30982xb0
6022642492,2,(602) 264-2492,_:node1iffv1drux1928108 | _:node1iff0qsf3x11626388
6023711188,2,(602) 371-1188,_:node1iffv1drux1928104 | _:node1iff0qsf3x11626404
6027876500,2,(602) 787-6500,_:node1iffv1drux1928106 | _:node1iff0qsf3x11626406
6045275650,2,6045275650 | 604 527 5650,_:nc366bbf88d964f9ebeae2bd7aae41ea5xb0 | _:ne5019433488042be8f4ba8234f782c30xb3
6052700005,2,605-270-0005,_:n28c360b07dd843dd8a570513dd9b98b0xb0 | _:n7cecc08f49c648189de7c26fa4f15b58xb0
6056586140,2,605-658-6140,_:n1cfc409ebd47460eb7655ba3b5e46051xb0 | _:nea8af723ec5a4046add15ef7633bfaa6xb0
6077532011,2,(607) 753-2011,_:node1ifg57rg9x6737539 | _:n392fa5ab2936462b8713655cc680743fxb0
6092583060,2,6092583060 | 609-258-3060,_:n7855bae5ff98494b8373a8c3c5c8a134xb0 | _:n101c0a644b06492ab6f00a2d16a5a935xb0
6098965000,2,6098965000 |  609-896-5000,_:n4d9d2ba1e61e4f18a6258c3d301490a5xb0 | _:n10f11bef28ba444d9ae54983ff7d0e13xb0
6106064666,2,(610) 606-4666,_:node1iffv152lx1931539 | _:n3bb2962b30024beb8424ddd949c6f5a0xb0
6106601000,2,(610) 660-1000,_:node1iffv152lx1931729 | <https://www.sju.edu>
61353279018,2,61353279018,_:n30301139e268435fb30382cdaf6b023cxb0 | _:ne88e896bc67248358df6939df6eaf0f3xb0
6142532741,2,(614) 253-2741,_:nfaffc90771374966ab089bbe5c473de0xb0 | _:node1iff3jbcfx11590522
6152481200,2,(615) 248-1200,_:node1ifg2vpt9x9249368 | _:node1iff554tux6553368
6153533333,2,(615) 353-3333,_:ne8223e55d7f74c97a737201f453ca2e9xb0 | _:node1iff554tux6553356
6154442562,2,(615) 444-2562,_:node1ifg2vpt9x9249308 | _:node1iff554tux6553352
6158982300,2,(615) 898-2300,_:node1ifg2vpt9x9249334 | _:node1iff554tux6553344
6159635111,2,(615) 963-5111,_:node1ifg2vpt9x9249354 | _:node1iff554tux6553338
6174952789,2,617-495-2789,_:n079822ef84304e8d9851a96a6d72d950xb0 | _:ne064dd90a5e64bdea9a5f80d3ca2a127xb0
6179284500,2, (617) 928-4500,_:node1iffh0e7cx3234329 | _:node1ifg4sghfx3206252
6183932982,2,(618) 393-2982,_:node1iffv1drux1986707 | _:n7e77bd4c4e8a424c85c147488d5a6ae4xb0
6195945200,2,(619) 594-5200,_:nd8e46f73aad7491392b22b82c86a27b7xb0 | _:n9cb4d90273cf4dab92cd3c1a91ec1631xb0
6238453000,2,(623) 845-3000,_:node1iffv1drux1928096 | _:node1iff0qsf3x11626392
6239358000,2,(623) 935-8000,_:node1iffv1drux1928092 | _:node1iff0qsf3x11626398
6316326000,2,(631) 632-6000,_:n533b7896fd9e4d73b364aa9221fbe838xb0 | _:node1ifg57rg9x6737521
6417527106,2,(641) 752-7106,_:node1ifg4sm35x1919007 | _:nacaaa1cdac26467394df570bd02b4d1axb0
656688250020012002,2,"656 688 25 00 exts. 2001, 2002",<https://sic.gob.mx/ficha.php?table=universidad&table_id=3275> | <https://sic.gob.mx/ficha.php?table=universidad&table_id=4157>
6629157404,2,662-915-7404,_:na4f7c689da0a46d39f424cf0ef284828xb0 | _:n174c45d7b1b34cc4802c5f58cea1cd60xb0
6784075000,2,(678) 407-5000,_:node1iffv15bvx4440924 | _:node1ifev9vk2x21288815
6784664000,2,(678) 466-4000,_:node1iffv15bvx4440900 | _:node1ifev9vk2x21288807
6813257,2,6813257,_:n05ce426de99e47338e2329e3d0a6f253xb0 | _:n915b59f8a0d54630a36aa4f7b446d7d2xb0
7018583000,2,(701) 858-3000,_:n80f5a503536a436d94b01da444329064xb0 | _:node1iff554tux6553182
7021157200,2,7021157200,_:ne3760ec61d674ad1b4f66cafc5532326xb0 | _:nd7ed64963b8c47ccac2af103e2a2c8c7xb0
7033233000,2,(703) 323-3000,_:node1ifg4tc91x4195900 | _:n6f9f9ba71aff433294d6be7f58aa7b3dxb0
7035388410,2,(703) 538-8410 ,_:n08d563163b824b468f876d4b0720eb7axb32 | _:n6ea4a5915cf8479aa9573132d45e33cbxb32
705474345043,2,705.474.3450 ext. 43,_:nc53c5b2ecf7845ac9cfbbf21053c3004xb0 | _:n89c44884f61944198fb3e96e65a1a266xb0
7055309532,2,7055309532,_:n20daf44faa1240418cd15d413e6c4e6bxb0 | _:n6f9ca5d2dd7a426ea6bd024d98c007b3xb0
7056751151,2,7056751151,_:neddb1ebbafef4056ab61a93957ba90a2xb0 | _:ncc2f106bc8154c5cb239d7abff548be1xb0
7062724436,2,(706) 272-4436,_:node1iffv15bvx4440912 | _:node1ifev9vk2x21288805
7062912121,2,(706) 291-2121,_:node1iffv15bvx4440982 | _:node1ifev9vk2x21288843
7063851000,2,(706) 385-1000,_:node1iffv15bvx4440974 | _:nbb65a22655b74419a6b55914cd1a4caaxb0
7065423000,2,(706) 542-3000,_:node1iffv15bvx4441002 | _:node1ifev9vk2x21288837
7067210211,2,(706) 721-0211,_:node1iffv15bvx4440934 | _:node1ifev9vk2x21288831
7067547700,2,(706) 754-7700,_:node1iffv15bvx4440962 | _:node1ifev9vk2x21288825
7067783000,2,(706) 778-3000,_:node1iffv15bvx4440972 | _:node1ifev9vk2x21288835
7068641400,2,(706) 864-1400,_:node1iffv15bvx4441004 | _:node1ifev9vk2x21288799
7075271345,2, (707) 527-1345,_:node1iffclhu0x8079423 | _:node1ifde158cx10645275
7127492359,2,(712) 749-2359,_:nd3fc9d60970b4c83b0579e4bbb1c6808xb0 | _:node1ifes76fhx20605573
713772116,2,71 377 21 16,_:node1ifelqfqrx8724870 | _:node1ifelqfqrx5956881
7151534445,2,715 153 44 45,<https://sic.gob.mx/ficha.php?table=universidad&table_id=2814> | <https://sic.gob.mx/ficha.php?table=universidad&table_id=4212>
7156909001,2,715 690 90 01,<https://sic.gob.mx/ficha.php?table=universidad&table_id=2814> | <https://sic.gob.mx/ficha.php?table=universidad&table_id=4212>
7166452258,2,716-645-2258,_:n935f0acfb0b845ffa2c56232e1b1f7c7xb0 | _:n443de10bd30746dea4dfaa353cf22032xb0
7174777447,2,(717) 477-7447,_:node1iffv152lx1931736 | _:n47574cab994145878f082a62de00c407xb0
7179015101,2,717.901.5101,_:n6a831676756049a4bf9fb3bea4163b58xb0 | _:n8bfb271eab4349e9943f01af08e8e570xb0
7179486250,2,(717) 948-6250 | 717-948-6250,_:node1iffv152lx1931707 | _:n5a138b8d0cdd4a06943372b2afc41b39xb0
7183685000,2,(718) 368-5000,_:node1ifg57rg9x6737359 | _:n430c41449f3c4fc6a950852cb88b3659xb0
7185222300,2,(718) 522-2300,_:node1ifg57rg9x6737511 | _:n6153bbc6c69c46a6a4ce6f506ba4fd5axb0
7204229999,2,7204229999,_:nadf23f31c2374352bafb63614b069560xb0 | _:n71cbf527b57e4f77b889c398bede27aaxb0
7244304100,2,(724) 430-4100 | 724-430-4100,_:node1iffv152lx1931705 | _:n7ad8db1d6fdf4989a8ba4316cbad1b66xb0
7247733800,2,(724) 773-3800 | 724-773-3800,_:node1iffv152lx1931696 | _:na13bd97eead84dd688923a592d5b6bfbxb0
7249832814,2,724-983-2814,_:n5197dcbeb76f42148c058f1fbf0ed312xb0 | _:n331bea4db6ba420f9e23a8bfd1d5e37exb0
7318817000,2,(731) 881-7000,_:node1ifg2vpt9x9249366 | _:node1iff554tux6553354
7329327711,2,(732) 932-7711,_:n420a19d5b6a54c948cc38741fa0cfd57xb3 | _:n537f97f818d24137807ed9c4126c930exb0
7338845102,2,7338845102,_:n86417b9e35e2433383ca8b31749c97aexb0 | _:ncf8109d91ea240fca97f978059eae9f6xb0
7408268211,2,740-826-8211,_:n52c876400207476ba16be91831241ec8xb0 | _:ne4dba5d134b14a0383fece168c8f2d9cxb0
7572213785,2,757-221-3785,_:n499af245623f4b4e90e548192b3e6c3exb3 | _:nc8646602d1e5426abadbf8fc5e8fd730xb3
7573524127,2,(757) 352-4127,_:node1ifg4tc91x4195918 | _:n383e04de76b448578ff1633a2503d1adxb0
7603846100,2,(760) 384-6100,_:ne1377eeb521e4d8c9ef595eb93dee1e7xb0 | _:n6d393793fea8453f8bcb4e635e60f3abxb0
7654532000,2,(765) 453-2000 | 765-453-2000,_:node1iffv0v6fx9462627 | _:node1iffm9ci4x4531877
7656499071,2,(765) 649-9071,_:node1iffv0v6fx9462595 | _:n968df11fc6874a65889e26385bff9ee2xb0
7659738200,2,(765) 973-8200 | 765-973-8200,_:node1iffv0v6fx9462625 | _:node1iffm9ci4x4531873
7704236000,2,(770) 423-6000,_:node1iffv15bvx4440946 | _:node1ifev9vk2x21288813
7705316300,2,(770) 531-6300,_:node1iffv15bvx4440950 | _:node1ifev9vk2x21288793
7705376000,2,(770) 537-6000,_:node1iffv15bvx4441012 | _:node1ifev9vk2x21288791
7709627580,2,(770) 962-7580,_:node1iffv15bvx4440944 | _:node1ifev9vk2x21288819
7709754064,2,(770) 975-4064,_:node1iffv15bvx4440896 | _:node1ifev9vk2x21288801
7730947222,2,7730947222,_:n335cca7e47624eb0a9c902e73fd15fdaxb0 | _:n3821c84e976d48aeae9ba5168eb47870xb0
7732743000,2,(773) 274-3000 | 7732743000,_:node1iffv1drux1986679 | _:n2dbdcb4315554980a0656024a7ecf3eaxb0
7737021234,2,(773) 702-1234,_:node1iffv1drux1986742 | _:nc3e5b76a920b4a23a81b6f3c1b69742bxb0
7757841500,2,(775) 784-1500,_:n08d563163b824b468f876d4b0720eb7axb42 | _:n6ea4a5915cf8479aa9573132d45e33cbxb42
7812393000,2,(781) 239-3000,_:n5657fdd56cc04a43bcb56a37a50aa77exb0 | _:node1ifernim9x24217405
7877661717,2,(787) 766-1717,_:n3a50e1b0d66d4e3c9a64ac80eda63ee7xb0 | _:nce0abf489b9b44109b7ff19a3331909bxb0
7997079970,2,7997079970,_:ne5e2102577f942bb8ca12e9d93acd3c1xb0 | _:n02e3cafdf2904cb0a6793bf4c539927bxb0
8003229235,2,(800) 322-9235,_:node1ifg4sm35x1918987 | _:n95ac9b96d4c84367a1afab756adc6403xb0
8003483481,2,(800) 348-3481,_:node1ifg2vpt9x9249314 | _:node1iff554tux6553340
8005146848,2,(800) 514-6848,_:nfd2051c98c564ddebdf0823ce654374axb0 | _:node1ifgbrrm1x1961672
8005265859,2,(800) 526-5859,_:nbf061ce7e52d4c33b9cc068e8adab923xb0 | _:node1iff02kotx13958168
8005534150,2,800-553-4150,_:n1816a7634f7440efb508ddb7976898cexb0 | _:n9255152b121f48adac24a530dfdf9542xb0
80063807000700,2,(800) 638-0700 x0700,_:n149dcf2ef1674e489a36da8eb2a91c1axb0 | _:n939b68cd9459445787e1b8f1b5d0e35fxb0
8007688252,2,(800) 768-8252,_:node1ifg4sg1vx4394438 | _:node1ifernlg7x24299031
80079571510,2,(800) 795-7151 x0,_:node1ifg4sg1vx4394414 | _:node1ifernlg7x24299007
8009523541,2,(800) 952-3541,_:node1ifg4vfn0x4253046 | _:n4df7b36e492e4904b7a76bef29ee0971xb0
8010500700,2,8010500700,_:nd6ce89a3bbc5443fa6515de08ff8059cxb0 | _:n08a9034856a6468188ee28c2e8bf436axb0
8015817676,2,(801) 581-7676,_:n08d563163b824b468f876d4b0720eb7axb7 | _:n6ea4a5915cf8479aa9573132d45e33cbxb7
8017077396,2,(801) 707-7396,_:n7fa9e455d490457798e8f31736c4a1a8xb0 | _:node1ifdjcfmkx4966265
8033278000,2,(803) 327-8000,_:node1ifg4sg1vx4394462 | _:node1ifernlg7x24299017
8035087263,2,(803) 508-7263,_:node1ifg4sg1vx4394370 | _:node1ifernlg7x24299023
8035360311,2,(803) 536-0311,_:node1ifg4sg1vx4394426 | _:n23bbef31e220467f90b52665b5a28dd0xb0
8037388324,2,(803) 738-8324,_:node1ifg4sg1vx4394416 | _:node1ifernlg7x24299025
8037777000,2,(803) 777-7000,_:node1ifg4sg1vx4394448 | _:node1ifernlg7x24299033
8037781961,2,(803) 778-1961,_:node1ifg4sg1vx4394378 | _:node1ifernlg7x24299037
8037935100,2,(803) 793-5100,_:node1ifg4sg1vx4394398 | _:node1ifernlg7x24299013
8045245030,2,(804) 524-5030,_:n7a77f831afc542c788a64ace18e85395xb0 | _:nff22dfd0781d4b0d80a191c5e54f4420xb0
8047096209,2,8047096209,_:n3a5cc3e4246b4febb79108e2d6ea576axb3 | _:n54f220b4061a453cb5f129dcffde7e41xb3
8047964000,2,(804) 796-4000,_:node1ifg4tc91x4195880 | _:n04795b72f3fc4bafbc8a409024ee5ee4xb0
8050300060,2,8050300060,_:nd343419438074b258647274b96e718e0xb0 | _:ndc28d53feafc47b39e456342b4e21b76xb0
8056885577,2,8056885577,_:ndc3b88b795f04aaa89c245737543c270xb0 | _:n4b2aadc55f384b999bb41b94cf46e2e5xb0
8089568975,2,808 956 8975,_:n0ff880835cfb4ea58b167fe901e54230xb0 | _:nf906ab680dab4f1ca15ff17d35a8dcb0xb0
8116255123,2,811 625 51 23 | WhatsApp 811 625 5123,<https://sic.gob.mx/ficha.php?table=universidad&table_id=777> | <https://sic.gob.mx/ficha.php?table=centro_educacion&table_id=844>
8128554451,2,(812) 855-4451,_:n1cefaee92247498c8f80250daad68b27xb0 | _:n07e3f93db65e4335a27202f6aa18df3bxb0
8128554848,2,(812) 855-4848 | 812-855-4848,_:node1iffv0v6fx9462623 | _:node1iffm9ci4x4531867
81357343990,2,81357343990,_:n145eeccc1c0d4aafb280f11db61eb51cxb0 | _:n8cf52da432e7438ebf20cb096aad9173xb0
8144723000,2,8144723000 | (814) 472-3000,<https://www.francis.edu> | _:node1iffv152lx1931727
8148717480,2,814-871-7480,_:n7d954a2ec91646cfa697262f8464ea96xb0 | _:n11fb7276653046cc99fb46dc7f78b8f6xb0
8148986000,2,(814) 898-6000 | 814-898-6000,_:node1iffv152lx1931702 | _:n7ab6facd80dc4a57bbeb090b118e3442xb0
8172576749,2,817-257-6749,_:n4d36049f30584d3b8218e171ce43f513xb0 | _:nfd2543a8607742bc8dc09b3f6c982942xb0
8172577160,2,817-257-7160,_:n7df4e59a4176416587e0fd92b4072f99xb0 | _:ncd8db4f931cf4fa19e9ca06e98f50988xb0
8172722090,2,817-272-2090,_:n10e23270a629496688ebe546d1975b4dxb0 | _:na82869e08d0b4ff4b5f90bede47d252bxb0
8177352660,2, (817) 735-2660,_:node1iff9in80x25948821 | _:node1ifd0koqgx10714012
8181057057,2,8181057057 |  8181057057,_:nd43f74fb147242d48f5402bde4184400xb0 | _:n29a9a56a2b884785b68e9af97957637axb0
8189472600,2, (818) 947-2600,_:node1iffmbmiqx5744293 | _:node1ifd4ps0rx3328030
825427936815,2,825427936815,_:ncfe8dda175514640a3b9a51c8933692dxb0 | _:n17904ea6881144b29b8451c54e9ec39cxb0
8260501302,2,8260501302,_:ne771401d28d74e35adb6c0f5c884fe41xb0 | _:n5f08db966e0a44f4afac7086e694d911xb0
8404040423,2,8404040423,_:ndd377fbce088438f9d133c2a5dba9b85xb0 | _:na2f5da2a55b64ac3b1b98f81e9dd746axb0
842389777,2,842389777,_:na5cea04cee9643adb84439650deefb80xb0 | _:ne58745f4d7c44ac988ae754de45159ffxb0
8433473186,2,(843) 347-3186,_:node1ifg4sg1vx4394410 | _:node1ifernlg7x24299027
8434771448,2, (843) 477-1448,_:node1ifevplt4x3324458 | _:node1ifevplt4x3324461
8435746111,2,(843) 574-6111,_:node1ifg4sg1vx4394442 | _:node1ifernlg7x24299019
8438637000,2,(843) 863-7000,_:node1ifg4sg1vx4394380 | _:n4388f2059be046a9811375e04fd1eb4axb0
8439216900,2,(843) 921-6900,_:node1ifg4sg1vx4394424 | _:node1ifernlg7x24299015
8448444981,2,8448444981,_:neccb8faae07d4ad2be2b9508a83fe38cxb0 | _:n8183bf18c44548caa5cf2e49e91cf5e9xb0
8453446222,2,(845) 344-6222,_:n555e8f96d898489eb5be9023c59b56d6xb0 | _:node1ifg57rg9x6737487
8474918536,2,847-491-8536,_:na111d59502424de88c678b4217271ecexb0 | _:n22cbc527cca84cf989363aadb19abfb7xb3
8506446200,2,850.644.6200,_:n38865e35ed844faca2112c2c88807686xb0 | _:n284e556415134c628ee3515236e75585xb0
85234427654,2,85234427654,_:n07198dcfb3e54d6a9d684719ca9c0a9cxb0 | _:nc8b145cb8b644a79adfba8f47b1db822xb0
8554285673,2,855-428-5673,_:ncadaa1b1ff3240009fe2d282afe4835cxb3 | _:n98adf23f92414abb9e84e01ff036dee6xb0
8555003845,2,855-500-3845,_:neaa9503ba7a14006a9d7a23650da84daxb5 | _:nd238e37d2ff44d2c8c17115dc7dbdf5dxb4
8562565748,2,(856) 256-5748,_:n00b9a31100224925a64f0d101831c51cxb0 | _:nd40a1f46ece04013ae7d771b8a1077cfxb0
8604862000,2,(860) 486-2000,_:node1ife670cmx36159357 | _:n7a065e485f354363ba35ddc77ad12fa0xb0
862154740000,2,862154740000,_:n55e27b7a80164823893b25d61863d494xb0 | _:na1f8d4330c8943c4916b2f25e66373e0xb0
8642312000,2,(864) 231-2000,_:node1ifg4sg1vx4394374 | _:node1ifernlg7x24299009
8642508000,2,(864) 250-8000,_:node1ifg4sg1vx4394408 | _:node1ifernlg7x24299035
8643888000,2,(864) 388-8000,_:node1ifg4sg1vx4394412 | _:node1ifernlg7x24299039
8645035000,2,(864) 503-5000,_:node1ifg4sg1vx4394452 | _:node1ifernlg7x24299011
8645974000,2,(864) 597-4000,_:node1ifg4sg1vx4394460 | _:nee4509b9f31a49f8ac983f539aec3e16xb0
8646461500,2,(864) 646-1500,_:node1ifg4sg1vx4394440 | _:node1ifernlg7x24299021
8646568184,2,(864) 656-8184,_:n08d563163b824b468f876d4b0720eb7axb12 | _:n6ea4a5915cf8479aa9573132d45e33cbxb12
8647701331,2, (864) 770-1331,_:node1iffukagcx8156987 | _:node1ife30p2hx34811406
8649418324,2,(864) 941-8324,_:node1ifg4sg1vx4394428 | _:node1ifernlg7x24299029
8653543000,2,(865) 354-3000,_:node1ifg2vpt9x9249346 | _:node1iff554tux6553348
8668251715,2,(866) 825-1715,_:node1iffv15bvx4440886 | _:node1ifev9vk2x21288795
8756008853,2,8756008853,_:n15e0699e502041999d038a4e9201d14cxb0 | _:n1fe2b11fb39b498a8cd73cb16d08e1c2xb0
877,2,(877) ARCADIA xADIA | (877) BW-APPLY xPPLY,_:nf4dd4ec2ca6143889a3f6c4854859359xb0 | _:n4e3f65b450984ab89fc6b60b17e5c4f5xb0
8773502100,2,(877) 350-2100,_:node1iffv1drux1928112 | _:n1bcab619afb74efebefd8f3d5a5e5141xb0
8774623687,2,(877) 462-3687,_:node1ifg4sm35x1918975 | _:n504fb06d58274ecbaa1e1c021ebe33f2xb0
8774654827,2,(877) 465-4827,_:node1iffst9gix18790498 | _:node1iff1n039x23889555
8782223110,2,8782223110,_:n0267b4a9109c41fea2875e801a8b3dcfxb0 | _:ne8d35d39dd7f46289277d45a18beb9e6xb0
8912844000,2,8912844000,_:n992a7167058145a6890b8d4367b5cc0axb0 | _:n82f491c318684ce78c31ba71330d5bd7xb0
8956884528,2,8956884528,_:n0548f993ec6c4243a8117c63486c6a6fxb0 | _:n2e8b320ebff84e53b9d1cd4ebd2c9281xb0
90050929099005092910,2,"9005092909, 9005092910",_:n25118d2308aa4269ae1e6ef94d006b62xb0 | _:n5f500160d7004eeda7f07304ccc5a6ecxb0
9013213000,2,(901) 321-3000,_:node1ifg2vpt9x9249304 | _:n368842000a774080b44e7906ff37fd86xb0
9013335000,2,(901) 333-5000,_:node1ifg2vpt9x9249352 | _:node1iff554tux6553360
9016782000,2,(901) 678-2000,_:node1ifg2vpt9x9249374 | _:node1iff554tux6553350
9022092222,2,9022092222,_:nb1ce7cef3f7543c1a74f56c8c243efe6xb0 | _:n6cff33f753e0400db42e22086d2f6de0xb0
9032333080,2, (903) 233-3080,_:node1ifd7jtthx27836393 | _:node1ifdgf6egx777474
9032334370,2, (903) 233-4370,_:node1ifdtq7cjx22536596 | _:node1ife5c908x8310720
9037532642,2, (903) 753-2642,_:node1ifd0kgrvx10536057 | _:node1ifd0k9cvx10599430
9046202489,2, (904) 620-2489,_:node1ifd6t8esx727771 | _:node1ife3r7avx827272
905575121246,2,905-575-1212 Ext. 46,_:n20d8bb82212c4868ac8d9a7ec3754f44xb0 | _:n8ec5dbc8a879464e83227007123416e4xb0
9074747211,2,(907) 474-7211,_:node1iffst9gix18790495 | _:node1iff1n039x23889553
9077861800,2,(907) 786-1800,_:node1iffst9gix18790493 | _:node1iff1n039x23889557
9092747500,2,(909) 274-7500,_:n0d54b6b5a29346b2b59da2a14a3808cdxb0 | _:n67ad665afdda4af5aea167e17aee9c4bxb0
9103627053,2, (910) 362-7053,_:node1ifebbtbax42895133 | _:node1ifei8boex5665087
9103627189,2, (910) 362-7189,_:node1ifec7lqjx13414241 | _:node1ifec7lqjx13414252
9103627525,2, (910) 362-7525,_:node1ifebbtbax42895131 | _:node1ifei8boex5665085
9103627526,2, (910) 362-7526,_:node1ifebbtbax42895140 | _:node1ifei8boex5665093
9103627528,2, (910) 362-7528,_:node1ifebbtbax42895138 | _:node1ifei8boex5665091
9107948344,2, (910) 794-8344,_:node1ifec7lqjx13414210 | _:node1iffhed22x797317
9109623089,2, (910) 962-3089,_:node1ifec7lqjx13414208 | _:node1iffhed22x797309
9109623982,2, (910) 962-3982,_:node1ifec7lqjx13414212 | _:node1iffhed22x797325
911413924700279143132,2,"91-141-3924700, 2791431-32  | 91-141-3924700, 2791431-32",_:n4f9eb18b49564504954ba3bd9f6a469bxb2 | _:node1ife5bqlcx29444503
9124435700,2,(912) 443-5700,_:node1iffv15bvx4440980 | _:node1ifev9vk2x21288827
9124785391,2,(912) 478-5391,_:node1iffv15bvx4440936 | _:node1ifev9vk2x21288829
9132488458,2, (913) 248-8458,_:node1ifencalmx18650085 | _:node1ifd2m6n8x8189758
91422242810024222232422234,2,"91-422-2428100, 2422223, 2422234",_:n9f4a886c49a84d5fb5b64c4b123a6980xb0 | _:n699fc6995ccb4f238a0ff5cd61d7b34fxb0
9146332000,2,(914) 633-2000,_:nf5adfe5bf6e4431188857c765eea9439xb0 | _:node1ifg57rg9x6737413
9162786011,2, (916) 278-6011 | (916) 278 - 6011,_:node1ifdru3qjx15570019 | _:ne98d12cf9c4b48ada2ed2b542d7486aexb0
9164848283,2, (916) 484-8283,_:node1ifenc9c7x8309886 | _:node1ifenc9c7x8309888
9164848513,2, (916) 484-8513,_:node1ifdvmeolx3239308 | _:node1ifdvmeolx3239354
9165857770,2, (916) 585-7770,_:node1ifdru3qjx15570025 | _:node1ifenc9c7x8309892
9166917254,2, (916) 691-7254,_:node1ifernmh1x3226574 | _:node1ifernmh1x3226576
9166917413,2, (916) 691-7413,_:node1ifernmh1x3226558 | _:node1ifernmh1x3226592
9168502631,2, (916) 850-2631,_:node1ifdru3qjx15570013 | _:node1ifdru3qjx15570015
9172335812,2,9172335812,_:n1878876f1a604496bc8c4e28a2d1b650xb0 | _:nbb89cea0da1246d3b3ab4decf31beb9cxb0
9183336151,2,(918) 333-6151,_:node1ifg58ccvx1843686 | _:ndf0fa9fab452485b992d8069f5648005xb0
9183437777,2,(918) 343-7777,_:node1ifg58ccvx1843690 | _:node1iff0qr8ax11611782
9184652361,2,(918) 465-2361,_:node1ifg58ccvx1843655 | _:n162299b0cff0444287566d993d315872xb0
9185428441,2,(918) 542-8441,_:node1ifg58ccvx1843665 | _:node1iff0qr8ax11611796
9185957000,2,(918) 595-7000,_:node1ifg58ccvx1843704 | _:node1iff0qr8ax11611816
918603548445,2,91 8603548445,_:n9fd190285dd64295bf79a189349363cfxb0 | _:n5a9cd979bae84a879156b667ce64123dxb0
919515611111,2,91-9515611111,_:nadc1a3f500804440bb516e93955a18bbxb0 | _:n80d4e9ed816143c19e412b248f010c3axb0
9198665000,2,919-866-5000,_:ne500a10dfb1b4986994f9a64e7946e2dxb3 | _:nb7412ead78e34138a50bfdbe6412e4a2xb3
9203373181,2,(920) 337-3181,_:node1iffukje0x11728093 | _:n3ed75ef1a23147c4a4b8308cfb2494abxb0
9284288322,2,(928) 428-8322,_:node1iffv1drux1928090 | _:node1iff0qsf3x11626390
9315402722,2,(931) 540-2722,_:node1ifg2vpt9x9249306 | _:node1iff554tux6553362
9315981000,2,(931) 598-1000,_:node1ifg2vpt9x9249348 | _:n36b68277f93d430cbf8cfa6ed26c100axb0
9372291850855,2,937-229-1850 or 855-,_:nc9b7717197a44b0db5e2a80743e31015xb3 | _:nd674ca7b8c804d2b853968e92bc30b21xb0
9373766431,2,937-376-6431,_:n92f698fac9a34d6995a009ed5393fe86xb0 | _:n96435d7559c245c68ae3ef168587a7c8xb0
9375123000,2, (937) 512-3000 | (937) 512-3000,_:node1ife3r7avx62377710 | _:node1iff3jbcfx11590488
9377754830,2, (937) 775-4830,_:node1ife3r7avx62377714 | _:node1ife3r7avx62377732
9377788600,2,(937) 778-8600,_:n9f23066906144351a561718be182cf08xb0 | _:node1iff3jbcfx11590484
9413345444,2,9413345444,_:na98c17ef9f7644f2acdfcfdb5a7ad9b0xb0 | _:n19ff163a56014880ae3e6a9e019c2371xb0
9415423122,2,9415423122,_:n98ca22be1d024e03a85904e4d80e3af7xb0 | _:nd0e59b357a5e43de9a5cae04e3e46d2dxb0
9437196472,2,9437196472,_:na132a65ff5764748864bc281d9a4a8b5xb0 | _:n17ce53a2f9b24aa9865e6abbd6e83fc7xb0
9490773777,2,9490773777,_:nf897969dfa684ff08f5a8fd319a4cc57xb0 | _:n4b1e773445624570a258129b0dc13498xb0
9497194971,2,9497194971,_:ncc648817744a4d269f67c1dc150c3494xb0 | _:nea0ef019d76842d781d774890e372769xb0
9498249295,2,9498249295 | (949) 824-9295,_:n00bb915c1ecb4383a6dd75713dcbd4e1xb0 | _:n8e2b5133d2374eaeb238a1dbee086181xb0
9544330307,2,9544330307,_:nacba5abb5a074579a651b930774e22afxb3 | _:nfb59d9fa072847f8a49518f89eb7067fxb0
9601651486,2,9601651486,_:ne434613fad5f41dc8a0f3fd7cc71e4bbxb0 | _:n2aa0bcdf42034cfdb1c1b5c835b90eadxb0
96294770,2,9629 4770,<http://wallstreet.edu.au/#organization> | <https://wallstreet.edu.au/#organization>
96524987988,2,96524987988,_:n0210d1a880224e8996c7bab54f302692xb0 | _:n2120732293a242089f5bab9ec74888b9xb0
9673338787,2,9673338787,_:ne2654ff046dc4007894773db37c88967xb0 | _:ne2e9a560d5394ba9a970306999599d10xb0
9703512671,2, (970) 351-2671,_:node1ifd16a0mx3370771 | _:node1ifd16a0mx3370777
9717226111,2,(971) 722-6111,_:node1iffv12hbx4467676 | _:n8f863a6e13c447dc8ce78bba480c8430xb0
9736555147,2,973-655-5147,_:nb77cd0ec26e840a8800c62f49e816786xb0 | _:n863aa769f5f341119f6ab1168aab8206xb0
9737202000,2, (973) 720-2000 | (973) 720-2000,_:node1ifg0bskcx5697886 | _:node1ifekm4ugx51219933
9750970158,2,9750970158,_:n9312eca67ba34933856eef2ee6cbab96xb0 | _:n0e44c01740a84ad99002bba61175f0e9xb0
9760091605,2,9760091605,_:n9edbb7a9b32147258027060e73134a6dxb0 | _:n75a075539cb34ba79fec32ba93679944xb0
9821198465,2,9821198465,_:n08f0161eb5cc4ae6ac09860703dad140xb0 | _:na92f4b8436924a76b688528247c6e7bfxb0
9829468152,2,9829468152,_:n34930edd163c4741ab7f8c6812385f95xb0 | _:n21bd61b09b9943bdb7aab5c0c16f042exb0
9842511455,2,9842511455,_:n3e58b848fd74477a80b461a7116f8d9fxb0 | _:n8c340fff623844efb215e81e2fad726dxb0
9848019048,2,9848019048,_:n08c582032fee47efbff94f10df118a5axb0 | _:nb4acdf8b7b904fa5bb103577c0e05f63xb0
9855492064,2, (985) 549-2064,_:node1iff9ijtax28561747 | _:node1ifepna6fx8472278
9855492077,2, (985) 549-2077,_:node1iff9ijtax28561755 | _:node1ifepna6fx8472284
9855492094,2, (985) 549-2094,_:node1iff9ijtax28561759 | _:node1ifepna6fx8472296
9855492118,2, (985) 549-2118,_:node1ifelqaqex3289021 | _:node1ifepna6fx8472276
9855492185,2, (985) 549-2185,_:node1ifelqaqex3289011 | _:node1iff9ihb7x12951759
9855492222,2, (985) 549-2222,_:node1ifelqaqex3289009 | _:node1ifepna6fx8472290
9855492241,2, (985) 549-2241,_:node1iff9ijtax28561735 | _:node1ifepna6fx8472294
9855492244,2, (985) 549-2244,_:node1iff9ijtax28561739 | _:node1ifepna6fx8472298
9855492280,2, (985) 549-2280,_:node1ifelqaqex3289015 | _:node1ifepna6fx8472268
9855492301,2, (985) 549-2301,_:node1iff9ihb7x12951749 | _:node1iff9ihb7x12951763
9855492330,2, (985) 549-2330,_:node1iff9ijtax28561749 | _:node1ifepna6fx8472288
9855493333,2, (985) 549-3333,_:node1iff9ijtax28561741 | _:node1iff9ihb7x12951761
9855493897,2, (985) 549-3897,_:node1iff9ijtax28561731 | _:node1ifelqaqex3289035
9855495393,2, (985) 549-5393,_:node1ifelqaqex3289013 | _:node1iff9ihb7x12951739
9864348588,2,9864348588,_:n7cdf980c795447508a2181cd8fb728b3xb0 | _:n258861a1b1274c07ac857b86e3fb6a54xb0
9866078586,2,9866078586,_:n032c3648b46a4158b23f586a7c685ed5xb0 | _:n0afa8175ec80478b9e2069e9dfa92558xb0
9895568804,2,9895568804,_:n56fbcb6ab50240468bb609d6f95a0991xb0 | _:na2571ccc148449a080956cea2cbc7466xb0
9920499979,2,9920499979,_:n6fbb222614414b8d8399b0c781f7cabcxb0 | _:n098d1e5a85204c75bf25ad90352c7228xb0
99819914199981991429,2,"9981991419, 9981991429",_:neb78ffd51f5f4b71bd16ab708d8b8b0bxb0 | _:nabad0422887247a4b5f3dd3e6f1da521xb0
9988415333,2,9988415333,_:ncf144b7208114b0496512744d6f6655axb0 | _:n3a85468a01ed4a97a244279cb160c9ecxb0
99921356069992135606,2,"9992135606, 9992135606",_:node1ife3r7avx62257596 | _:node1ife803cdx7482476
