phone_normalized,wdc_subject_count,sample_raw_values,sample_subjects
330478034700,1936,+33 (0)4 78 03 47 00,_:node1ifd6t8esx3207238 | _:node1ifefhh10x46689842 | _:node1ifernkapx12949985
4533932575,1569,+45 3393 2575,_:node1iff0qm4ux6575145 | _:node1ifdgo6a4x6436772 | _:node1iff0qnbtx1654814
37322240426,1074, +373 (22) 24-04-26 | +373 (22) 24-04-26,_:node1ifffo4fax2028421 | _:node1ifffo4fax2028423 | _:node1ifffo4fax2028425
37322244325,1074, +373 (22) 24-43-25 | +373 (22) 24-43-25,_:node1ifffo4fax2028421 | _:node1ifffo4fax2028423 | _:node1ifffo4fax2028425
551138973232,792,+55 11 3897-3232,_:n680103c9b5754db8af7c35cb6f70f471xb0 | _:n41f0f1a4ab5c4999a36dbb6365efcccexb0 | _:n70f7b121a81847958a96faa7ebab32c0xb0
14804786000,646,+14804786000,_:nc73ef2a13e3d4a6f895bffdcac09bf4axb0 | _:n38ac1074367b48a998fcf9b27f811575xb0 | _:n9d1f78a86dd748fd8c26f7abd4cb03c4xb0
ntttttt78342391497n78342391496n78342391490ttttt,623,\n\t\t\t\t\t\tТел. заявки: +7 (8342) 39-14-97\nТел. общий: +7 (8342) 39-14-96\nТел. касса:  +7 (8342) 39-14-90\t\t\t\t\t,_:node1ifg9d8cmx2556693 | _:node1ifec7n4nx34789022 | _:node1ifg95b1ax2534611
4930992118989,499,+49 30 99 211 89 89,_:n6728234fab4d42b5b731e01071ef51e3xb0 | _:nf63845b396364db9b430b16921ebcbeaxb0 | _:n311aba17990f46c3a2c234623468b139xb0
74955689580,398,+7 (495) 568 95 80,_:n954cc72e34784ec6937024c08cbb9438xb0 | _:node1ifd4q291x23486444 | _:nc3ea9982ad6c428c88f0dc95825db0b8xb0
74986538660,398,+7 (498) 653 86 60,_:n954cc72e34784ec6937024c08cbb9438xb0 | _:node1ifd4q291x23486444 | _:nc3ea9982ad6c428c88f0dc95825db0b8xb0
33160852078,340,+33160852078,_:nfc742b6e7710463db37294e3c4b03a79xb0 | _:nf71bc9d7b3c94e7485c4cf802a240419xb0 | _:n68029295c91e42d59111501e67411676xb0
4402890320392,289,+44 (0)28 90320392,<https://www.niwarmemorial.org/#identity> | <https://www.niwarmemorial.org/collections/archive/lennon-collection#identity> | <https://www.niwarmemorial.org/collections/blitz-casualties-list/adam-mcgregor#identity>
17046544400,279,+1-704-654-4400,_:ndf5dc52f7a8d45098324d4c120830b05xb0 | _:n4a6b28cb1cee4e4ba16216af6a3a5c28xb0 | _:n588306b33172451e86357fb9ec48c5b2xb0
17022292734,241,+1-702-229-2734,_:n4370b1e97cce4b0b89fa1e09dbde98d3xb0 | _:nd6f242eac50040b987c8932fab7d9b25xb0 | _:n17f31b3774b94d58916e1d08b9d45202xb0
78123134703,200,+78123134703,_:ndb23e4a3497640509e3cda7e3f5f97ddxb0 | _:n3edfb97cfc39413aabb160b5838130dfxb0 | _:ne96ea3620aa6440baeceb9ad4cbc89fbxb0
492772573810,157,+492772573810,_:nabfea045fb2643fd82422874aa6c2a2cxb26 | _:nd7184972d6b14383ba1e8c2b0b8a1f4exb26 | _:n1f47a3e8ad0a4e07a482ba8e59d6c97dxb26
5052452137,138,(505) 245-2137,<https://ftp.nuclearmuseum.org/cart/2023-election-day-camp#identity> | <https://ftp.nuclearmuseum.org/cart/2023-photography-night-at-the-museum#identity> | <https://ftp.nuclearmuseum.org/cart/2023-raffle-san-antonio#identity>
494511224230,134,+49 451 1224230,_:nbf722e5ef00140b5809299c050933bfcxb0 | _:ne1980dc8a67c4b36a79d4dde383983b3xb0 | _:n90bddd8dce164d83a921bef8391c0ef4xb0
2082677720,113,(208) 267-7720,_:n163522c31a154490a4138b3cdf0b4c41xb0 | _:na876a1ba00a549e7ba7ebe21eb94c494xb0 | _:ne7597780023b4525bfe1fd15903096e6xb0
299322611,112,(+299)322611,_:naebdc3e859d94826a1bd9106422887daxb0 | _:nb018f7563de740fbb12853cbfe6b0961xb0 | _:ne07258f50036490d8fadfd645438804dxb0
4935186440,99,+49 (351) 8644-0,_:node1ife7sc3ix15030257 | _:node1ife77cejx14814058 | _:node1ife8e9ijx9934693
330328503380,84,+33 (0)3 28 50 33 80,_:n3d21db65c62249eca49f818e8077ef09xb0 | _:na35c14be11db4eaeb20ab969a782a6abxb0 | _:nef51b5cd28ad426cb6b39ca668f5a194xb0
2079672712,83,207-967-2712,_:node1ifdu2rr5x1540699 | _:node1ifdmt7k8x28415379 | _:node1ifdspu54x3997724
494511224190,83,+49 451 1224190 | +49 451 - 122 4190,_:nab3ceff31cdf4c42b7fc310ac17402a0xb0 | _:n31a4875415104dda932741f7b5d3605cxb0 | _:n61063c84c22e4ac1b38164211e3ee2d1xb0
34958274062,72,+34 958 274 062,_:nde07553b1a84437da7b2ba36a41c9250xb10 | _:nde07553b1a84437da7b2ba36a41c9250xb14 | _:nde07553b1a84437da7b2ba36a41c9250xb18
490941297140,65,+ 49 (0)941 29714-0,_:n554c4e9585e8497b8733590e94ae359bxb0 | _:nda1ba5296b8f473f96cf6e74477f56d5xb0 | _:n68d7033c86fe44ec8c10d40af222010bxb0
494511224137,59,+49 451 1224137,_:n2f5727614d2640ba800896443aaa18d2xb0 | _:n9db0110cd3ce49a7a534ffaf7f494da7xb0 | _:nd745a271f06b4a918c7434a1ca6d4c5exb0
3138844222,52,313-884-4222,_:node1iffa4kagx21817092 | _:node1iffa4kagx21993212 | _:node1iff53ok5x34204678
494511224122,52,+49 451 1224122,_:ncbd17927de6449739efae542cd28d7a3xb0 | _:n69bce68c3ce741e9bb70f540eb559b9exb0 | _:nb1a4b37a69b24c94a433d500dc6f4b1bxb0
0591393400,49,0591-393400,_:n06140dc2e1bc45b2876296f8e2c96a4bxb0 | _:nbf7f44edacdb4fbe84245dd0bf2b0b41xb0 | _:n7f9150e65aa74b7fbc8237230368418bxb0
phone094304240,46,Phone 09 430 4240,_:node1ifflsdt7x1566201 | _:node1iffju47vx6610364 | _:node1iffclhu0x9072640
494511224148kasse,43,+49 451 1224148 (Kasse),_:nb50f8025b81f4460996c038af0eb56c3xb0 | _:n64c7056ad90449d497c5e80612574f01xb0 | _:nd5e0b6347ff64136a607fe23da418934xb0
43051259489,42,+43 (0)512/594 89,_:ndc8d61b9a74f459e88e0902fab29218axb1 | _:ndfa2931165b641f1854c7ee434c34e96xb1 | _:ne39d37e2db124c1f84069c50be0930e1xb1
01245429134,37,01245 429134,_:n015013b201f74cb3a99fa54d1c7867a6xb0 | _:n0e752d87a4a749fe937c111243f31b6bxb0 | _:nedf72aad0b4b472d81ce5c1f796d7bf4xb0
sciencecenteroperator4106852370,36,Science Center Operator: 410.685.2370,_:node1iff0qu5cx9490274 | _:node1iff02j0mx2111624 | _:node1ifencfsix30052929
3250270311,35,+3250270311,_:nb7c8bf318c654ae2a8509e577ddb57d5xb0 | _:n9706db83a47347c08dc6776dce3f5f5cxb0 | _:nd23531df9b3c41d49c9e36b2b749be0dxb0
43051259489514,30,+43 (0)512/594 89 514,_:n09810ba472074081abd2fa7733f15889xb1 | _:n84229f4779dc4b07bf8f6e2dfefadeeexb1 | _:n2483fabdf2dd48d98b4a1b61b2aa42dexb1
494511224129,29,+49 451 1224129,_:nac8c2126ba6b420ab8a4639dbbcaaf04xb0 | _:n9060185c3f0d4d39915b6d774df124f1xb0 | _:n0a3a4b56b1c046fca5332ed4040304eaxb0
390775728374,25,+390775728374,_:n6e3496834b124ece8763067791bd6999xb0 | _:ne7c3e9e292d244f9bda1e138175a6297xb0 | _:n5c5cd2b528c440b0aeb496f7d9f94588xb0
t32093301730,24,T +32 (0)9-330 17 30,<https://museumdd.be/museumdd#identity> | <https://museumdd.be/auteur/museumdd#identity> | <https://museumdd.be/boek/museumdd#identity>
3524951044,23,352-495-1044,_:ncade4f40e7f443d1afca2ba1a2099ef7xb0 | _:nfd6cee8f1f6249b0ac023a79ba7bcaaaxb0 | _:n65d2ffc33f4241b7a8346dbf2f0ea736xb0
0473381853,22,0473381853,<https://ville-data.com/musee/Blanzat-63-63042#Musee-Mandet-11> | <https://ville-data.com/musee/Chapdes-Beaufort-63-63085#Musee-Mandet-17> | <https://ville-data.com/musee/Chateaugay-63-63099#Musee-Mandet-1>
0492214778,22,0492214778,<https://ville-data.com/musee/Avancon-5-05011#Du-vent-dans-les-plumes--Le-Refuge-des-animaux-9> | <https://ville-data.com/musee/Avancon-5-05011#Musee-de-la-faune-de-Saint-Leger-les-Melezes-10> | <https://ville-data.com/musee/Chabottes-5-05029#Du-vent-dans-les-plumes--Le-Refuge-des-animaux-1>
0492559119,22,0492559119,<https://ville-data.com/musee/Avancon-5-05011#Musee-du-moulin-13> | <https://ville-data.com/musee/Avancon-5-05011#Visite-de-l-ecole-d-autrefois-12> | <https://ville-data.com/musee/Chabottes-5-05029#Musee-du-moulin-4>
4402079422000,21,+44 (0)20 7942 2000,_:n6520fa753c0748eaa931e9a7defcf302xb0 | _:nc72dce2f415e450a9820d2ce1ab376bfxb0 | _:n18691b789f674127b8f5d67548c5ca5cxb0
494511224340,21,+49 451 122 4340,_:nf51d39f92fe34f01aef152be9b7fb924xb0 | _:ne1f69134ee34437ea5426e2750ee90b0xb0 | _:ndcdd0c5f9f344ecb9f87a9b15d3ff7dbxb0
32071435810,20,+32 (0)7 143 58 10,_:node1ifdvknm8x10636924 | _:node1ifd0kg1dx18436384 | _:node1ifelqf22x3490991
01760721230,18,01760 721230,_:n6f8b0b026184414d922a4a3cccedfd85xb0 | _:n544f7fb931ef4b46afa89ccf4b6b9b4cxb0 | _:n1b500332db8c4ca19118bd384828737exb0
0473381731,18,0473381731,<https://ville-data.com/musee/Blanzat-63-63042#Musee-regional-d-Auvergne-13> | <https://ville-data.com/musee/Chapdes-Beaufort-63-63085#Musee-regional-d-Auvergne-16> | <https://ville-data.com/musee/Chateaugay-63-63099#Musee-regional-d-Auvergne-3>
0492545811,18,0492545811,<https://ville-data.com/musee/Avancon-5-05011#Espace-EDF-Odysselec-Maison-de-l-eau-et-des-energies-de-Serre-Poncon-5> | <https://ville-data.com/musee/Avancon-5-05011#Maison-de-l-Eau-et-des-energies-EDF-du-Barrage-de-Serre-Poncon-6> | <https://ville-data.com/musee/Chabottes-5-05029#Espace-EDF-Odysselec-Maison-de-l-eau-et-des-energies-de-Serre-Poncon-16>
0473335733,17,0473335733,<https://ville-data.com/musee/Blanzat-63-63042#Musee-Marcel-Sahut-2> | <https://ville-data.com/musee/Chapdes-Beaufort-63-63085#Musee-Marcel-Sahut-6> | <https://ville-data.com/musee/Chateaugay-63-63099#Musee-Marcel-Sahut-4>
32064278727,17,+32 (0)6 427 87 27,_:node1ifdvb4akx13205771 | _:node1ifenc6gjx1054939 | _:node1ifdvb51kx10769621
32064212193,16,+32 (0)6 421 21 93,_:node1ifd3sa41x23064782 | _:node1ifeetri3x23435444 | _:node1ifd90tb5x1057433
32082223616,16,+32 (0)8 222 36 16,_:node1ife6ul2ox999405 | _:node1ifenccmcx3566190 | _:node1ifd3s65ex13807223
43051259489313,16,+43 (0)512/594 89 313,_:nd96c369e857041fcbfcd1bea91026634xb1 | _:n9e87b9f48ebd4bdbbc3c01e29d2cd217xb1 | _:n44ba78f377f648a9a0b6f14502ebd49exb1
0473382629,15,0473382629,<https://ville-data.com/musee/Blanzat-63-63042#Petit-Musee-de-l-Objet-Quotidien-10> | <https://ville-data.com/musee/Chapdes-Beaufort-63-63085#Petit-Musee-de-l-Objet-Quotidien-11> | <https://ville-data.com/musee/Chateaugay-63-63099#Petit-Musee-de-l-Objet-Quotidien-2>
494511224134,15,+49 451 1224134,_:n5b387f73ed894adc8c35fdccf332c48exb0 | _:n69b05c24c59d4787b32388995c8d4abcxb0 | _:nde83d7d7e9a546f2ae2a27381a02f59exb0
995xxxxxxxxx,15,995 XXXXXXXXX,_:node1ifddse09x693860 | _:node1ifd0kemsx18479807 | _:node1ifgc6oiux684217
0473423180,13,0473423180,<https://ville-data.com/musee/Blanzat-63-63042#Hotel-Fontfreyde--Centre-photographique-3> | <https://ville-data.com/musee/Chapdes-Beaufort-63-63085#Hotel-Fontfreyde--Centre-photographique-19> | <https://ville-data.com/musee/Chateaugay-63-63099#Hotel-Fontfreyde--Centre-photographique-7>
0473630951622084987,13,0473630951||622084987,<https://ville-data.com/musee/Blanzat-63-63042#Musee-de-la-Moto-Andre-Baster-12> | <https://ville-data.com/musee/Chateaugay-63-63099#Musee-de-la-Moto-Andre-Baster-0> | <https://ville-data.com/musee/Durtol-63-63141#Musee-de-la-Moto-Andre-Baster-16>
0667922436,13,0667922436,<https://ville-data.com/musee/Blanzat-63-63042#Teddy-s-Auvergne-Musee-du-Jouet-16> | <https://ville-data.com/musee/Chapdes-Beaufort-63-63085#Teddy-s-Auvergne-Musee-du-Jouet-7> | <https://ville-data.com/musee/Chateaugay-63-63099#Teddy-s-Auvergne-Musee-du-Jouet-10>
0812537587,13,0812537587 |  0812537587 ,_:n6c7a082b459d4c459a59af84e53ff737xb0 | _:ne30d5f33d29943989b11f6c1b7486232xb0 | _:n665bb4e5172a499e9824785494c7e2dcxb0
32081346499,13,+32 (0)8 134 64 99,_:node1iff9tdf4x28463724 | _:node1ifenc9c7x1023442 | _:node1ifd0kbemx20735290
494511224195,13,+49 451 122 4195,_:ncdae27d3b5544ce3832f4907c03811a1xb0 | _:na4f72d3c16434ea19bbaf0663f6c7ca4xb0 | _:n9c0a152311864fb78d98d99e2a1878c1xb0
0443762550,12,0443762550,<https://ville-data.com/musee/Blanzat-63-63042#Musee-Bargoin-8> | <https://ville-data.com/musee/Chateaugay-63-63099#Musee-Bargoin-13> | <https://ville-data.com/musee/Clermont-Ferrand-63-63113#Musee-Bargoin-2>
0443762560,12,0443762560,<https://ville-data.com/musee/Blanzat-63-63042#Museum-Henri-Lecoq-7> | <https://ville-data.com/musee/Chateaugay-63-63099#Museum-Henri-Lecoq-12> | <https://ville-data.com/musee/Clermont-Ferrand-63-63113#Museum-Henri-Lecoq-1>
0473639914,12,0473639914,<https://ville-data.com/musee/Blanzat-63-63042#Musee-des-Chantiers-de-Jeunesse-17> | <https://ville-data.com/musee/Chapdes-Beaufort-63-63085#Musee-des-Chantiers-de-Jeunesse-8> | <https://ville-data.com/musee/Chateaugay-63-63099#Musee-des-Chantiers-de-Jeunesse-11>
0473986060,12,0473986060,<https://ville-data.com/musee/Blanzat-63-63042#L-Aventure-Michelin-0> | <https://ville-data.com/musee/Chateaugay-63-63099#L-Aventure-Michelin-6> | <https://ville-data.com/musee/Clermont-Ferrand-63-63113#L-Aventure-Michelin-4>
0492440961492559572,12,0492440961;492559572,<https://ville-data.com/musee/Avancon-5-05011#Maison-de-la-photographie-Vivian-Maier-16> | <https://ville-data.com/musee/Chabottes-5-05029#Maison-de-la-photographie-Vivian-Maier-6> | <https://ville-data.com/musee/Jarjayes-5-05068#Maison-de-la-photographie-Vivian-Maier-15>
0492521387,12,0492521387,<https://ville-data.com/musee/Avancon-5-05011#Cinematheque-d-Images-de-Montagne-2> | <https://ville-data.com/musee/Chabottes-5-05029#Cinematheque-d-Images-de-Montagne-7> | <https://ville-data.com/musee/Jarjayes-5-05068#Cinematheque-d-Images-de-Montagne-2>
0492525020,12,0492525020,<https://ville-data.com/musee/Avancon-5-05011#La-galerie-du-theatre-3> | <https://ville-data.com/musee/Chabottes-5-05029#La-galerie-du-theatre-9> | <https://ville-data.com/musee/Jarjayes-5-05068#La-galerie-du-theatre-1>
0608244064,12,0608244064,<https://ville-data.com/musee/Avancon-5-05011#Ecomusee-de-l-artisanat-des-Hautes-Alpes-7> | <https://ville-data.com/musee/Chabottes-5-05029#Ecomusee-de-l-artisanat-des-Hautes-Alpes-8> | <https://ville-data.com/musee/Jarjayes-5-05068#Ecomusee-de-l-artisanat-des-Hautes-Alpes-3>
31205705200,12,+31 20 570 5200 | +31 205 705 200,_:node1ifelq5n1x2532914 | _:node1ifeu97v0x36148842 | _:node1ifd0ki4dx2320860
32043619419,12,+32 (0)4 361 94 19,_:node1ifd3se4gx13303173 | _:node1ifelpvajx3541269 | _:node1ifd90tb5x1057607
43051259489611,12,+43 (0)512/594 89 611,_:nc108506adfc14244ac9e665b0e3dd9aexb1 | _:n6921f5c0b7c14820b86f04379aa3e22bxb1 | _:nba9dce2f68e14edda3bddd163a25a5bbxb1
494511224137kasse,12,+ 49 451  122 41 37 (Kasse),_:nb4f0af3eb5de412d80c53ad8aa3537a2xb0 | _:nff2440b13a9646fe8c18385507bc5937xb0 | _:n3874b055dbc84d18aacde3d6b446aef6xb0
845596181,12,(8 45) 59 61 81 | 845596181,_:node1ifefhj0bx25054900 | _:node1ifed7hogx3779208 | _:node1ifeamff3x21843814
0443762331,11,0443762331,<https://ville-data.com/musee/Blanzat-63-63042#Musee-de-la-Resistance-de-l-Internement-et-de-la-Deportation-5> | <https://ville-data.com/musee/Chapdes-Beaufort-63-63085#Musee-de-la-Resistance-de-l-Internement-et-de-la-Deportation-18> | <https://ville-data.com/musee/Chateaugay-63-63099#Musee-de-la-Resistance-de-l-Internement-et-de-la-Deportation-9>
0443762525,11,0443762525,<https://ville-data.com/musee/Blanzat-63-63042#Musee-d-art-Roger-Quilliot-MARQ-Clermont-Auvergne-Metropole-1> | <https://ville-data.com/musee/Chateaugay-63-63099#Musee-d-art-Roger-Quilliot-MARQ-Clermont-Auvergne-Metropole-5> | <https://ville-data.com/musee/Clermont-Ferrand-63-63113#Musee-d-art-Roger-Quilliot-MARQ-Clermont-Auvergne-Metropole-3>
0473195783,11,0473195783,<https://ville-data.com/musee/Blanzat-63-63042#Espace-museal-Victor-Charreton-9> | <https://ville-data.com/musee/Chapdes-Beaufort-63-63085#Espace-museal-Victor-Charreton-13> | <https://ville-data.com/musee/Chateaugay-63-63099#Espace-museal-Victor-Charreton-15>
0473299818,11,0473299818,<https://ville-data.com/musee/Blanzat-63-63042#Musee-de-Royat-Les-amis-de-Royat--14> | <https://ville-data.com/musee/Chapdes-Beaufort-63-63085#Musee-de-Royat-Les-amis-de-Royat--15> | <https://ville-data.com/musee/Chateaugay-63-63099#Musee-de-Royat-Les-amis-de-Royat--16>
0473309722,11,0473309722,<https://ville-data.com/musee/Blanzat-63-63042#Galerie-municipale-d-art-contemporain-6> | <https://ville-data.com/musee/Chapdes-Beaufort-63-63085#Galerie-municipale-d-art-contemporain-14> | <https://ville-data.com/musee/Chateaugay-63-63099#Galerie-municipale-d-art-contemporain-14>
0473338300,11,0473338300,<https://ville-data.com/musee/Blanzat-63-63042#Manoir-de-Veygoux-Revivez-la-Revolution-18> | <https://ville-data.com/musee/Chapdes-Beaufort-63-63085#Manoir-de-Veygoux-Revivez-la-Revolution-3> | <https://ville-data.com/musee/Chateaugay-63-63099#Manoir-de-Veygoux-Revivez-la-Revolution-17>
0473905000,11,0473905000,<https://ville-data.com/musee/Blanzat-63-63042#FRAC-Auvergne--Fonds-regional-d-art-contemporain-4> | <https://ville-data.com/musee/Chateaugay-63-63099#FRAC-Auvergne--Fonds-regional-d-art-contemporain-8> | <https://ville-data.com/musee/Clermont-Ferrand-63-63113#FRAC-Auvergne--Fonds-regional-d-art-contemporain-5>
0492232802492559572,11,0492232802||492559572,<https://ville-data.com/musee/Avancon-5-05011#Maison-de-la-botanique-19> | <https://ville-data.com/musee/Chabottes-5-05029#Maison-de-la-botanique-10> | <https://ville-data.com/musee/Jarjayes-5-05068#Maison-de-la-botanique-18>
32081247370,11,+32 (0)8 124 73 70,_:node1iff9ijtax23008769 | _:node1ifd3s65ex10879559 | _:node1ifdtq8ghx31145923
618607896,11,618607896,_:node1ifg4slpjx22673429 | _:node1ifdvknm8x16019702 | _:node1iffv13c0x6602546
0492544060,10,0492544060,<https://ville-data.com/musee/Avancon-5-05011#APILAND-NATURE-Le-Naturoparc-1> | <https://ville-data.com/musee/Chabottes-5-05029#APILAND-NATURE-Le-Naturoparc-13> | <https://ville-data.com/musee/Jarjayes-5-05068#APILAND-NATURE-Le-Naturoparc-4>
0492545000,10,0492545000,<https://ville-data.com/musee/Avancon-5-05011#Museoscope-du-Lac-4> | <https://ville-data.com/musee/Chabottes-5-05029#Museoscope-du-Lac-14> | <https://ville-data.com/musee/Jarjayes-5-05068#Museoscope-du-Lac-5>
18003331010,10,+18003331010,_:n078d8c9157d1405e913e6f2a619dae62xb2 | _:n0879b4b2cd3243a7b0b6b0f8a0ff5322xb2 | _:n25f6d53339754c5da20c32b9cb3f42f2xb2
32010474841,10,+32 (0)10 47 48 41,_:node1ifdq5v8gx25244557 | _:node1ifelq7k7x3639919 | _:node1ifd8th5ax1025870
32060391500,10,+32 (0)6 039 15 00,_:node1iffkp69rx3452602 | _:node1iffnmitpx3606041 | _:node1ifdq5sh3x27939036
32081776754,10,+32 (0)8 177 67 54,_:node1iffmbi9ax1022771 | _:node1ife1qitux5817062 | _:node1iffedhimx13364716
34900823926,10,+34 900 823 926,_:n23ced058030048159c4d885087df21cdxb0 | _:n41ece5ae1ac24267ad721206da9ade5cxb2 | _:n626cf3fd5521481aae2f071e09d421fcxb0
928553043,10,928 55 30 43,_:node1ifg4slpjx22673447 | _:node1ifdvknm8x16019714 | _:node1iffv13c0x6602576
0492496185,9,0492496185,<https://ville-data.com/musee/Avancon-5-05011#Maison-du-Berger-17> | <https://ville-data.com/musee/Chabottes-5-05029#Maison-du-Berger-5> | <https://ville-data.com/musee/La-Batie-Neuve-5-05017#Maison-du-Berger-15>
0651563930749825819,9,0651563930;749825819,<https://ville-data.com/musee/Avancon-5-05011#Maison-du-Vigneron--Musee-viticole-0> | <https://ville-data.com/musee/Chabottes-5-05029#Maison-du-Vigneron--Musee-viticole-12> | <https://ville-data.com/musee/Jarjayes-5-05068#Maison-du-Vigneron--Musee-viticole-0>
32022247437,9,+32 (0)2 224 74 37,_:node1ife3rggox959678 | _:node1ifdsq2hgx15815965 | _:node1ifebbknix33309494
320470672055,9,+32 (0)470672055,_:node1ifd0kc3vx23405780 | _:node1ifeepm5jx18576730 | _:node1ifd3s77mx13281387
32060399624,9,+32 (0)6 039 96 24,_:node1iffdmmpux11017176 | _:node1ifd45rbax13321932 | _:node1ifenc33bx5920741
32063600654,9,+32 (0)6 360 06 54,_:node1ife4g150x963205 | _:node1iffnn7ocx5879705 | _:node1ifelq1nvx3589723
32064556913,9,+32 (0)6 455 69 13,_:node1ifd4r8bax11314846 | _:node1ifd7fkalx13466231 | _:node1ife54hpux5905498
33140494814,9,+33 1 40 49 48 14 | +33 140 494 814,_:node1ifd4r5rpx11053188 | _:node1ifd0ka79x30797462 | _:node1ifebbknix19453402
3495222928,9,+34 952 22 92 8,_:node1ife3r8gux3798098 | _:node1ifg4slpjx18858797 | _:node1iff0qmv6x21292834
390474913462,9,+39 0474 913 462,_:ne230df47f4ff438ba8cd986ba0715fedxb0 | _:n05ec213a845e4381a1c835544db19709xb0 | _:n9f3b0440f7fb4818a5fd0c2d1697a869xb0
0288463700,8,02.88463700 |  02.88463700,_:n07854d8f20634c1a849b73e5a3ccfaa5xb0 | _:n941c82a081a346f4a1e106db139adcf7xb0 | _:nca749ad658164703b19b48dba53dfe09xb0
0473889431,8,0473889431,<https://ville-data.com/musee/Chapdes-Beaufort-63-63085#La-Ruche-des-Puys-2> | <https://ville-data.com/musee/Durtol-63-63141#La-Ruche-des-Puys-17> | <https://ville-data.com/musee/Enval-63-63150#La-Ruche-des-Puys-12>
13124433600,8,+13124433600,_:node1ifdu5lv2x1685941 | _:node1ifeamn0qx11643840 | _:node1ifebbn59x19038817
2125959533,8,212-595-9533,_:node1ifdqdq05x3014739 | _:node1ifencamgx7985891 | _:node1ife8pibix48699362
32042754975,8,+32 (0)4 275 49 75,_:node1ifd0kkf2x21738918 | _:node1ifenc54px1031033 | _:node1ifdq5j97x27992496
32065613915,8,+32 (0)6 561 39 15,_:node1ifffqbulx11058736 | _:node1ifenc7qsx1037061 | _:node1ifd0kd07x23564074
902760511,8,902 76 05 11,_:node1iffcqna7x1618236 | _:node1iffv0rtlx4725339 | _:node1ifd0usbax9967587
ntttttttttttttt4356274525ttttttttttttt,8,\n\t\t\t\t\t\t\t\t\t\t\t\t\t\t(435) 627-4525\t\t\t\t\t\t\t\t\t\t\t\t\t,_:node1ifed8c6ax25551548 | _:node1iff0qvkmx721362 | _:node1ifdq5fm4x687259
telefon972364454,8,Telèfon : 972364454 | Telèfon : 972 364454,_:node1ifencfsix24230095 | _:node1ifernnh9x8433777 | _:node1ifev9uoex1170095
0473983595,7,0473983595,<https://ville-data.com/musee/Blanzat-63-63042#Musee-de-la-vigne-et-du-vin-de-Basse-Auvergne-15> | <https://ville-data.com/musee/Chateaugay-63-63099#Musee-de-la-vigne-et-du-vin-de-Basse-Auvergne-18> | <https://ville-data.com/musee/Durtol-63-63141#Musee-de-la-vigne-et-du-vin-de-Basse-Auvergne-10>
0492442694662925594,7,0492442694;662925594,<https://ville-data.com/musee/Avancon-5-05011#Musee-de-l-Ecole-d-Antan-11> | <https://ville-data.com/musee/Chabottes-5-05029#Musee-de-l-Ecole-d-Antan-15> | <https://ville-data.com/musee/Jarjayes-5-05068#Musee-de-l-Ecole-d-Antan-11>
0492508889,7,0492508889,<https://ville-data.com/musee/Avancon-5-05011#CIAP--XXe-14> | <https://ville-data.com/musee/Chabottes-5-05029#CIAP--XXe-18> | <https://ville-data.com/musee/Jarjayes-5-05068#CIAP--XXe-16>
0492556258661722348,7,0492556258;661722348,<https://ville-data.com/musee/Chabottes-5-05029#Musee-de-la-Casse-11> | <https://ville-data.com/musee/La-Batie-Neuve-5-05017#Musee-de-la-Casse-17> | <https://ville-data.com/musee/La-Batie-Vieille-5-05018#Musee-de-la-Casse-19>
0492589832665774189,7,0492589832;665774189,<https://ville-data.com/musee/Jarjayes-5-05068#Ecomusee-du-Cheminot-Veynois-19> | <https://ville-data.com/musee/La-Freissinouse-5-05059#Ecomusee-du-Cheminot-Veynois-5> | <https://ville-data.com/musee/Le-Noyer-5-05095#Ecomusee-du-Cheminot-Veynois-15>
0881514900,7,0881514900,_:nb75a6a96826845a99c530203c6c3a442xb0 | _:nc1713a658afd4022b0d0d500b8977c2cxb0 | _:nb4a7534512c9484ba73add680a15ae06xb0
0912712061,7,0912712061,_:n9093157fb90b4d2d87243fc0567bb497xb0 | _:n19b6f3588b434e089da9f8b3727d8d76xb0 | _:ne76e9f77d5fc45898d3f99966a642b5bxb0
32025004554,7,+32 (0)2 500 45 54,_:node1ifd0kmplx33341166 | _:node1iff9ihi2x23131093 | _:node1iff9j04px18356780
32043665021,7,+32 (0)4 366 50 21,_:node1ifgj86p1x3690906 | _:node1iffc3561x8283699 | _:node1ifdua468x13711350
32060390243,7,+32 (0)6 039 02 43,_:node1ifeeptdax20880481 | _:node1ifencck0x1043836 | _:node1ifenc209x1060786
32064282000,7,+32 (0)6 428 20 00,_:node1ifenc7cnx987260 | _:node1ifd4giv2x10878025 | _:node1ifd3s8n8x11089159
32068332403,7,+32 (0)6 833 24 03,_:node1iffdmiprx5981134 | _:node1ife5bqlcx50546752 | _:node1ifflgo50x8437834
32068681320,7,+32 (0)6 868 13 20,_:node1ifd4gjigx10237601 | _:node1ife4g4erx974342 | _:node1ifenc4gqx1043752
32080880878,7,+32 (0)8 088 08 78,_:node1ifdllgvcx40745735 | _:node1iffm97c3x1015336 | _:node1iffhefk5x995010
32081776755,7,+32 (0)8 177 67 55,_:node1ifghjajhx19681139 | _:node1iffb9k3tx20949432 | _:node1ifd45ralx13227640
33xxxxxxxxx,7,33 XXXXXXXXX,_:node1ifdcf2mux23117753 | _:node1ifdnm2hex3142877 | _:node1iferngt4x7934082
34913101584,7,+34 913 101 584,_:node1iff1n52vx4300889 | _:node1ifd0kjerx2324724 | _:node1ifd45j53x12222218
37052629426,7,+370 (5) 262 94 26 | +370 5262 9426,_:node1ifed7jjbx1324030 | _:node1iffscucsx11388915 | _:node1iffsrcinx3731095
380xxxxxxxxx,7,380 XXXXXXXXX,_:node1ifebr0cnx38809319 | _:node1ifed8c6ax5088578 | _:node1ife77d55x44512653
4969605098200,7,+49 69 - 605098-200,_:ne15841aca13a4e5ab23a7c37aa0036e5xb0 | _:n1cfafc2b86204e868bf39a4465e24025xb0 | _:n1fbed017dc38425a925ffe0e0b514de7xb0
ntt391497391496nnnt,7,"\n\t\t По вопросам заказа экскурсий, занятий или лекций обращайтесь по телефонам 39-14-97, 39-14-96.\nСтоимость услуг вы можете узнать в разделе Прейскурант.\nМузейные занятия\n\t",_:node1ife5bqlcx25675399 | _:node1ife8pibix3407788 | _:node1ife3r8gux28649580
0102705300,6,0102705300,_:nee72c59f72084a1fb4d1a6ed1b22757dxb0 | _:nb5322493ebeb4f07a150051a47285af7xb0 | _:nc412c7e5f11e4059ab41a8b0ca1e9d8bxb0
01223835000,6,01223 835000,_:node1iff9ihi2x22118619 | _:n46fe34eff03648d1bdb4c93a40a8c77axb1 | _:ne7af52ef3f2f48c2a2c0171216184890xb1
0473333154,6,0473333154,<https://ville-data.com/musee/Enval-63-63150#Musee-des-Sources-de-Saint-Myon-8> | <https://ville-data.com/musee/Manzat-63-63206#Musee-des-Sources-de-Saint-Myon-12> | <https://ville-data.com/musee/Marsat-63-63212#Musee-des-Sources-de-Saint-Myon-17>
0492589832678758883,6,0492589832;678758883,<https://ville-data.com/musee/Jarjayes-5-05068#Musee-du-Costume-et-des-metiers-d-antan-17> | <https://ville-data.com/musee/La-Freissinouse-5-05059#Musee-du-Costume-et-des-metiers-d-antan-4> | <https://ville-data.com/musee/Le-Noyer-5-05095#Musee-du-Costume-et-des-metiers-d-antan-14>
17136397300,6,+1 713-639-7300,_:node1iffb9jb3x4109034 | _:node1ifeeqkcax12174089 | _:node1ifekl083x9676241
310503122202,6,+ 31 (0)50 312 22 02,<https://museumaandea.nl/museumaandea.nl#identity> | <https://museumaandea.nl/collectie/museumaandea.nl#identity> | <https://museumaandea.nl/nieuws/museumaandea.nl#identity>
31205732911,6,+31 20 573 2911 | +31 20 5732 911,_:node1ifec7p6kx30851104 | _:node1ifdgf8btx14637206 | _:node1ifdgf8btx14637252
32022191980,6,+32 (0)2 219 19 80,_:node1ifenccmcx1037224 | _:node1ifenc6p4x1017902 | _:node1iffm9eefx8714684
32022212206,6,+32 (0)2 221 22 06,_:node1ifffo35ox1048151 | _:node1ifeh8ep6x10882677 | _:node1iffm95orx1004175
32043699976,6,+32 (0)4 369 99 76,_:node1ifeetri3x23214341 | _:node1ifekl4gox11227290 | _:node1ife2hs8rx3442188
32060412048,6,+32 (0)6 041 20 48,_:node1ifduaedcx10692698 | _:node1ife1b6ikx13396110 | _:node1iffclhu0x8552435
32064335738,6,+32 (0)6 433 57 38,_:node1ifed8601x23285389 | _:node1ife18bdix8325966 | _:node1ifd3s477x13416210
32069889140,6,+32 (0)6 988 91 40,_:node1ifelpsiqx5859144 | _:node1ifd0q3gqx18374147 | _:node1iffivck1x1007502
32084222103,6,+32 (0)8 422 21 03,_:node1ifelq2p2x3431987 | _:node1ifd32j30x16162977 | _:node1ifd0kemox23381896
32087774486,6,+32 (0)8 777 44 86,_:node1ifd3s8vcx13486451 | _:node1ifd4gr2ex10941376 | _:node1iffpt6rux1091915
33476725291,6,+33476725291,_:nd4d1762156cd4477ac2bb490f503f2f6xb0 | _:nd85df94ce85c4fd3a8b84ccae23b0f26xb0 | _:n2e1603f3e81c48659fd0152658469e40xb0
37068626243,6,+370 686 26243,_:node1ifdfupd4x6301942 | _:node1ifdsq01cx1174271 | _:node1iferln98x1261481
442077472885,6,+44 20 7747 2885  | +44 20 7747 2885,_:node1ife5casqx14186531 | _:node1ifd4cr6lx2821675 | _:node1iff9ijtax9006318
46xxxxxxxx,6,46 XXXXXXXX,_:node1ife7vpunx13861868 | _:node1ifed8ac0x18813989 | _:node1ifec7q4dx11204530
48126631307,6,(+48) 12 663 13 07,_:n28450da684cc4d5d9a3314306179aa00xb0 | _:n2ebc2709c6254537b35137b8c4b45b9cxb0 | _:n4038250495974857b0b456dcf05499bbxb0
4930266424242,6,49 30 266 42 42 42 | +49 30 266424242 | +49 30 266 42 42 42,_:node1ifenc7cnx56820 | _:node1ife7qssix31389577 | _:node1ife30p2hx50459531
5852632700,6,585-263-2700,_:n215e92f90c554d5988c3de94822da748xb0 | _:n5db8a7a91498472e8406c7730b652036xb0 | _:nb4e4cc7acb264aa3ae4086f2fdac2f8axb0
837330860,6,837330860 | 8 37 330860,_:node1ifed77imx13976324 | _:node1ifdtq5u1x1246701 | _:node1iffo40rvx13206772
972xxxxxxxx,6,972 XXXXXXXX,_:node1iff0qpudx8077002 | _:node1iff1n039x13258404 | _:node1iff0qohsx8170221
telephone972364454,6,Telephone : 972364454 | Telephone : 972 364 454 | Téléphone : 972 364 454,_:node1ifelr2fox21277897 | _:node1ifelqpjdx36117663 | _:node1ifernkapx11046689
010581416,5,010581416,_:nc89d31164d70459d9cdd7f709418de96xb0 | _:n9ab9839ab471419b8c1da8d698315431xb0 | _:ne2f1ce8f54be4de9ab78c7707c5e50e8xb0
01865252334,5,01865 252334 |  01865 252334,_:n4c93c5fb56af4f6aa1b360285b708335xb0 | _:n940399a37b3c4e358015baeca34d5febxb0 | _:node1ifd0kc4ax2227919
01952433424,5,01952 433424,_:nabe9e00fcb8043ab94e9379a9b809d90xb0 | _:nfed6d58a7c264e9a8b84a9d02e105996xb0 | _:n89a36c0491b94200a3f720a9649c3d98xb0
0387780530,5,0387780530,<https://ville-data.com/musee/Bienville-la-Petite-54-54074#MUSeE-DePARTEMENTAL-GEORGES-DE-LA-TOUR-11> | <https://ville-data.com/musee/Bienville-la-Petite-54-54074#Musee-Departemental-Georges-de-la-Tour-17> | <https://ville-data.com/musee/Bienville-la-Petite-54-54074#UN-DIMANCHE-AU-MUSeE--VISITE-COMMENTeE-13>
0473601693,5,0473601693,<https://ville-data.com/musee/Blanzat-63-63042#Musee-Archeologique-de-la-Bataille-de-Gergovie-19> | <https://ville-data.com/musee/Durtol-63-63141#Musee-Archeologique-de-la-Bataille-de-Gergovie-12> | <https://ville-data.com/musee/Gerzat-63-63164#Musee-Archeologique-de-la-Bataille-de-Gergovie-19>
0473837362,5,0473837362,<https://ville-data.com/musee/Chateaugay-63-63099#Musee-de-la-Batellerie-d-Allier-19> | <https://ville-data.com/musee/Gerzat-63-63164#Musee-de-la-Batellerie-d-Allier-10> | <https://ville-data.com/musee/Royat-63-63308#Musee-de-la-Batellerie-d-Allier-19>
0473867079659534181,5,0473867079||659534181,<https://ville-data.com/musee/Chapdes-Beaufort-63-63085#Musee-du-jambon-4> | <https://ville-data.com/musee/Manzat-63-63206#Musee-du-jambon-0> | <https://ville-data.com/musee/Saint-Georges-de-Mons-63-63349#Musee-du-jambon-0>
12127089400,5,+1 212 708 9400,_:node1iff11pknx6617288 | _:node1ifernl2hx38723981 | _:node1ifd0kjmox2295039
31205200400,5,+31 20 520 0400,_:node1ifdgf8btx14637187 | _:node1ifdgf8btx14637233 | _:node1ifdgf8btx14637320
31205231822,5,+31 20 523 1822,_:node1ifdgf8btx14637169 | _:node1ifdgf8btx14637215 | _:node1ifdgf8btx14637261
31205232222,5,+31 20 52 32 222,_:node1ifdgf8btx14637203 | _:node1ifdgf8btx14637249 | _:node1ifdgf8btx14637444
31205308755,5,+31 20 530 8755,_:node1ifdgf8btx14637178 | _:node1ifdgf8btx14637224 | _:node1ifdgf8btx14637271
31205313233,5,+31 20531 32 33,_:node1ifdgf8btx14637190 | _:node1ifdgf8btx14637236 | _:node1ifdgf8btx14637339
31205567100,5,+31 20 556 7100,_:node1ifdgf8btx14637172 | _:node1ifdgf8btx14637218 | _:node1ifdgf8btx14637264
31205891400,5,+31 20 589 1400,_:node1ifdgf8btx14637175 | _:node1ifdgf8btx14637221 | _:node1ifdgf8btx14637267
31206386909,5,+31 20 638 69 09 ,_:node1ifdgf8btx14637193 | _:node1ifdgf8btx14637240 | _:node1ifdgf8btx14637363
31206868595,5,+31 20 686 8595,_:node1ifdgf8btx14637181 | _:node1ifdgf8btx14637227 | _:node1ifdgf8btx14637274
3157895151,5,(315) 789-5151,_:ne548ba3038434f9ca75ee88452e31226xb0 | _:nafe8d981de3843f8adad81808db5db2bxb0 | _:nd00e90cf2e564b5184f67d6771803749xb0
32026533456,5,+32 (0)2 653 34 56,_:node1ifflgildx1051103 | _:node1ifenccmcx4165375 | _:node1ifd3s477x30727810
32061224976,5,+32 (0)6 122 49 76,_:node1ifd7jtthx3491676 | _:node1ifehbqm4x11115800 | _:node1ifd3sebux13151270
32064282530,5,+32 (0)6 428 25 30,_:node1ifd2m99hx15846678 | _:node1ifebbp8ax28369498 | _:node1ifded7vkx1056949
32065612160,5,+32 (0)6 561 21 60,_:node1ife3r1t2x977502 | _:node1ife3r5pqx968513 | _:node1ifec7p6kx23532768
32071272971,5,+32 (0)7 127 29 71,_:node1iffma0erx8421441 | _:node1ifelpqu5x5927290 | _:node1ifdhe84nx3567431
32071880856,5,+32 (0)7 188 08 56,_:node1ifed8601x23600446 | _:node1ifdbnh6jx10732829 | _:node1ifd0kemox23381720
32087771418,5,+32 (0)8 777 14 18,_:node1ifd4q3rfx10830677 | _:node1ifd8teq4x1031545 | _:node1iffedh9hx3649415
3287560110,5,3287560110,_:node1ifenc6dqx995247 | _:node1ifdvb10ix10893013 | _:node1ifd0koqgx20710465
33565778960,5,+33565778960,_:nd7368d822e8045948ae1a316ade07f3axb0 | _:n87fa54b1e2824b43819ba2f28e219d8fxb0 | _:n5de4b71addb346dcb9eb8dcd0dc3bf6exb0
34918771750,5,+34918771750,_:n4135af1434984f6b9ec83103ad267b40xb0 | _:n93e0dde891d34a5490df9082200fb7c5xb0 | _:n7b5b67f8fed742eebadbb0cbb6ab53a5xb0
3495802792931,5,+34 958 02 79 29/31,_:n21ccb093bb8146fab32f9ba44050b87bxb0 | _:n15532326c978440b908f730a3f769180xb0 | _:na3bec677fd81462ebb12be46748e333dxb0
34958161278,5,+34 958 16 12 78,_:n834bdf1dd181474f8814b057d28ec857xb0 | _:n329259ab8ccb44c2a055971bd9b4d66axb0 | _:nec4d327dcc5b434d85dbc95a0d8028bbxb0
34958215120,5,+34 958 21 51 20,_:n032cead4b72940c8a3e903a0876b3148xb0 | _:n5da16e75a6a847efb489560e24d35882xb0 | _:n5c46a1b48a7e45ffa008c0c37f2555d8xb0
34958221445,5,+34 958 22 14 45,_:n7c7c492b216347f1a496a927ebed41c9xb0 | _:nafe1773beb6e4c08ba187de7189d401bxb0 | _:nea4346bd550848acb9aeb8a38458bf8axb0
34958227784,5,+34 958 22 77 84,_:ne002a800d41b4b8f9e361c0bfde992eaxb0 | _:nff580b15b64f4174bd91a3003c960559xb0 | _:n71beb9cb685e468c8269d4f958a36e36xb0
34958563508,5,+34 958 563 508,_:n72df969b6863429682ce0e0c7532a918xb0 | _:n68689412eb5e4b0588a01f4e1c26eb1bxb0 | _:nc29eefc2c6f347ad9ab50349968b92c8xb0
351213610850,5,+351 21 361 0850,_:node1ifdmhr87x4760677 | _:node1ifdmhr87x4760716 | _:node1ifdmhr87x4760755
351213912800,5,+351 21 391 2800,_:node1ifdmhr87x4760671 | _:node1ifdmhr87x4760710 | _:node1ifdmhr87x4760749
351217823000,5,+351 21 782 3000,_:node1ifdmhr87x4760653 | _:node1ifdmhr87x4760692 | _:node1ifdmhr87x4760731
351218100340,5,+351 21 810 0340,_:node1ifdmhr87x4760656 | _:node1ifdmhr87x4760695 | _:node1ifdmhr87x4760734
351218917002,5,+351 21 891 7002,_:node1ifdmhr87x4760674 | _:node1ifdmhr87x4760713 | _:node1ifdmhr87x4760752
37052394574,5,+370 (5) 239 45 74,_:node1ifec7lqjx6231385 | _:node1iffv14pmx1340044 | _:node1ifebf7f9x6242133
38xxxxxxxxxx,5,38 XXXXXXXXXX,_:node1ifdq82kpx6430383 | _:node1ifdq5qg9x4123798 | _:node1ifdq5vl3x4071912
38xxxxxxxxxxxxx,5,38 XXXXXXXXXXXXX,_:node1ifg95ptrx12440316 | _:node1ifdq5q41x6605078 | _:node1ifdmtdo5x16333381
442088584422,5,+44 20 8858 4422,_:node1ifefbk69x2439594 | _:node1iff1n1ibx10656295 | _:node1ife3r5s9x50488
494518090990,5,+49 451 8090990,_:n8ca8675a255a432983646683ca8db6aaxb0 | _:nb5fadcc66bb84ba2b7b1d9276cbdef4cxb0 | _:nfda1f20bb95741eb8114cb6cc88becfbxb0
841433680,5,841433680,_:node1ifelc4srx1254226 | _:node1iffto3nrx1256657 | _:node1ifdsq30fx3629916
861268709,5,861268709,_:node1ifd0kh7sx1226297 | _:node1ifed8c6ax1335322 | _:node1ifdmhr87x18295522
868771494,5,868771494,_:node1ifelc4srx1252974 | _:node1ifec7iq7x8692587 | _:node1ifdsginqx3541036
926321111,5,926 321 111,_:node1ifg57sc4x1607572 | _:node1ifg62jknx11361361 | _:node1ifgba0k2x1642106
97226708811,5,+972 26 708 811,_:node1ifd2m3ndx7839139 | _:node1iffc0mocx1594567 | _:node1ifed77ahx12300447
ntttttttttttttt4358792254ttttttttttttt,5,\n\t\t\t\t\t\t\t\t\t\t\t\t\t\t(435) 879-2254\t\t\t\t\t\t\t\t\t\t\t\t\t,_:node1ifefavmvx29512461 | _:node1ifdbjul8x30848380 | _:node1ifdq5g92x700426
010255509,4,010255509,_:naa076e17ee674e5f867d5fe740b5a9b6xb0 | _:nc3e0cde981434289815f3704977d7d4fxb0 | _:n390df10f429e41a9897fd86859db299fxb0
01069810480106984045,4,010/6981048; 010/6984045,_:n819a7bac2a6241f8809706cf640e4e79xb0 | _:nac823a318bd04fd6a15a87c2bc57400cxb0 | _:n44d0ba83459242019c6bfcc74e02eb00xb0
01142782600,4,01142 782600 | 0114 278 2600,_:n0c3c28d195ef4409b4b28238710e6b12xb0 | _:na943a06404554392bc60ace1372f418cxb0 | _:ndd6bac66506f4a91a87e5462eb8c940cxb0
02079406300,4,020 7940 6300,_:node1ife2l669x55317 | _:n279cd4c87810469eb10fca21442bce02xb1 | _:nd0ff2e20ce7846a7b676d2c3331dacf1xb1
0473522379,4,0473522379,<https://ville-data.com/musee/Chapdes-Beaufort-63-63085#Musee-de-l-ecole-d-antan-12> | <https://ville-data.com/musee/Manzat-63-63206#Musee-de-l-ecole-d-antan-19> | <https://ville-data.com/musee/Saint-Georges-de-Mons-63-63349#Musee-de-l-ecole-d-antan-8>
0473799252,4,0473799252,<https://ville-data.com/musee/Chapdes-Beaufort-63-63085#Musee-Retour-sur-le-Passe-5> | <https://ville-data.com/musee/Manzat-63-63206#Musee-Retour-sur-le-Passe-18> | <https://ville-data.com/musee/Saint-Georges-de-Mons-63-63349#Musee-Retour-sur-le-Passe-1>
0473858208,4,0473858208,<https://ville-data.com/musee/Chapdes-Beaufort-63-63085#Musee-de-la-Resistance--Francois-Charles-Maestracci-10> | <https://ville-data.com/musee/Manzat-63-63206#Musee-de-la-Resistance--Francois-Charles-Maestracci-3> | <https://ville-data.com/musee/Saint-Georges-de-Mons-63-63349#Musee-de-la-Resistance--Francois-Charles-Maestracci-3>
0473887339784271349,4,0473887339;784271349,<https://ville-data.com/musee/Chapdes-Beaufort-63-63085#Chateau-Dauphin-1> | <https://ville-data.com/musee/Manzat-63-63206#Chateau-Dauphin-14> | <https://ville-data.com/musee/Saint-Georges-de-Mons-63-63349#Chateau-Dauphin-5>
0476300502625275303,4,0476300502;625275303,<https://ville-data.com/musee/Le-Noyer-5-05095#Distillerie-La-Salettina-3> | <https://ville-data.com/musee/Saint-Bonnet-en-Champsaur-5-05132#Distillerie-La-Salettina-11> | <https://ville-data.com/musee/Saint-Michel-de-Chaillol-5-05153#Distillerie-La-Salettina-18>
0476348828,4,0476348828,<https://ville-data.com/musee/Le-Noyer-5-05095#Exposition-temporaire-Paysages-en-Trieves-la-nature-et-les-hommes-au-musee-du-Trieves-17> | <https://ville-data.com/musee/Le-Noyer-5-05095#Musee-du-Trieves-16> | <https://ville-data.com/musee/Saint-etienne-en-Devoluy-5-05139#Exposition-temporaire-Paysages-en-Trieves-la-nature-et-les-hommes-au-musee-du-Trieves-8>
0492510158,4,0492510158,<https://ville-data.com/musee/La-Freissinouse-5-05059#Musee-Departemental-des-Hautes-Alpes-19> | <https://ville-data.com/musee/Sigoyer-5-05168#Musee-Departemental-des-Hautes-Alpes-18> | <https://ville-data.com/musee/hautes-alpes-5-5D#Musee-Departemental-des-Hautes-Alpes-2>
0671200029,4,0671200029,<https://ville-data.com/musee/Chapdes-Beaufort-63-63085#Guards-House--Uniformes-de-parade-de-la-garde-royale-britannique-actuelle-9> | <https://ville-data.com/musee/Manzat-63-63206#Guards-House--Uniformes-de-parade-de-la-garde-royale-britannique-actuelle-2> | <https://ville-data.com/musee/Saint-Georges-de-Mons-63-63349#Guards-House--Uniformes-de-parade-de-la-garde-royale-britannique-actuelle-2>
0684541446,4,0684541446,<https://ville-data.com/musee/Chapdes-Beaufort-63-63085#Musee-des-Mines-d-Argent-0> | <https://ville-data.com/musee/Manzat-63-63206#Musee-des-Mines-d-Argent-13> | <https://ville-data.com/musee/Saint-Georges-de-Mons-63-63349#Musee-des-Mines-d-Argent-4>
0714013047,4,071 4013047 | 071-4013047,_:nc138700fce4a47ea8526d9e791880e53xb0 | _:node1ife8icrbx27017864 | _:node1ife8icrbx27017904
081440438,4,081 440438,_:n38d6a523e68c4134bd04675b45a7ac87xb0 | _:ne23cf04fe00341c79479a21c07db87c1xb0 | _:nfade19f85cf84477a0b6654e6db5deb3xb0
12125357710,4,+1 212 535 7710,_:node1iff29tbdx31413232 | _:node1iffv12ifx2384135 | _:node1ifeg9fjkx2380746
17186385000,4,+1-718-638-5000 | +17186385000,_:nc8292ee1e19f4b8ab171835dd7ed8b2axb0 | _:n7cdc3169f0ad438697bcd07a8e2b933dxb0 | _:n11f196d1b7e14e88987fccf9fea8a62axb0
18167511278,4,+1 816 751 1278,_:node1ifd0kbnlx12754792 | _:node1iff1n3hkx19072669 | _:node1ifenc6gjx2423385
310235310823,4,+31 (0)23-5310823,_:node1ifd2m99hx24005022 | _:node1ife1bd8gx1723561 | _:node1ife5buqmx19448708
310341250560,4,+31(0)341 250 560,_:node1ife8icrbx27016715 | _:node1ife8icrbx27016739 | _:node1ifenca12x17043102
310402049841,4,+31(0)40 204 98 41 | +31 (0)40 204 98 41,_:node1ife8icrbx27016695 | _:node1ife8icrbx27016753 | _:node1ifenca12x17043082
32042379050,4,+32 (0)4 237 90 50,_:node1iffc10i0x10848294 | _:node1ifelqaqex8460391 | _:node1ifd2lvtgx15706569
32043426563,4,+32 (0)4 342 65 63,_:node1ifelq318x3528815 | _:node1ifd4pruex25593845 | _:node1ifd0kemox23381863
32060730169,4,+32 (0)6 073 01 69,_:node1iffkpeu1x3568023 | _:node1ifd4r8bax28125845 | _:node1ifdtq23ox15711163
32061550055,4,+32 (0)6 155 00 55,_:node1ifd3s5i6x13605584 | _:node1ife2hs8rx3574626 | _:node1ifdru3qjx18343188
32065405325,4,+32 (0)6 540 53 25,_:node1iffm9ap3x1039533 | _:node1ifdhe2mox3558705 | _:node1ifd0kp0tx35886563
32071880980,4,+32 (0)7 188 09 80,_:node1ife0g0nkx8360840 | _:node1ifebbp8ax38609173 | _:node1ifgj7cf6x4164114
32081462007,4,+32 (0)8 146 20 07,_:node1ifenc9v3x1008929 | _:node1ifd4cr6lx11641332 | _:node1ifd7qpudx29109242
32086212033,4,+32 (0)8 621 20 33,_:node1ife06jt3x9061354 | _:node1ifenc9v3x1037554 | _:node1ife4g0b3x990389
32087850903,4,+32 (0)8 785 09 03,_:node1ifgj76ecx3859146 | _:node1iffl7iqax1120173 | _:node1iffedhimx13410697
3232070808,4,+3232070808,_:nafee48cf855c4b2780bf9a43cbcc14bexb0 | _:nf423dff4808542d1960087565142f712xb0 | _:n7c0dda4d46f34a6a97395c9f4a291cebxb0
33237216572,4,+33 2 37 21 65 72,_:n4ec4563aca504cbe848b55a157d5323dxb0 | _:ncabe8f2053a74cb482bf73949a06a0ecxb0 | _:n20825cd79f8f401f98161906e7940952xb0
33475524515,4,+33475524515,_:n5ecc90887b5041e494f23e3af9144b9exb0 | _:n7b150102d9254aa2a4792084b9ccf8d6xb0 | _:n95d8e52c1f9d4a669e792b1762ecf62exb0
34958222257,4,+34 958 22 22 57,_:nbae31dcefbc54b90b1c21174695076e2xb0 | _:n0e0d9d81f9734d68913d5be1e2b48fb8xb0 | _:nfcd6f3aaeb0a45cc8a149f98ea462172xb0
34958225368,4,+34 958 22 53 68,_:n3f9456f14d5a49a195bec8ac9f9fe10cxb0 | _:na4b9c27231fc48719ccc81f5a990f1e7xb0 | _:n38921bee64d44756aaed6d9df3f1fa6axb0
351227812724,4,(+351) 227 812 724,_:naa8eade9b015429dbb3b2b0d16afe4c6xb0 | _:nd860bdb37c0048b58adc8da735b7c39dxb0 | _:n7cc42ec1a7e24e118463916b3fa43768xb0
37031965605,4,+370 319  65 605,_:node1ifeffe11x8461832 | _:node1ifd6t2mbx1340329 | _:node1iffvo6chx3700012
3703475133037034753685,4,"+370 347 51330, +370 347 53685 ",_:node1iffm97t4x8808242 | _:node1ifd3s5i6x6334150 | _:node1ife3r63lx28168479
37067513372,4,+370 675 133 72,_:node1ifekjgkrx31270296 | _:node1ifec3t51x18870608 | _:node1ifebbkqrx3720170
38653723180,4,+386 5 37 23 180 | 386 5 37 23 180,_:node1ife8icrbx12718231 | _:node1iffuaf64x12391800 | _:node1ifenccslx5109810
4596261900,4,+45 96 26 19 00,_:nb969493dcca6412ca0b3a353a42468d0xb0 | _:nb969493dcca6412ca0b3a353a42468d0xb2 | _:nb969493dcca6412ca0b3a353a42468d0xb4
5148683000,4,514 868-3000 | (514) 868-3000,_:ncb0f5cc513e34e6aaa115f704fb16dbdxb0 | _:n38a8e30652ee4a6997a303212a54c0daxb0 | _:n8d7168eafee94dc28d981face8479218xb0
78124481593,4,+7 (812) 448 15 93,_:nfa9f0960b72346f7a70632e2ed15408bxb0 | _:node1ife3r63lx18796627 | _:n2a82597a6956495c903a325a0a37cf51xb0
837320765,4,(8 ~ 37) 32 07 65,_:node1ifec7ijmx3911743 | _:node1iffvo6chx6242542 | _:node1ife4ggo5x15762103
994125056001,4,(+99412) 505-60-01,_:node1iff0r15cx23263332 | _:node1iff0qnh9x5911668 | _:node1ifekm4rlx26487779
lankytojams37065961497edukacija37065921932paslaugos37069837299,4,"Lankytojams +370 659 61 497, edukacija +370 659 21 932, paslaugos +370 698 37 299 ",_:node1ifernjb9x29515797 | _:node1ifdgoe30x1228127 | _:node1ifefhh10x53039397
ntttttttttttttt4355743466ttttttttttttt,4,\n\t\t\t\t\t\t\t\t\t\t\t\t\t\t(435) 574-3466\t\t\t\t\t\t\t\t\t\t\t\t\t,_:node1ifefavmvx29512455 | _:node1ifdbjul8x30848374 | _:node1ifdq5g92x700419
ntttttttttttttt4356287274ttttttttttttt,4,\n\t\t\t\t\t\t\t\t\t\t\t\t\t\t(435) 628-7274\t\t\t\t\t\t\t\t\t\t\t\t\t,_:node1ifefavmvx29512454 | _:node1ifdbjul8x30848373 | _:node1ifdq5g92x700418
ntttttttttttttt4356353245ttttttttttttt,4,\n\t\t\t\t\t\t\t\t\t\t\t\t\t\t(435) 635-3245\t\t\t\t\t\t\t\t\t\t\t\t\t,_:node1ifefavmvx29512457 | _:node1ifdbjul8x30848376 | _:node1ifdq5g92x700421
ntttttttttttttt4356357153ttttttttttttt,4,\n\t\t\t\t\t\t\t\t\t\t\t\t\t\t(435) 635-7153\t\t\t\t\t\t\t\t\t\t\t\t\t,_:node1ifefavmvx29512456 | _:node1ifdbjul8x30848375 | _:node1ifdq5g92x700420
ntttttttttttttt4356560033ttttttttttttt,4,\n\t\t\t\t\t\t\t\t\t\t\t\t\t\t(435) 656-0033\t\t\t\t\t\t\t\t\t\t\t\t\t,_:node1ifefavmvx29512460 | _:node1ifdbjul8x30848379 | _:node1ifdq5g92x700425
ntttttttttttttt4356690655ttttttttttttt,4,\n\t\t\t\t\t\t\t\t\t\t\t\t\t\t(435) 669-0655\t\t\t\t\t\t\t\t\t\t\t\t\t,_:node1ifefavmvx29512464 | _:node1ifdbjul8x30848383 | _:node1ifdq5g92x700429
ntttttttttttttt4357720146ttttttttttttt,4,\n\t\t\t\t\t\t\t\t\t\t\t\t\t\t(435) 772-0146\t\t\t\t\t\t\t\t\t\t\t\t\t,_:node1ifefavmvx29512465 | _:node1ifdbjul8x30848384 | _:node1ifdq5g92x700430
ntttttttttttttt4357720665ttttttttttttt,4,\n\t\t\t\t\t\t\t\t\t\t\t\t\t\t(435) 772-0665\t\t\t\t\t\t\t\t\t\t\t\t\t,_:node1ifefavmvx29512458 | _:node1ifdbjul8x30848377 | _:node1ifdq5g92x700422
ntttttttttttttt4359864000ttttttttttttt,4,\n\t\t\t\t\t\t\t\t\t\t\t\t\t\t(435) 986-4000\t\t\t\t\t\t\t\t\t\t\t\t\t,_:node1ifefavmvx29512462 | _:node1ifdbjul8x30848381 | _:node1ifdq5g92x700427
ntttttttttttttt4359864228ttttttttttttt,4,\n\t\t\t\t\t\t\t\t\t\t\t\t\t\t(435) 986-4228\t\t\t\t\t\t\t\t\t\t\t\t\t,_:node1ifefavmvx29512463 | _:node1ifdbjul8x30848382 | _:node1ifdq5g92x700428
00310591393400,3,0031 (0)591-393400,_:n4db82c6f30844dd68140ea5c22576aeaxb0 | _:nbe218426c6864766832bc00b6c6cb97cxb0 | _:n191067b782b8405b8c26f1bbfb040574xb0
0102705236,3,010 2705236,_:nc211bdf14ca34fd1ba98aaf9fc0a5693xb0 | _:n1776338fdce2489dae018bed29e904c5xb0 | _:n284c7efcc4d14628908eb3895b103c23xb0
0104401200,3,010-4401200 | 010 4401200,_:n771d91f1c7214cda97d854d9bec391c5xb0 | _:n45dfc4d20ee24515bf4705b1280fbae3xb0 | _:n41dad3c877774965a46e5bbe25b9b7d4xb0
01133785350,3,0113 3785350 | 0113 378 5350,_:na80d07bc566b43e0af993e1b34f45af7xb0 | _:nab346a07ff1b40549526db1dcdba470dxb0 | <https://www.creativetourist.com/venue/leeds-art-gallery/#venue>
0114433501,3,0114433501,_:n068161221ea840d59a10977759354d92xb0 | _:necc58e410fa8473dae937767d6a16844xb0 | _:n7eeff9551af74036800da79118002ef1xb0
01159520555,3,0115 952 0555,_:node1ife7r1l3x5938267 | _:node1ifd3saibx13273277 | _:node1ifdtq575x3489404
0118501744,3,0118   501744,_:n49450757c1d249af8bc7c2e1a430a261xb0 | _:n6c3ba0ae03a248ffb2a1bbd7e4b88dcdxb0 | _:ndf79b88bb3b44501a188c8c32f4c60edxb0
012412500,3,01 24 12 500,_:node1ifebbp8ax10067787 | _:node1iff0qnbtx19844772 | _:node1ifdfuepfx13541413
013036xxxx,3,013036XXXX,_:n4820a07c4f1444c0959926e3dafab49exb0 | _:nad76c19ab3264ed989741e729ba69b74xb0 | _:na078b94fe94f48b2bf32c09eb52084c7xb0
01514784199,3,01514 784199 | 0151 478 4199,_:n2d52b1c6e6e1456c86e1e9e6cc47747dxb0 | _:n584432dc319446d08b30ebbf336e0ce8xb0 | <https://www.creativetourist.com/venue/walker-art-gallery/#venue>
01514784499,3,0151 478 4499,_:node1ifd0kipmx2240588 | _:n26c6b77c3a884179a2c191052e9865e6xb0 | _:n7fd56f3a58eb4e49a0d3b707fef6b838xb0
01539637940,3,01539637940 | 01539 637940,_:ne9c6e38107664d1b8fcb2ffb9563528exb0 | _:nca8876c1da5144ef9d7100821fa4b4b9xb0 | <https://www.creativetourist.com/venue/abbot-hall/#venue>
01612358888,3,01612 358888 | 0161 235 8888,_:n01683244db93460aaf1edb4214b1e7c4xb0 | _:nf10bb649c93d4a33a0d692c8335ee3b8xb0 | <https://www.creativetourist.com/venue/manchester-art-gallery/#venue>
01618364000,3,0161 836 4000,_:n0bb3348fb14a421abec7578090df569dxb1 | _:n1e1863215d2c47cfa50b0fd22f5491aexb1 | _:nd1a0f33744564ccebfebc39a9b967ec4xb1
01914781810,3,01914 781810 | 0191 478 1810,_:n473c9c2293a34d7fa4e15ce919fe96b8xb0 | _:nbec739eb84384fe88e40078648c60555xb0 | <https://www.creativetourist.com/venue/baltic/#venue>
02075147146,3,020 7514 7146,_:node1ife7vpunx45912438 | _:node1ifdmh2e1x53497 | _:nfd1c836819b84a7d9df382a51bc42823xb0
0235115775,3,023   51 15 775 | 023-5115775,_:nb644d3aa97a24553a471e48df5b5c379xb0 | _:node1ife8icrbx27018089 | _:node1ife8icrbx27018204
024103093,3,02 410 30 93,_:nb050b01ff503403693fe9591dc02a0dcxb0 | _:nb980d2ee27e94d508de4cb8211803514xb0 | _:n25bf97449ee8438595bc1633001ea243xb0
0276303918,3,02 76 30 39 18,_:n688640d47b74424eab947a77c8e7ef40xb0 | _:n351ad5dcf4a342f298c5db82bcf3667bxb0 | _:nb3b18c72f1cc489f9de4a4ad664adbcfxb0
03000200293,3,03000 200293 | 03000 200 293,_:n5c0ecb957d7d4d44a100715ed3ca499axb0 | _:nfe146cceb73c4419bf17621be1508a64xb0 | _:n360257673a5142529e06c96a6a04ecb8xb0
03001112333,3,0300 111 2 333,_:n2df422cf39464427bf7d606185c8dbe4xb0 | _:na1dc69cb21e745c5b8ca33ccca79f329xb0 | _:n5c5ed6c2599d42e7b6edcf78dfc5142dxb0
030266424242,3,030 266 424242 | (030) 266 424 242,_:node1ifdfpiv3x16362034 | _:nb2ee8c9a548545bab115c114637a99f8xb0 | _:n889c21f67b19433b90da5a598d493e0fxb0
0306886800,3,030 6886800,_:n8e41f69e192c4960940bdba16effe9cbxb0 | _:n3a63e50df2fc4de79f270d94594a7385xb0 | _:nb5a7f3fbd88644de90c3730bb454539axb0
0328633339,3,0328633339,<https://ville-data.com/musee/Dunkerque-59-59183#Musee-Portuaire-10> | <https://ville-data.com/musee/Dunkerque-59-59183#Musee-d-Art-Contemporain-12> | <https://ville-data.com/musee/Dunkerque-59-59183#Visite-des-bateaux-Dunkerque--9>
0332723432,3,(0332) 723-432,_:node1iff0qpcmx172628 | _:node1ife8pp21x4857671 | _:node1ifevplt4x5223906
0332724888,3,(0332) 724-888,_:node1iff0qpcmx172628 | _:node1ife8pp21x4857671 | _:node1ifevplt4x5223906
0383760475,3,0383760475,<https://ville-data.com/musee/Bienville-la-Petite-54-54074#-PARAITRE---VISITE-AVEC-LE-COMMISSAIRE-D-EXPOSITION-0> | <https://ville-data.com/musee/Bienville-la-Petite-54-54074#CHaTEAU-DE-LUNeVILLE-2> | <https://ville-data.com/musee/Bienville-la-Petite-54-54074#JOURNeES-EUROPeENNES-DU-PATRIMOINE-AU-CHaTEAU-DE-LUNeVILLE-1>
042013950,3,04 201 39 50,_:node1ifdfphh0x5012753 | _:node1iff3jbcfx27309110 | _:node1ifeamn0qx20815672
0423544323,3,0423544323,_:n3fce35982a9440f3bba5ee350ab5d4b8xb0 | _:n5e0bc6be5c064a7a80b17e2e95865b50xb0 | _:nf2041fff75a34d93a9b86421c52855a0xb0
0473855029,3,0473855029,<https://ville-data.com/musee/Manzat-63-63206#Expositions-8> | <https://ville-data.com/musee/Saint-Georges-de-Mons-63-63349#Expositions-13> | <https://ville-data.com/musee/Saint-eloy-les-Mines-63-63338#Expositions-3>
0473855029473855462,3,0473855029;473855462,<https://ville-data.com/musee/Manzat-63-63206#Musee-de-Paleontologie-9> | <https://ville-data.com/musee/Saint-Georges-de-Mons-63-63349#Musee-de-Paleontologie-12> | <https://ville-data.com/musee/Saint-eloy-les-Mines-63-63338#Musee-de-Paleontologie-2>
0475482781,3,0475482781,<https://ville-data.com/musee/Menglon-26-26178#Balade-geologique-La-naissance-du-Vercors-toute-une-histoire--6> | <https://ville-data.com/musee/Menglon-26-26178#Musee-de-la-Prehistoire-du-Vercors-7> | <https://ville-data.com/musee/Menglon-26-26178#Musee-du-site-Prehistorique-12>
0476347039476347823,3,0476347039;476347823,<https://ville-data.com/musee/Le-Noyer-5-05095#Espace-Giono-18> | <https://ville-data.com/musee/Menglon-26-26178#Espace-Giono-5> | <https://ville-data.com/musee/Saint-etienne-en-Devoluy-5-05139#Espace-Giono-12>
0492351100,3,0492351100,<https://ville-data.com/musee/Avancon-5-05011#Musee-archeologique-de-Montclar-15> | <https://ville-data.com/musee/Jarjayes-5-05068#Musee-archeologique-de-Montclar-14> | <https://ville-data.com/musee/La-Batie-Vieille-5-05018#Musee-archeologique-de-Montclar-18>
051203916,3,051203916,_:n459b92e279b0473c80d133c94d2ad9d7xb0 | _:n7eb38a34c60d4df4a43db475611348aexb0 | _:n1e639df5ec5847d8b076f2108cf7ae09xb0
0512193631,3,0512193631,_:ncb8a2704c17346dfbeabc49b36eff1f0xb0 | _:n285ce5eece4a4f77815d676a49c3dac2xb0 | _:n3934da4a34b94968af3f6ba1ef644af4xb0
0512757211,3,0512757211,_:nb8f0028e09b049c09a6533ceefc80c39xb0 | _:naa30411f191246d4bdb443d4f2e137a3xb0 | _:n15e31d23cf794932ae12bdcf4aa40eb9xb0
0513644999,3,0513 644999,_:n58b84bbb891a42089871c717efc46a3exb0 | _:ne69e2d0b718d4dc7a9c03def070d4c66xb0 | _:n10ae528e4adb4e8c891b0a0466f71855xb0
0514521420,3,0514 521420,_:n1fac053086164bb8903ee846cf0d2e8dxb0 | _:nc542e1935569409795d34edf1804fc57xb0 | _:n91f38c95e0b845fa97516b44f2b83b49xb0
0521233617,3,0521233617,_:n656fcb11d6854518bd8950c4c0cd47faxb0 | _:nbcc1a727a74c44d98423cd4e5c0ebc3bxb0 | _:nd48606e04d884156a641c790b0317bc0xb0
0555951915555951915,3,0555951915;555951915,<https://ville-data.com/musee/Rosiers-d-egletons-19-19176#Musee-d-Archeologie-du-Patrimoine-Marius-Vazeilles-10> | <https://ville-data.com/musee/Rosiers-d-egletons-19-19176#Suivez-le-guide-13> | <https://ville-data.com/musee/Rosiers-d-egletons-19-19176#Visite-commentee-Animi-et-Corpora-11>
0563508638,3,0563508638,<https://ville-data.com/musee/Saint-Denis-11-11339#CITE-DE-SOREZE-6> | <https://ville-data.com/musee/Saint-Denis-11-11339#Cite-de-Soreze-Abbaye-ecole-de-Soreze--Musee-Dom-Robert-5> | <https://ville-data.com/musee/Saint-Denis-11-11339#VISITE-INTERRACTIVE-LES-AS-DE-LA-JUNGLE--MUSEE-DOM-ROBERT-4>
0563940020,3,05 63 94 00 20,_:nfbd52acda2df4e5dbd6cef76fb332144xb0 | _:nb494a8433a4242bb8299ce61884fcc87xb0 | _:n830531b4f60d49ba801f53d511bc070fxb0
0592377773,3,0592 377 773,_:nb0c9778eeec84849accfa4009d13dbb9xb0 | _:n965e4ca0b8ae4a97b62d71ec39eaceadxb0 | _:n3cecc36dda754a4b8da3197c1b2d8d87xb0
0608301039,3,0608301039,<https://ville-data.com/musee/Le-Noyer-5-05095#Visite-du-musee-de-Pellafol-4> | <https://ville-data.com/musee/Saint-Bonnet-en-Champsaur-5-05132#Visite-du-musee-de-Pellafol-12> | <https://ville-data.com/musee/Saint-etienne-en-Devoluy-5-05139#Visite-du-musee-de-Pellafol-2>
0608301039682941370,3,0608301039;682941370,<https://ville-data.com/musee/Le-Noyer-5-05095#Maison-du-Patrimoine-5> | <https://ville-data.com/musee/Saint-Bonnet-en-Champsaur-5-05132#Maison-du-Patrimoine-13> | <https://ville-data.com/musee/Saint-etienne-en-Devoluy-5-05139#Maison-du-Patrimoine-3>
06441994131,3,06441-994131 | 06441 -994131,_:n1014644e7a354cef8983319440909a55xb0 | _:nd4f8f2ac5b414596986431d18f06df63xb0 | _:n2eaff126a92a4adfbd3309600c06fa0axb0
0673058791,3,0673058791,<https://ville-data.com/musee/Manzat-63-63206#Paleovergne-10> | <https://ville-data.com/musee/Saint-Georges-de-Mons-63-63349#Paleovergne-14> | <https://ville-data.com/musee/Saint-eloy-les-Mines-63-63338#Paleovergne-1>
0703462700,3,070 3462700 | 070 346 2700,_:nb9de3ea7189f423dac12844e76b81171xb0 | _:n2f1404ab43b640368ba74298ff019da2xb0 | <https://www.huisvanhetboek.nl/#identity>
0740515582,3,(07) 4051 5582,_:naf6e8e43b76a487ea887faeded38a366xb0 | _:n8e8d4bec22cf4c60b58c5787420937e4xb0 | _:node1ifdmte4qx21982203
07558668415,3,075 58668415,_:n0e9da89d378243e6b54a4b0357eff02axb0 | _:n75693a44edca46878da29fd5d200165exb0 | _:n99a2944b02f749a59f1bcb991bbd2827xb0
0805168870,3,08051/6887-0,_:node1ife4g3rmx28074045 | _:node1ifec7nvvx6049318 | _:node1ifec7q4dx3551701
08144694473,3,081 446944/73,_:n2e19ad75c5c8477dada7f6a534ecc763xb0 | _:n8b4f8c70e7504ad58db906839903af82xb0 | _:ne5ecabe12c334cfcab90b53900a9c7dcxb0
0854912347,3,0854912347,_:nfaa07b903f6a43708251fb7c8a1ca17cxb0 | _:n057126c433dd48cfa4fdc333d8b21414xb0 | _:n7879dc5724a44402b697fc6b8fb68141xb0
08551571611,3,08551/ 571611 | 08551/571611,_:node1ife4g761x1012391 | _:node1ifdvmh42x15741811 | _:node1ifebqnugx10849287
0888212333,3,(08) 8821 2333,_:n7b5f0f4faa4f4baa92cbe585199e23d7xb0 | _:n31c49ed59d8f430c9522faa7cb799574xb0 | _:naa5ca537d55d4c40800ab85740ca37f9xb0
08923805360,3,089/23805-360,_:node1ifdnmbo0x18375535 | _:node1ife5c7kpx20971816 | _:node1ifec7nvvx18446897
0906789170,3,0906/789-170,_:node1ife4k0dvx36122009 | _:node1ifdq5j97x10767342 | _:node1ifdn1krlx32475076
1126921866,3,(11) 2692-1866,_:n3c507ea3d0a040bfb1912a5cdbde3255xb0 | _:n02e825b61e8d470dafd2af83427f6b9bxb0 | _:n71ff04b5855743f69f4ca82644508e3cxb0
18665994999,3,1-866-599-4999 | 1-866-599-4999 ,_:n852ba068039743edb77a6909bb6025f0xb0 | _:nb17ecc2f16b54b379225e5da35a68de0xb0 | _:n9494a363576a4f2c8cfd23a1572dd11exb0
2102062787,3,(210) 206-2787,_:n0b8326e105d74cb3831fa25408a484e6xb0 | _:n1799af8f375440ffa9cac9e2fddb6870xb0 | _:n53b180fcc63042e6bd5261a2469488d1xb0
2158984000,3,(215) 898-4000,_:node1ife3r7avx4607812 | _:node1iffsdesex16973639 | _:node1ifg57rg9x2153980
31152782384,3,+31 15 2782384,_:n985783067c5e42abb6a8742f2967b0f9xb0 | _:n2205e7644c9841d3b5ddc23b704b2bf0xb0 | _:n957b66bea9ac409187498511abee43f0xb0
320032496599214,3,+32 (0)032496599214,_:node1ifed72kdx28585209 | _:node1ife8pdd8x38199943 | _:node1ifflg2n5x1066753
32042219319,3,+32 (0)4 221 93 19,_:node1ife803cdx3550395 | _:node1ife3rd51x981577 | _:node1ifd3s5afx13487925
32042509370,3,+32 (0)4 250 93 70,_:node1ifd0tb8tx35891761 | _:node1ifenc47cx1040888 | _:node1ifd3s6rox14162953
32042568790,3,+32 (0)4 256 87 90,_:node1ifebr0cnx27169806 | _:node1ife30p2hx3288159 | _:node1ifd6tg96x5813023
32042794400,3,+32 (0)4 279 44 00,_:node1iffedhimx13364819 | _:node1ifdvb9onx13532553 | _:node1ifd0kjmox43336129
320471216388,3,+32 (0)471216388,_:node1ifduan22x11058230 | _:node1ifekl4gox3553740 | _:node1ifdbncpdx18842332
32064236070,3,32064236070,_:node1ifffoc3sx995728 | _:node1iffjtvbqx3453007 | _:node1ifeffhqsx19044222
32064335741,3,+32 (0)6 433 57 41,_:node1ifdnmbo0x35177028 | _:node1ifehbqm4x20917391 | _:node1ife5bqlcx5797596
32065315343,3,+32 (0)6 531 53 43,_:node1ife0g0nkx6085314 | _:node1ife3r7avx48128699 | _:node1ifd6t8skx20960322
32065652121,3,+32 (0)6 565 21 21,_:node1ifd0ka05x23230210 | _:node1iff9j04px18129307 | _:node1ife8icrbx36023232
32069211966,3,+32 (0)6 921 19 66,_:node1iffm968hx1059246 | _:node1ifd6l3unx5932299 | _:node1ife4g2dpx1045988
32069332431,3,+32 (0)6 933 24 31,_:node1iffm95orx1008128 | _:node1ifd6l59kx20499807 | _:node1ifd4prsrx11059590
32071727262,3,+32 (0)7 172 72 62,_:node1ifd4pq0fx10850619 | _:node1ifdftchcx1098860 | _:node1iffju47vx6093195
32080799668,3,+32 (0)8 079 96 68,_:node1ifflg06qx1084690 | _:node1ifde0l6dx3683840 | _:node1ife1bd8gx3510209
32081248720,3,+32 (0)8 124 87 20,_:node1ifd0kp0tx20823308 | _:node1iffmbmiqx10919164 | _:node1ifd3s8b1x13463686
32081776773,3,+32 (0)8 177 67 73,_:node1ifeetri3x23384204 | _:node1ifd3s4ehx13297231 | _:node1iff0r15cx42261080
32082222200,3,+32 (0)8 222 22 00,_:node1iffnmr08x3431739 | _:node1ifdi826nx1101499 | _:node1ifdn1o01x35203233
32085849695,3,32085849695,_:node1iffcqll7x18278872 | _:node1ifd45j53x20951089 | _:node1ifdgf3r3x6427352
32086434795,3,+32 (0)8 643 47 95,_:node1ifflg2n5x1041962 | _:node1ife4g3rmx8361716 | _:node1ifelq5n1x6001112
3265405325,3,3265405325,_:node1ifdvcpbmx15298451 | _:node1ifehbqm4x16075217 | _:node1ifdtq7cjx13543537
330140205317,3,+33 (0)1 40 20 53 17,_:node1ifgj79mmx350944 | _:node1ife1tv9vx9455104 | _:node1ifg2vpt9x20027031
33142721016,3,33 1 42 72 10 16 | ( 33 1) 42 72 10 16,_:node1ifelq2p2x994544 | _:nce9cbe2d5c9b4c9aa59dc29c787a2361xb0 | _:n68410307f97c4345b36882c5ecdf6122xb0
33327606611,3,+33327606611,_:n48bcda8f96fe4be8996e0f69edcd7f04xb0 | _:n58311483e09a45bd966a48dcfdbdcfd1xb0 | _:ne8a977d1f2f1430daf32206583a2fb0bxb0
33475367656,3,+33475367656,_:ndbdb0c862a974e9ba8b59d633f46a33bxb0 | _:n95226e42daeb49efabde4e71d24a91a5xb0 | _:n395623651b0c48448ba9c561b4dbac71xb0
33475920998,3,+33475920998,_:nc7a2b48dda17486f8f4781a53f0c9eeaxb0 | _:nd305d65b11574cdab26183b7554698d6xb0 | _:n94b2b5a2618e4111a9ab355fbc2f7ef6xb0
33475922561,3,+33475922561,_:n74f23a02aa604ce9b1d45a17959d4ddexb0 | _:n3bacd3f4b3324ce9ab39c1118d2346c9xb0 | _:nbce2fa655787471f81c8bb6815d8decfxb0
33475943940,3,+33475943940,_:n6a7fe547b6754c0cb3185b1e4ab8df29xb0 | _:nc56ed83c55774e98ab5444bb2c305874xb0 | _:n00c3d4b7881248fe80490d03f79042c4xb0
34600143141,3,+34 600 14 31 41,_:n21ac1901588e41b5b584bd6f2ea26500xb0 | _:n71fc1b252fe048a68ea9327cef7f6cadxb0 | _:na4c0a14d942b432d8cb558d1dd8eff90xb0
34600143176,3,+34 600 14 31 76,_:n7c768d2dc72a4787bae49c335c318ab6xb0 | _:n78147a42012648329b766a5c5a29f3fbxb0 | _:n60fd772d716e4b30be41db30286729c9xb0
34913302800,3,+34 91 330 2800,_:node1ifd0kpegx13232606 | _:node1iffcqna7x1618169 | _:node1ifdq5v8gx29042857
34931206374,3,+34 931 206 374,<https://museuartprohibit.org/ca> | <https://museuartprohibit.org/en> | <https://museuartprohibit.org/es>
34935156863,3,+34935156863  ,_:n4afd0f84335f49eeacbadffe2f68bfdaxb0 | _:n4fc510ae320a49c58b9a6cf004394bdexb0 | _:n8cf6248a9bb64c4a879cbc8edc6354fcxb0
34958027907,3,+34 958 02 79 07,_:n6fa9c253b5ca4feb91b8db0ba4e28e94xb0 | _:n74765c38007e4c31977b21a770e79ec9xb0 | _:n0404a53c266748f186878c984948fb89xb0
34958225185,3,+34 958 225 185,_:n436bcdb5fcef49e38517ef8d105329b4xb0 | _:n50d0fc45679f40848e3a68bc5d89ac45xb0 | _:na816b5253bbf43f589160685d50907dcxb0
34958227497,3,+34 958 227 497,_:n2f2ecbe6093a46cf9ac7a8c843f93741xb0 | _:n7bab653b17ae42f6b0d777d86eaa7db9xb0 | _:n231cd1e772204193b68829f8b50db94dxb0
34958258466,3,+34 958 258 466,_:ne2d24b5eea704d54aa0514d06ded2131xb0 | _:n820c647b74a14836a85d2ab600f12d1cxb0 | _:n4d182fcca9614b45906f45b6c74ea16fxb0
34958516453,3,+34 958 51 64 53,_:nb4a53833fd8b4b859bee5b33b79468ecxb0 | _:n7972d8b4ea8947ef9dff365f63b8fd4dxb0 | _:n17eb7e99c24146d4ba2423290fae8c22xb0
3539552001,3,+353 95 52001,_:ncf44b2ee00394ef3af634d1454ee810bxb0 | _:nfb21fc0e4b9a4060ac576be4b80f4801xb0 | _:n08708f6208f94d22a7d70c068b543442xb0
37034751778,3,+370 347 51778,_:node1ifd3s5i6x6334160 | _:node1ifedbsuhx3788644 | _:node1ifdtq7cjx32896181
37052377077,3,+37052377077,_:node1iffm977lx8828846 | _:node1ifelq5n1x16251896 | _:node1ife3r7avx13720960
37064637162,3,+37064637162,_:node1ifernjb9x29515970 | _:node1ifed8ac0x3824576 | _:node1ife8pp21x13721460
37066355859,3,+370 663 55 859 ,_:node1ifed7hogx3779623 | _:node1iffukeudx6188407 | _:node1ifehbqm4x28866050
37069844915,3,+37069844915,_:node1ifernjb9x29516000 | _:node1ifedbsupx3901430 | _:node1iffutr9dx5999925
37069911822mindaugas,3,+37069911822 Mindaugas ,_:node1ifernjb9x29515856 | _:node1ifencalmx20538886 | _:node1ife7vs3px3889000
38116212975,3,381 16 212 975,_:node1iff9j04px10079247 | _:node1ifernmh1x1002082 | _:node1ifdq5v8gx24387901
381216613897,3,381 21 661 3897,_:node1iffa4t37x7262631 | _:node1ifefhh10x36135006 | _:node1ifd0kgbax9827635
3852326472638523264160,3,385 23 264 726; 385 23 264 160,_:node1ife4f13dx20721708 | _:node1ifdru3qjx52034 | _:node1ife0g0nkx10849525
38612412500,3,+386 1 2412 500 | +386 1 24 12 500,_:node1ifflfj74x7415626 | _:node1ifekl4gox5942151 | _:node1ifd3s93ex986156
38612415800,3,+386 1 241 58 00,_:node1ife8p8d5x17285959 | _:node1ifec7n4nx28212678 | _:node1ifefhh10x28511736
38617877863,3,+386 1 787 78 63,_:node1ife4k0dvx33508073 | _:node1ife4g2j4x2386395 | _:node1ifdn1j4hx20606359
38638982630,3,+386 3 898 26 30,_:node1iffaajcix10945887 | _:node1ifdvbajkx54842 | _:node1ifec7jbcx18247391
38645723522,3,+386 4 572 35 22,_:node1iff9ihb7x998164 | _:node1ifdbn7lux12391937 | _:node1iffm99q9x10976629
38645833500,3,+386 4 583 35 00,_:node1ifernjtix21510118 | _:node1ifd3s8b1x27216401 | _:node1ifd2m7m7x3599182
38656274171,3,+386 5 62 74 171,_:node1iff6gj29x5178834 | _:node1ife8pi8cx18578565 | _:node1ifelq264x1049840
38673731130,3,+386 7 373 11 30,_:node1ifeeq1dpx4461335 | _:node1iff9ijtax15807039 | _:node1ife1qitux4913169
38733668027,3,387 33 668 027,_:node1ifed7dhsx55395143 | _:node1ife5buqmx30328234 | _:node1iffm9ap3x1096701
38xxxxxxxxxxxxxxx,3,38 XXXXXXXXXXXXXXX,_:node1ife8pclux16831259 | _:node1ifed79vux1516629 | _:node1ifed7udcx3957168
390115211106,3,+39 011 5211106,_:nb59f69dc79b049bfbc8e31ec695e6d15xb0 | _:n8ed928e973c64169afdf3c50da10279cxb0 | _:nc0190688d09d4a9199bf97fad356704axb0
390236769011,3,+39 02 36769011,_:n5b8839c497aa4c9da80f0c58b675137bxb0 | _:nc21501e05752481d9d72d7b914dac03cxb0 | _:n1d577cf23f164477882e7beeba508f84xb0
3902485551,3,39 02 48 555 1 | +39 02485551,_:n88c3385317be4486a9b1ada9fe51aa0bxb0 | _:node1ifd0kkf2x6326074 | _:node1ifec7k1tx3418980
390472843121,3,+ 39 0472 843121 | +390472843121,_:node1ifdgf2j1x4184108 | _:n118d8663fdf44c63b17689dabda6b49axb0 | _:n1d749fe160984fe5a72567d17342d3d4xb0
390646974831,3,39 06 46974831,_:node1ife3r63lx20010788 | _:node1ife8icrbx38191702 | _:node1ifduapfix3485875
39081421111,3,+39081421111 ,_:ne70688d817b94d7ca812443c9dfbdc5bxb0 | _:n2d48bc6eba28462f9e0ac33e2f2ece42xb0 | _:n6c417c8ff6a94fe0a6c45baf84a4e81exb0
390815808255390815808252,3,+39 081 5808255 +39 081 5808252,_:n40b868209cd3488cae562643b691584axb0 | _:n8883316090014c99b9cad05adb2e1bfcxb0 | _:nabf7e830d5344233897d6b1119445023xb0
393400971561,3,+393400971561,_:nf9212808212a49449a8e52a3ab6388e5xb0 | _:n2ef130f0ed3849f7aa0279c3d41b8faexb0 | _:n8ed4fa756c2441fe8020e76d58e61c4bxb0
435513620930,3,43 5513 6209 30 ,_:node1ife779oox22461162 | _:node1ifdmti16x14755336 | _:node1ifdspr0tx11238562
4401913342932,3,+44 0191 334 2932,_:node1iffm968hx2410306 | _:node1iffb9oabx24824135 | _:node1iffm9739x2455324
441422330069,3,+44 1422 330069 ,_:node1ifd2m58qx23220103 | _:node1ife5c3vgx18314627 | _:node1ifd460htx11252204
441514784199,3,44 15 1478 4199 | +44 151 4784199,_:node1iff29tbdx20828539 | _:node1ife3r5s9x43922 | _:node1ifelr2fox5992573
448708704868,3,+44 870 870 4868 | +44 870 8704868,_:node1iff53p5ax20640948 | _:node1ifdvb10ix57369 | _:node1ifeepjiox18749620
5137212787,3,513-721-2787,_:n6cd87fcdce4145f0aa469454eff71ff0xb0 | _:n021faecd455e44e1aaa6efd930c5129exb0 | _:n78276bf056b64b47903cae63c25f459dxb0
5536881100exts8166681656,3,"55 3688 1100 exts. 81666, 81656",<https://sic.gob.mx/ficha.php?table=museo&table_id=1079> | <https://sic.gob.mx/ficha.php?table=museo&table_id=968> | <https://sic.gob.mx/ficha.php?table=museo&table_id=974>
61292452400,3,61 2 9245 2400 | +61 2 9245 2400,_:node1ifeh2pe5x25043657 | _:node1ifd0rm2bx18871449 | <https://mca.com.au/#Museum>
7139428000,3,(713) 942-8000,_:n26adb6fe5b91432f9be187a01d840b17xb0 | _:n56d98521ffcc432582409a2a6da4f319xb0 | _:n73249d40ddc541eb9c21c3f558f4566cxb0
792xxxxxxxxx,3,+792 XXXXXXXXX,_:node1ifdgf3r3x6142382 | _:node1ife5c7kpx5565475 | _:node1ifepn4mbx28074916
81335630241,3,+81 (3)35 630 241,_:node1ifd4crtix2796414 | _:node1ifgbpvh0x2466541 | _:node1ifelq5psx2331490
831351131,3,+8 313 51131,_:node1ifdgf1p8x1212874 | _:node1ifenc6gjx6103783 | _:node1ife4g12dx8609858
831553370,3,8(315) 53370,_:node1ifd2m6n8x13747939 | _:node1ifec7p6kx3740550 | _:node1ifdt2f7fx8420966
837229675,3,8 37 22 96 75,_:node1ifebbkobx16054984 | _:node1iffsrcinx3704748 | _:node1ifdvcpbmx3685054
837300672,3,(8 37) 300 672,_:node1ifdn1o88x11041566 | _:node1iffto3nrx1256597 | _:node1ifdnm0pgx45426421
841397522,3,841397522,_:node1ifec7iq7x8692567 | _:node1ifeh885hx23705251 | _:node1ife77d55x26405569
841523212,3,841523212,_:node1ifelqb5ox13744963 | _:node1ife7r1l3x3768381 | _:node1ife77d55x26405508
841592257,3,841592257,_:node1ifdhdu6kx6644203 | _:node1ifec0oa5x3661124 | _:node1ife4k0dvx13461506
845436989,3,845436989,_:node1ife678ubx21016194 | _:node1ifeh885hx23705191 | _:node1ifdi8a9ix6250944
846410523,3,8 464 10523,_:node1ifernjb9x29515870 | _:node1ifec7k1tx3701914 | _:node1ife775hmx6528385
860394024,3,860394024,_:node1ifeamff3x21843940 | _:node1ife5bsgdx8626547 | _:node1iff9ir6hx35589525
860400449,3,860400449,_:node1ife670cmx23570504 | _:node1ife5c3vgx11300472 | _:node1iff9ir6hx35589625
864494414,3,864494414,_:node1ife0a3k9x3728484 | _:node1ifernjb9x29515900 | _:node1iffv5h0hx1286504
9104577481,3,(910) 457-7481,_:n1520e37fc931497582b8aa9ed0bae88exb0 | _:nf49aec89620f47d8bd40cf328dfd2c94xb0 | _:n07a5f5d4453f4cb0be71d32d7e1a8a58xb0
949391023,3,949391023,_:node1ifgj7bvfx10049540 | _:node1iffm9da9x4173554 | _:node1ife3r5pqx3968263
958225995,3,958 22 59 95,_:na444c6183cd143fdb831a0c56d604ec7xb0 | _:n84df940c807b4d208b678c725b91559exb0 | _:n1b0d59ff5b7e4059a917f5e8c5d59a02xb0
958513004,3,958 51 30 04,_:n1baf16f8312b4e898503ea07087921d2xb0 | _:n350f1367284e480ea86e7532029c275cxb0 | _:na1d1eec2e7c74b60981843e23c5543caxb0
977242858977242220,3,977 24 28 58 / 977 24 22 20,_:nab00215629f0462fac000b6dcecb9297xb0 | _:na9d6467a4d604195bbcc056f42d99b8cxb0 | _:n343e9f22de45455682e7e626a8ce75c3xb0
977251888,3,977 25 18 88,_:n49f4534721dc40c5b3c1fc02c990c545xb0 | _:n0ff7ca29305546b4a3aa127cc4f78ee0xb0 | _:n2ddf3bf86dd64434ba5b78b4f64cc13bxb0
984082215,3,984 082 215,_:node1ifdmh2e1x2275376 | _:node1ifduapfix2351212 | _:node1iffmb4n0x2337648
985646877,3,985 646 877,_:node1ifencfsix59172344 | _:node1ifernl2hx42725071 | _:node1ifdspruex2365922
nn0362222869n,3,\n\n(0362) 222-869\n,_:node1ifdvb4akx10009491 | _:node1ife54hpux2704951 | _:node1ifdvb4akx7589021
nn0362223367n,3,\n\n(0362) 223-367\n,_:node1ifdvb4akx10009493 | _:node1ife54hpux2704953 | _:node1ifdvb4akx7589027
nn0362261454n,3,\n\n(0362) 261-454\n,_:node1ifdvb4akx10009495 | _:node1ife54hpux2704955 | _:node1ifdvb4akx7589025
nn0362264767n,3,\n\n(0362) 264-767\n,_:node1ifdvb4akx10009489 | _:node1ife54hpux2704949 | _:node1ifdvb4akx7589023
nn0362267580n,3,\n\n(0362) 267-580\n,_:node1ifdvb4akx10009493 | _:node1ife54hpux2704953 | _:node1ifdvb4akx7589027
nn0964794370n,3,\n\n(096) 479-43-70\n,_:node1ifdvb4akx10009491 | _:node1ife54hpux2704951 | _:node1ifdvb4akx7589021
nn0979524918n,3,\n\n(097) 952-49-18\n,_:node1ifdvb4akx10009489 | _:node1ife54hpux2704949 | _:node1ifdvb4akx7589023
tel37031965699,3,Tel. +370 319  65 699,_:node1ifeffe11x8461842 | _:node1ife674tkx23905869 | _:node1ife7vs3px3889193
telefono972364454,3,Teléfono : 972364454,_:node1ifelpuhux23114507 | _:node1ifeu97v0x6035407 | _:node1ifevbuclx1104858
telephone972349573,3,Telephone : 972349573 | Téléphone : 972349573,_:node1ifev9uoex1170129 | _:node1ifencfbkx15974533 | _:node1ifepn4mbx18549995
0018198644441,2,(001) 819-864-4441 | (001) 819 864-4441,<https://www.easterntownships.org/Activity/74> | <https://www.cantonsdelest.com/Activity/74>
003280570067,2,0032-80570067,_:nda5ded51ba6e4d81850a8538633f38bdxb0 | _:ncc4ce0b8d8ed4043b8d6e3f39f8b0630xb0
00390812294415584585470,2,0039.081.2294-415/584/585/470,_:n9810be7229ec42048589491e0844dcb2xb0 | _:n13ee203b685045eaae14d6dd84cdcfe9xb0
004317128000,2,0043 1 712 80 00,_:node1iff6qdnix9893264 | _:node1iff9ijtax13442530
004963453531,2,(0049) 6345 3531,_:nf60ab20f8e584ac9907474614e0ec892xb0 | _:nf53d5fd72a10465d96756e6cf9f3617dxb0
004963458518,2,(0049) 6345 8518,_:nd037244d409149a39aa137dc990eb3eaxb0 | _:nc3b89a291378473bb38a802420011bb5xb0
0102030405,2,010   20 30 405,_:ne68f27dff581428288b822dae0f5096cxb0 | _:ne9eb46e26fc24f88bee1c5fc96f677a5xb0
0102345655,2,010/2345655,_:nda3c1d14951644e0991fe4b1d9260c2fxb0 | _:n1df69f1824324becb47dcad27fa566c3xb0
0102469676,2,010 2469676,_:ndeb207a537534f2b886ed9284eb915e7xb0 | _:n0c5fb176dc99462cbac0e52bd5da472bxb0
0102511263,2,010-2511263,_:n3972df6172f4470997ab51999633372exb0 | _:n0645dc8853e242718dd5c7e0f9c8c948xb0
01025147602512435,2,010  2514760 - 2512435 ,_:n5b7e8c4cb06f4e8389bd3875dd744a30xb0 | _:n82dab88a68974853b61e3d0bc2b9fcdcxb0
0102516714,2,010/2516714,_:n79ec3807d2304501944d614bd1294f8bxb0 | _:nd08b33be2d5b43c999d6cadab753680dxb0
010542285,2,010/542285,_:nc828c32f312b4b8980a86c6635c65813xb0 | _:nea421e8593944d1fb097aa68948b8a7dxb0
01055367113755331428,2,"0105536711, 3755331428",_:n066cf83b2d2d4725ba2858ab4e7005f1xb0 | _:n16a8bf77574340568eceba66ae0d91a3xb0
0105572193,2,010 5572193,_:n5b321c8a76054a93aabd09a80a05fdbexb0 | _:nb2cb8222fd2a43bd916330c32ab644a8xb0
0105574203,2,010/5574203,_:nabe6c6d479ed4377a24d405d6d822dddxb0 | _:na896a2d0f2844105ad5661f07f593c52xb0
010564567,2,010564567,_:n17fc9bea0fbc4949aa20222af13c6a5cxb0 | _:nada954a859614cef8b7f8160b1b4f22fxb0
010580069010585772,2,010/580069; 010/585772,_:n7a7b94fcc71144c1bc7e586bbbaead59xb0 | _:n8de38fa4f37e428090fa80e3f9a25b40xb0
0106969885,2,010/6969885,_:n3b48008797084a62b14c2532d8353a77xb0 | _:n9f1283d1b087467dbd52f862a82305aexb0
0107401243,2,0107401243,_:nf339db05ef544811b23edea5e2c3a3efxb0 | _:n89ae4c922141417f83e72a1e8df2b032xb0
0108594125,2,0108594125,_:nfb7b52c2db984443ac9de8a1848ec36bxb0 | _:n5a26f98f2d99427b8e867dcc6eb6175fxb0
0111402303,2,0111   402303,_:n90b5d6e06e11432999c858a80765ab5bxb0 | _:n33c9bc814e9c45f3aa5469daf586f1cexb0
01173526600,2,0117 352 6600,_:n541aca23d8fd4c67bb725ed836c8e9f3xb0 | _:n6dcb1716b7cb4d2f88b53cc8007eb085xb0
0118412498,2,0118   412 498,_:n9bba64977e9d42ecbdf204e79b09e696xb0 | _:n2a8a4cd06d9c486fb5f1aa6ee1487558xb0
0118584618,2, 0118  58 46 18 | 0118-584618,_:nc328ea172c464123a599c7c59b7b283dxb0 | _:node1ife8icrbx27018055
01217866000,2,0121 7866000,_:n48089e15c4084a2a843c0a5566e2646bxb0 | _:n9d8bb280b09f49618841aa3f9343438dxb0
01236638460,2,01236 638460,_:n7d3a5fb083f741248d421e1138cfbac9xb0 | _:nab1818d7071e41d1acb6199bbe2e004exb0
01242387492,2,01242 387492,_:n9ef5e54298734857a168be832a9a71e6xb0 | _:nb46906391fb64047a6c1046c56ff75e3xb0
01244972197,2,01244 972197 | 01244972197,_:n26dc27c3f9a54ee79d13343615dcbbdfxb0 | <https://www.creativetourist.com/venue/grosvenor-museum/#venue>
01316246200,2,01316 246200 | 0131 624 6200,_:nc4f7d941f493453b97ea63c610390905xb0 | _:node1ifd0kfdcx2314255
01382384310,2,01382 384310,_:ncc2090da8f5844739ae49ca4a41d2266xb0 | _:n6f7042428b8f4773a6f317b06b36610bxb0
01482300300,2,01482300300,<https://www.creativetourist.com/venue/ferens-art-gallery/#venue> | <https://www.creativetourist.com/venue/hull-maritime-museum/#venue>
01517027400,2,01517 027400 | 0151 702 7400,_:nef039c84d73e4e1798d40b6756d8f1c9xb0 | <https://www.creativetourist.com/venue/tate-liverpool/#venue>
01522782040,2,01522 782040,_:n901b8d0883e1477bb5548e7f901753d2xb0 | _:n7957ea138660449fb4739108c35eaa68xb0
0152529345,2,0152529345,_:ndb2041b9243f4e70b13d744c41aa0bbbxb0 | _:n2770add6a7a94897a7e6f3ea1c11da23xb0
0152602358,2,015   26 02 358,_:n077a7f58abf645df9015ed940ccae3e2xb0 | _:n3977ced6fbfb4e63bba6934b25fc87e1xb0
0152785200,2,015   2785200,_:n42d7d29540784130a40499ad442203e0xb0 | _:n3cf14cca4c584dd29a61843590135461xb0
01539446139,2,01539 446139 | 01539446139,_:n7af0c0566569473f940531d6fe982437xb0 | <https://www.creativetourist.com/venue/blackwell-arts-crafts-house/#venue>
0156269028,2,01562 69028,_:nd902a6a10caf417b9b8b822175c7c1e4xb0 | _:nf5fad5ae607e45e6a5b9c541bc007094xb0
01608810656,2,01608 810656,_:node1ifei7b0bx6872536 | _:node1ifdbs0vhx1733009
01612757450,2,0161 275 7450,_:n662f1841dd1640618c15c202e8bb2d43xb0 | <https://www.creativetourist.com/venue/the-whitworth/#venue>
01616058200,2,0161 605 8200,_:node1ifd0tb8tx2255045 | <https://www.creativetourist.com/venue/national-football-museum/#venue>
0162387194,2, 0162  38 71 94,_:na73b9598c92b4fac8386bbd2b753c6e2xb0 | _:n3693e2396ee546739344397cd2318201xb0
0165317677,2,(0165) 31 76 77,_:n1bd92f9526df4272afc7a5eab7c5fbb9xb0 | _:n3d4121ba87c744609d8079a8fd9cd60cxb0
01749813294,2,01749 813294,_:n203892d08c214e19b216f7679f248ac7xb0 | _:ncdb55dd8cc4a437888b31f923a52557axb0
01834860500,2,01834 860500,_:n9114d82fece1463fa5660bcb51870732xb0 | _:ne4f4ccf642a045899291ce32e6a1f9c6xb0
0183504009,2,0183   50 40 09,_:n5a1041efe1d8408f99dbd7a4766da687xb0 | _:n5da67a237e844392a8aa16bf66a480f8xb0
0183632821,2,0183 63 28 21,_:nb3b1f2d72b8442ed842580f06b66373bxb0 | _:n8d2e7772048841d2bc528c7781814f17xb0
01865270927,2,01865 270927 |  01865-270927,_:node1iffmbetbx11842491 | _:node1ifg8ab5fx9234151
01865272950,2,01865 272950,_:n1bda63907f66436cb6ec4cd3ddd0a73cxb0 | _:node1iffc2296x12062765
0186601535,2, 0186  60 15 35,_:n773885a4fc8f4f3c912da76ea3b73022xb0 | _:ndf4d7a12aaae4a86bcd50ec41323fc54xb0
0187483778,2,(0187) 48 37 78,_:n0eaec8b70278470bbc48890196e9fd2bxb0 | _:n2364905412ba40f396e75a7888f0250fxb0
01904687687,2,01904 687687,<https://www.creativetourist.com/venue/york-art-gallery/#venue> | <https://www.creativetourist.com/venue/york-castle-museum/#venue>
01912086765,2,0191 208 6765 | 01912086765,_:node1iff9ihi2x24562261 | <https://www.creativetourist.com/venue/great-north-museum-hancock/#venue>
01924247360,2,01924 247360,_:n9d15271fbd1347fab9dc8a4b69004847xb0 | <https://www.creativetourist.com/venue/hepworth-wakefield/#venue>
01924832631,2,01924 832631,_:na1d80bcfbf714333bbc33e6c40ba36e9xb0 | <https://www.creativetourist.com/venue/yorkshire-sculpture-park/#venue>
019690020,2,019690020,_:nf74dfc1ab98347dfbd761c8b4909da41xb0 | _:n7f2380ab3c0d44ed85d88692bac973e7xb0
01993822178,2,01993 822178,_:node1ifd6tl28x22711996 | _:node1ifd0ri8fx31536684
0205200400,2,020   52 00 400,_:n370d39b519d64ba9a4bd0a7fd179bcdcxb0 | _:n11e874ffd4cf4f3baeab6bf39e6f8945xb0
0206268168,2,020 - 62 68 168,_:n608828249414475598df0e183b100e5fxb0 | _:n3965cfea585749bc886b010396caa99fxb0
0206381938,2,020 6381938,_:nfa02076594554bdb80c195983cf0e3e5xb0 | _:n7ae15c8dd59d47c0a4a316cf10de5f75xb0
02072847384,2,020 7284 7384,_:node1iff0qnspx16698984 | _:ne91145dbb19e46598c6d62b5972036c7xb0
02078878888,2,020 7887 8888,_:ncbdf991fd74d47d288a2752504d4e3edxb0 | _:node1ifd0kc4ax2248857
02079396961,2,020 7939 6961,_:na8061d805ebd46fb9c10b5357c44ca5dxb1 | _:n244a62b3712f4cf3a7d6f3038b72124exb1
02079422000,2,020 7942 2000,_:n136d6fb2248a42abb2fb6917f003445exb0 | _:na2f577fbabd64d51b5e1047460ab0359xb0
02083481286,2,020 8348 1286,_:n495d177f0a7a458abf4eb6a581b9fbccxb0 | _:n70e34bd7cfb143df97e13bdad217d692xb0
02089835200,2,020 8983 5200,_:n72d60b68a5ae4778a092ab3a657d159bxb0 | _:node1ifd0kjmox2273593
0226313807,2,0226   313 807,_:na692382ec0d04d57a5201f2712ed9929xb0 | _:n081282dd4f6b46cf9bd6ecdf4b710cd8xb0
0226351111,2,0226-351111,_:node1ife8icrbx27018051 | _:node1ife8icrbx27018134
0229214001,2,0229 21 40 01,_:n2dea0f86d67e4b45abb2a6539304aaebxb0 | _:n4ecfc3f4b1b9496db882fe6f03826280xb0
0249519981,2,02 49519981,_:nbc6eab54a4814977b4f0ea44a4753eabxb0 | _:n38aaabf755a94ef39df7dc94286875ffxb0
0255538007,2,0255 538007,_:n10a9320b0591498ba6c0fe99a34222d4xb0 | _:n145fad17e20048a88ad4cee0ed9b202exb0
0262702800,2,(02) 6270 2800,_:n0d3f4560af684ffe9a98afa10ed6b980xb0 | _:node1ifeffe11x9608688
0262722902,2,(02) 6272 2902,_:n8b33d70285084bdb85d145f167679d4fxb0 | _:nc5dc77064e6146338febab947bcbfecbxb0
0263576111,2,026 35 76 111,_:nce12c2ccd3be4e7c98d194926ca431f4xb0 | _:ncaa2e8659d61449599481d0a3f232b88xb0
0263644645,2, 026  364 46 45,_:n00a708536670426f8a805822479315f4xb0 | _:n1f9946e278a14a0e8cd411ff895348eaxb0
0264435068,2,026 443 50 68,_:n55cfc57c44704a8cab3e6a35f3fc262axb0 | _:n207ad5a76eeb4c39bbc0c67a2b4c0a8axb0
026619809800,2,02661-9809800,_:nbdc52b58620b44b0b7e9d0b38bc70dfaxb0 | _:n0ce5776d08084ea5a98ab25c04c6bd59xb0
02884459430288445947,2,0288445943 - 0288445947  ,_:n53eda972378949008e05a7df67c0d29dxb0 | _:n9743da8e9bcc44aca53fde42acc2645axb0
0288463733,2,02.88463733,_:n6efee27e90db4a98a4807588cd3310bbxb0 | _:n742cb557e22e4edfa0ce3db835d524d1xb0
0292408680,2,(02) 9240 8680 | 02 9240 8680,_:n09c690cfb24046daa0b2a273d5b17a13xb0 | _:node1ifed7bnbx5160051
0292833799,2,02 9283 3799,_:node1ifdfuh50x2632310 | _:node1ifdnmbo0x24983181
0293206000,2,(02) 9320 6000 | 02 9320 6000,_:nbb800597bed043c5b47ec592d173cf2fxb0 | _:node1ifelq4j7x2674370
0297322562,2,0297   32 25 62,_:n90509062a7bd4539b27f339f68e5a1fbxb0 | _:ne63e7c95608d4d4cb13b6448350be9a9xb0
0298252500,2,02 98 25 25 00,_:n320e05756f954773b997dca886f2e182xb0 | _:n6de0bc9898ef467cbbb0163f98b87da9xb0
0299369258,2, 0299  36 92 58,_:ne38fc80581d14b8e80df497ea82131bcxb0 | _:n8b8f31497d42400580253cd4eb88c4ecxb0
0299601904,2,0299   60 19 04,_:n594a680174064b9d8217d7310ec42debxb0 | _:n17493126c19645309ad5f25f90f07c57xb0
0305787631,2,0305787631,_:ndeaa414d4b4245acb7f2b8f5fa33b77axb0 | _:ne4e7fe2f502a448b9d56eb73c761aef9xb0
0308321591225,2,030 8321591225,_:n697fd3e4ba25453ba601c82941c136f5xb0 | _:n2cd06903e2fe4a4fb0633753b754e467xb0
0313471410,2,0313   471410,_:ne1a4ec7e0eac4491bce777246b011217xb0 | _:n09c9cf4f42b246348d365578c84674f9xb0
0318591241,2,0318 59 12 41 | 0318 591 241,_:nb3afd450fcc5480b880b3e134b694f33xb0 | _:na4077ae078054fa9bf5237282634e4ddxb0
0320225900,2,0320 225900,_:nc29585f6fa8a41458735a833d8c32672xb0 | _:n5e0a1b7bc61946d0bf6e6662173ee0d3xb0
0328295600,2,0328295600,<https://ville-data.com/musee/Dunkerque-59-59183#L-A-A-C-Lieu-d-Art-et-d-Action-Contemporaine-6> | <https://ville-data.com/musee/Dunkerque-59-59183#Musee-des-Beaux-Arts-13>
0328591918,2,0328591918,<https://ville-data.com/musee/Dunkerque-59-59183#L-Aquarium-de-Dunkerque-2> | <https://ville-data.com/musee/Dunkerque-59-59183#Musee-aquariophile-11>
03300580058,2,033 0058 0058 | 03300 580058,_:node1ifd0tb8tx20149083 | _:nde8e31113a52470ca9e68115ba910e87xb0
0341355485,2,0341  35 54 85,_:nd94fb30515d94b36889a89b1f4f4e748xb0 | _:nc5503a8a9c264cab8c213f928bab5067xb0
0341414468,2,0341 414468,_:n0ef858c405ee4c97bf74c5261f99df7axb0 | _:n5226e7c5d02f490c9aaea36b837bb07fxb0
0346554440,2,0346   554440,_:ne3be2292e0e0400881e6c62b58c0a053xb0 | _:n52560bd3f5c1479a9bde52dbe3605c7fxb0
0348561628,2,0348 561628,_:n28af131bcef34e2f99ec44dbc6f17ba7xb0 | _:n301a2d1d525141659a73c1d8633f9685xb0
0352415700,2,(03) 5241 5700,_:nae3cc28d5a3442c9afbeb305d902c5b2xb0 | _:n6195f653f1cc46aebaed361efd5f37f3xb0
0355393939,2,035 5393939 | 035-5393939,_:n955243d5f93a4d33ae6918ec12f6bc0exb0 | _:node1ife8icrbx27018037
0356292826,2,035 6292826 | 035-6292826,_:node1ife8icrbx27018015 | _:node1ife8icrbx27018138
0363233777,2,(03) 6323 3777,_:n02b99bb4adef464086887cb70395e2b6xb0 | _:node1ifdtqlqrx2384638
0383317361,2,038 3317361 | 038-3317361,_:nc42caf7ae06c49b09be7db276a05e53bxb0 | _:node1ife8icrbx27018005
0383712001,2,0383712001,<https://ville-data.com/musee/Bienville-la-Petite-54-54074#MUSeE-DE-L-ABBe-GReGOIRE-5> | <https://ville-data.com/musee/Bienville-la-Petite-54-54074#VISITE-DU-MUSeE-DE-L-ABBe-GReGOIRE-7>
0393485600,2,03 9348 5600,_:node1ifd3s9llx260302 | _:node1ifduafncx2693429
0402444364,2, 040  244 43 64,_:n072b7162fb09477983aea018052b27f9xb0 | _:n19050ea6dd0842b09ec161278b67686fxb0
0413263431,2, 0413  26 34 31,_:n4b060618e3ce4a7c9e637a5b1667c1a8xb0 | _:nf8f4d9f7ea5741e6aaf575b6f6eb308axb0
04225121,2,0422 5121,_:n5955277f5cb2453d82fe20c1d5cbb4aexb0 | _:nce488635bb8d4771a52ecc1e6b0ab381xb0
0422512200,2,0422 512200,_:n523bce8f891c4b22979e7cb3a008d878xb0 | _:n49acf79be8f64a7788fd059ccf011fccxb0
0434502616,2,043 450 2616,_:n46369962c95e4a6ba7693214b388b1f7xb0 | _:n4da48685ca7841a28c532c06f8f89282xb0
0455227272,2,045   5227272,_:n494b2e1d197b47f4a6e556c7d7ffc828xb0 | _:n10540644a27440e18acb65342bc8dd01xb0
045x20135772200,2,(0)45 &#x2013; 577 22 00,_:n2b4c1a2452b54b879d2fadd80dec6804xb0 | _:na19dc51d9153406d9a18dd4cce4fc834xb0
0468761254,2,04 68 76 12 54 | 0468761254,_:n7e4850f59e86462881eefcef6ce6ebedxb0 | <https://ville-data.com/musee/Saint-Denis-11-11339#LA-COOPeRATIVE-MUSeE-CeReS-FRANCO-1>
0468789119,2,04 68 78 91 19 | 0468789119,_:nf317be33738c48c3a75d5d27794ae1b0xb0 | <https://ville-data.com/musee/Saint-Denis-11-11339#EBUROMAGUS--MUSeE-ARCHeOLOGIQUE-9>
0468872776,2,04 68 87 27 76,_:n1b6e26fa009347e789ea0421a9d01dacxb0 | _:nfbebc57b609a4a5fb71593c4dd11448dxb0
0470034211,2,0470034211,<https://ville-data.com/musee/Saint-eloy-les-Mines-63-63338#Musee-Paleontologique-19> | <https://ville-data.com/musee/Saint-eloy-les-Mines-63-63338#Musee-du-chemin-de-fer-de-l-Allier-15>
0470644060,2,0470644060,<https://ville-data.com/musee/Saint-eloy-les-Mines-63-63338#Conservatoire-Musee-agraire-et-artisanal--La-Source-9> | <https://ville-data.com/musee/Saint-eloy-les-Mines-63-63338#Espace-du-patrimoine-salle-du-patrimoine-emile-Male-8>
0473161130,2,0473161130,<https://ville-data.com/musee/Clermont-Ferrand-63-63113#Musee-d-Art-Roger-Quillot-8> | <https://ville-data.com/musee/Loubeyrat-63-63198/2/28#Musee-d-Art-Roger-Quillot-22>
0473426970,2,0473426970,<https://ville-data.com/musee/Clermont-Ferrand-63-63113#Musee-d-Archeologie-Bargoin-6> | <https://ville-data.com/musee/Loubeyrat-63-63198/2/28#Musee-d-Archeologie-Bargoin-20>
0473734242,2,0473734242,<https://ville-data.com/musee/Saint-Ignat-63-63362#Musee-departemental-de-la-Ceramique-7> | <https://ville-data.com/musee/puy-de-dome-63-63D#Musee-departemental-de-la-Ceramique-6>
0473919378,2,0473919378,<https://ville-data.com/musee/Clermont-Ferrand-63-63113#Museum-d-Histoire-Naturelle-Henri-Lecoq-7> | <https://ville-data.com/musee/Loubeyrat-63-63198/2/28#Museum-d-Histoire-Naturelle-Henri-Lecoq-21>
0475224005,2,0475224005,<https://ville-data.com/musee/Menglon-26-26178#Musee-d-Histoire-et-d-Archeologie-11> | <https://ville-data.com/musee/Menglon-26-26178#Musee-de-Die-et-du-Diois-2>
0487531976,2, 0487  53 19 76,_:n206e74f5268b4a2ba661915cc68e7dfaxb0 | _:n281772ea0c7e44739fbe20ce8235a705xb0
0492342004,2,0492342004,<https://ville-data.com/musee/Puimoisson-4-04157#Exposition-de-fossiles-9> | <https://ville-data.com/musee/Puimoisson-4-04157#Salle-de-memoire-du-Maquis-Fort-de-France-10>
0492431305492522752,2,0492431305;492522752,<https://ville-data.com/musee/Chabottes-5-05029#Musee-Embrunais-de-la-Charcuterie-19> | <https://ville-data.com/musee/Orcieres-5-05096#Musee-Embrunais-de-la-Charcuterie-9>
0492522752,2,0492522752,<https://ville-data.com/musee/Avancon-5-05011#Musee-Embrunais-de-la-charcuterie-18> | <https://ville-data.com/musee/La-Batie-Neuve-5-05017#Musee-Embrunais-de-la-charcuterie-19>
0492740959,2,0492740959,<https://ville-data.com/musee/Puimoisson-4-04157#Musee-de-Prehistoire-des-Gorges-du-Verdon-8> | <https://ville-data.com/musee/Riez-4-04166#Musee-de-Prehistoire-des-Gorges-du-Verdon-8>
0492746164,2,0492746164,<https://ville-data.com/musee/Puimoisson-4-04157#Visites-guidees-du-Musee-de-la-Faience-1> | <https://ville-data.com/musee/Riez-4-04166#Visites-guidees-du-Musee-de-la-Faience-5>
0492748528,2,0492748528,<https://ville-data.com/musee/Puimoisson-4-04157#Musee-vivant-de-l-abeille-4> | <https://ville-data.com/musee/Riez-4-04166#Musee-vivant-de-l-abeille-4>
0492773802492837689,2,0492773802;492837689,<https://ville-data.com/musee/Puimoisson-4-04157#Ecomusee-de-la-Maison-des-Gorges-du-Verdon-7> | <https://ville-data.com/musee/Riez-4-04166#Ecomusee-de-la-Maison-des-Gorges-du-Verdon-12>
0492780172608339976,2,0492780172||608339976,<https://ville-data.com/musee/Puimoisson-4-04157#Atelier-de-Santons-Truffier--Douzon-14> | <https://ville-data.com/musee/Riez-4-04166#Atelier-de-Santons-Truffier--Douzon-9>
0492875705684627123,2,0492875705;684627123,<https://ville-data.com/musee/Puimoisson-4-04157#Musee-des-Jouets-Anciens-et-des-Metiers-d-Art-16> | <https://ville-data.com/musee/Riez-4-04166#Musee-des-Jouets-Anciens-et-des-Metiers-d-Art-11>
0493590697,2,0493590697,<https://ville-data.com/musee/Tourrettes-sur-Loup-6-06148#Confectionner-son-bouquet-de-violettes-1> | <https://ville-data.com/musee/Tourrettes-sur-Loup-6-06148#Musee-La-Bastide-aux-Violettes-0>
0493604320,2,0493604320,<https://ville-data.com/musee/La-Freissinouse-5-05059#Ecomusee-de-Saint-Auban-18> | <https://ville-data.com/musee/Sigoyer-5-05168#Ecomusee-de-Saint-Auban-17>
0494559020,2,0494559020,<https://ville-data.com/musee/La-Croix-Valmer-83-83048#Enquete-insolite-la-gendarmerie-d-hier-a-aujourd-hui-3> | <https://ville-data.com/musee/La-Croix-Valmer-83-83048#Musee-de-la-Gendarmerie-et-du-Cinema-4>
0494702184,2,0494702184,<https://ville-data.com/musee/Puimoisson-4-04157#Exposition-Un-site-une-histoire-2> | <https://ville-data.com/musee/Riez-4-04166#Exposition-Un-site-une-histoire-3>
0494705114,2,0494705114,<https://ville-data.com/musee/Puimoisson-4-04157#Musee-de-la-Memoire-et-du-Souvenir-17> | <https://ville-data.com/musee/Riez-4-04166#Musee-de-la-Memoire-et-du-Souvenir-10>
0494709917,2,0494709917,<https://ville-data.com/musee/Puimoisson-4-04157#Musee-des-tourneurs-sur-bois-5> | <https://ville-data.com/musee/Riez-4-04166#Musee-des-tourneurs-sur-bois-7>
0494842189679120767,2,0494842189;679120767,<https://ville-data.com/musee/Puimoisson-4-04157#L-Art-en-jouet-6> | <https://ville-data.com/musee/Riez-4-04166#L-Art-en-jouet-6>
0497515649,2,0497   51 56 49,_:n77696fa4a0b34a098aefa4bea192328axb0 | _:n99f78cf88004475caee4e180204879c7xb0
0503095818,2,050  309 58 18,_:n3c1451c0bb58494b9197213eb45cf2b7xb0 | _:n7be4ee33bc824b9fa02cab5d066c78bcxb0
051225583,2,051225583,_:n70c605e6ea5945b3a2d74c3382b640d5xb0 | _:n779b937ecd1246e493f20045799e196dxb0
0512757711,2,0512757711,_:n620ba24e79c04bfba87a46c12329f322xb0 | _:naa681e7480f74ae9a9d684c9d9d556f1xb0
0516145512,2,0516145512,_:n20b84db6add84905b33a22197e8f2e05xb0 | _:n517bff07f4b541a48bb65c34e148bd2bxb0
0516356611,2,0516356611,_:n2e2ff52390c34f019c6da954f7303696xb0 | _:n68e6c4d8168e469f8f55f5fb00dedb9dxb0
0516413343,2,0516413343,_:n285372aa06474469974ffb942e62339dxb0 | _:ne4feed27f1774ce192a714a76c746067xb0
0516496611,2,051 6496611,_:nc4d5f5bdb08245a0b5f173f8bc797f55xb0 | _:n8b1ad9bf4aa44dc996814b4b071b1a1bxb0
0516566210215,2,0516566210-215,_:n73cff1fb5ea0420c8c156b2ba4105093xb0 | _:n3b66d974062241e68c398353326ab521xb0
0519542737,2,0519 542737 | 0519   542737,_:n4c236356ddd0409c8dfdc6a761f2867dxb0 | _:n59b883bc6d58486bbad2f01ce4b7cd29xb0
0521220477,2,0521220477,_:nf2ca8088c70d46f88dcdd0be1714dc79xb0 | _:n2a4f07b93b5d49d4a92570dfdacaca35xb0
0521725980,2,0521 725 980,_:ne201a7d4d09d405ca1e58dc750d20a5exb0 | _:n187a4b4914bc466baba57aa33307d937xb0
0525684220,2,0525 68 4220,_:ne04708e66fd84374abdf1461c6038e87xb0 | _:n27153a5c92794d92b228fade8547c0ffxb0
0525685564,2,0525   685564,_:n00f03ef649d440fcb332e8c1a285532cxb0 | _:nc058a0975742446b87cf6f8615a378f7xb0
0535721516,2,053   572 15 16,_:n3e939b40b5044cc6942183830a509fc3xb0 | _:n3257d6571fe4471aa476e59ac0a0d62fxb0
0547465588,2,(0547) 46-5588,_:n13e0db9f514d49489005dee2992a3bd4xb0 | _:nfe8129dc916e4ea8b141c4d2f4b0e3cfxb0
0553028022,2,0553028022,<https://ville-data.com/musee/Lisle-24-24243#2000-ans-d-histoire-16> | <https://ville-data.com/musee/Lisle-24-24243#epoque-gallo-romaine-de-Vesunna-a-la-Cite-17>
0553531063,2,0553531063,<https://ville-data.com/musee/Lisle-24-24243#Ville-de-Perigueux-18> | <https://ville-data.com/musee/Lisle-24-24243#Visite-des-toits-de-la-cathedrale-Saint-Front-15>
0553911198,2,0553911198,<https://ville-data.com/musee/Lisle-24-24243#Musee-de-la-Ferblanterie-7> | <https://ville-data.com/musee/Lisle-24-24243#Musee-des-Records-6>
0561805757,2,0561805757,<https://ville-data.com/musee/Saint-Denis-11-11339#LE-RESERVOIR-ESPACE-DECOUVERTE-DU-CANAL-DU-MIDI-10> | <https://ville-data.com/musee/Saint-Denis-11-11339#Musee-Le-Reservoir-Espace-decouverte-du-Canal-du-Midi-11>
0561883179,2,05 61 88 31 79,_:n2a4e7c348fb94c0e812ec643ef160d79xb0 | _:n91d4a4b7647544ae91ef223049d24a5dxb0
0562057479,2,05 62 05 74 79,_:ne2413b55ca674e3db3a6d1e7fabb80e7xb0 | _:n83397118a0964ab5b4f2142d0a496109xb0
0563371229,2,0563371229,<https://ville-data.com/musee/Viane-81-81314#Le-conservatoire-du-Presbytere-de-Tastavy-10> | <https://ville-data.com/musee/Viane-81-81314#Musee-de-la-vie-paysanne-en-Haut-Languedoc-13>
0563375266,2,0563375266,<https://ville-data.com/musee/Saint-Denis-11-11339#MUSEE-DU-VERRE-YVES-BLAQUIERE-8> | <https://ville-data.com/musee/Saint-Denis-11-11339#Musee-du-Verre-7>
0563406565,2,05 63 40 65 65,_:neb011cb1f8f54dc1a0799d6b62b0f996xb0 | _:n7993bfeb6a8b4ce7a1fa26b05fb7b429xb0
0563410381,2,05 63 41 03 81,_:n4c53758bcba34413ae8012a904b76f58xb0 | _:n145b6f472c214d43a28655f9e83ec13bxb0
0563615656,2,0563615656,<https://ville-data.com/musee/Saint-Denis-11-11339#MAISON-DES-MeMOIRES-ET-MUSeE-DU-CATHARISME-15> | <https://ville-data.com/musee/Saint-Denis-11-11339#Musee-du-Catharisme-13>
0563653961,2,05 63 65 39 61,_:nbcb6fb175fbb451c9e1f09ea7d66bbf2xb0 | _:n608f89b399e3468db819534f52d0885cxb0
0565373003,2,05 65 37 30 03,_:n2f90ca90c03645d19b8285489676ad76xb0 | _:n592295f23d5d40b9a835b892915384daxb0
0565454437,2,05 65 45 44 37,_:n8fbf9ec3c0d64aa080fcae1ccdb43671xb0 | _:nf452406ec93e4cb3815f543290c1c318xb0
0565503108,2,05 65 50 31 08,_:n5a4af9c162724e07a6a1af4fc4d1245fxb0 | _:n566a1656ee474e11b01a19c92f38dc83xb0
0565742355,2,05 65 74 23 55,_:n825307c56236451eaea2d0d2e8e9554dxb0 | _:n45cee18d87e741aa938c1d41f53d3dc2xb0
0565999797672956018,2,0565999797;672956018,<https://ville-data.com/musee/Viane-81-81314#Construction-insolite-5> | <https://ville-data.com/musee/Viane-81-81314#Musee-des-Arts-Buissonniers-6>
05711735135,2,0571 1735135,_:n83fe5644716244f18d7f7b6dc781bbcexb0 | _:n7b668b9fd5b047f0b5b1bd50ed4d696fxb0
0582555502,2,058   2555502,_:n3198f75a613146828ccba989a3e324d5xb0 | _:ncb5ed8ca4d4b4029a8323ad634992269xb0
0587310057,2,0587310057,<https://ville-data.com/musee/Rosiers-d-egletons-19-19176#Apero-Art-et-Histoire--Une-aventure-rocambolesque--17> | <https://ville-data.com/musee/Rosiers-d-egletons-19-19176#Apero-Art-et-Histoire-Il-y-a-2000-ans-en-Haute-Correze-12>
0587310057587310057,2,0587310057;587310057,<https://ville-data.com/musee/Rosiers-d-egletons-19-19176#Les-Apero-Art-et-Histoire-a-Sarran-2> | <https://ville-data.com/musee/Rosiers-d-egletons-19-19176#Pays-d-art-et-d-histoire-16>
0593592600,2,0593   59 26 00,_:ndcad2f6c8378426aba9b0a04f5d0522fxb0 | _:n9b1ecbd3eabb46a3bfe73ae8c42b18b8xb0
0596632277,2,0596 63 22 77,_:ne8611ff5402b4519b4d62283aac52c23xb0 | _:nb30ba25bab0a46f38f23b261aadd6523xb0
0598364224,2,0598   36 42 24 | 0598-364224,_:n8dfb22a135554081974241c03e2f9e33xb0 | _:node1ife8icrbx27018033
0611063000,2,06 11063000 ,_:n471f061b63bb43bdb6353bd7bada8467xb0 | _:n299391bb14fe47489d1815a0d721fb03xb0
06114110141,2,0611-4110141,_:n6108e676b6a9420297b25b815d4d28b3xb0 | _:na2c7c5274220451895f63f7d326215e6xb0
0628142478674723388,2,0628142478||674723388,<https://ville-data.com/musee/Puimoisson-4-04157#Musee-de-Villeneuve-Ferme-jusqu-a-nouvel-ordre--12> | <https://ville-data.com/musee/Riez-4-04166#Musee-de-Villeneuve-Ferme-jusqu-a-nouvel-ordre--13>
0630494685,2,06 3049 4685,_:n5c521c50577c4b0aa81c091330ff8965xb0 | _:n7525cd69bae64530ab48f531edb63922xb0
0634976543,2,06 34976543,_:n12f3d3ec0dcc4521b9b7604257b07b56xb0 | _:n1b2f3596e71a43ceb6512ada9bdb13d5xb0
0647194000,2,06471-94000,_:n51a76c75055741eebf55548db89c1b12xb0 | _:n4c7bfd18e423484ca2d0931319275b8dxb0
064826075588,2,06482-6075588,_:n012543e408b549eead29f5414888b6bbxb0 | _:naab3a5f75eaa4115bb29d5030832b1fdxb0
0648691790,2,06486-91790,_:n3470a2f342b141729a024decba3ff667xb0 | _:n984da29aa4e54265988aad7eb29080d4xb0
0664100588,2,0664100588,<https://ville-data.com/musee/Puimoisson-4-04157#ecomusee-l-Olivier-15> | <https://ville-data.com/musee/Riez-4-04166#ecomusee-l-Olivier-14>
066784350,2,06 6784350,_:n0d09d8caaa744bdf87e1607e8f4759ccxb0 | _:n2883aff1ef8a4218b3fedd37d7b99eecxb0
066797323,2,066797323,_:n7b79394f0b3a4703a76681994a949188xb0 | _:naab02762a27d4d0fbbcd15b74397f3bfxb0
0668809035,2, 06 68 809035,_:n942d59af9be8442d9157fa334824caf2xb0 | _:n0676aee8cfc24160b19def035230c0fcxb0
0672249217,2,06722-49217,_:n0d36d034c89646758efedbf0d1421321xb0 | _:n6a765f2bdabd43c8a00f22aae4e885e6xb0
06774400,2,06774-400,_:n95a622f7e3d6413f9fb968eb668a0725xb0 | _:n14a5f2ac9ce74fcbbd9e779f5454d075xb0
0680007773,2,0680007773,<https://ville-data.com/musee/Creuzier-le-Neuf-3-03093#Musee-du-jouet-15> | <https://ville-data.com/musee/Saint-Ignat-63-63362#Musee-du-jouet-10>
0681461041,2,0681461041,<https://ville-data.com/musee/La-Freissinouse-5-05059#Musee-auto-moto-l-Estanco-17> | <https://ville-data.com/musee/Sigoyer-5-05168#Musee-auto-moto-l-Estanco-7>
0691146500,2,0691146500,_:nec3bd077f28e46d289e949ed495f275dxb0 | _:ndbbe4986199d4f689fc2cbb3cf7c627bxb0
0703339666,2,070   333 9 666,_:n2275e2c61a4a45229e2127dc6c52e5c2xb0 | _:n88badf93e3694373acb8e4bf58b27431xb0
0703381111,2,070 3381111 | 070-3381111,_:n048f444d663949e899252f04a66f92bcxb0 | _:node1ife8icrbx27017661
0703460861,2,070   34 60 861,_:ndfd50ff615f642c5ae9a3dfddb5371b0xb0 | _:n99681edd88a541c296565c76ad6b05c7xb0
0703500830,2,070-3500830,_:node1ife8icrbx27017570 | _:node1ife8icrbx27018192
0703861673,2,070 3861673,_:n16e498918a7d46e0b17fb8ddf3da0666xb0 | _:nc605dbdd5ff64092855f8b3ae2e133f5xb0
0703903617,2,070 3903617 | 070-3903617,_:ncec607598cf94607b6ead3cf4cc53a8axb0 | _:node1ife8icrbx27018120
0713617884,2,071 3617884,_:nee4ffbd7b4564f178529a28098f2c857xb0 | _:n72ecb5895e544ae2b0a04d58157112a5xb0
0715616242,2,071  5616242,_:n4553df18f4e543cd83494b4c19b5bc44xb0 | _:n40d9c683bc5e4b06a6e2b314c16d4c1exb0
0721387541,2,0721 387 541,_:n0a231ba415ba4b98adfbd17b67dabe45xb0 | _:nb0d40ea547e342bda6aeca7cd7a06449xb0
07222760,2,0722 2760,_:nc89915de27704dc08d08a62a542d0d5bxb0 | _:na57db8a2634c4fe28e371d49ed8dbf98xb0
0725489789,2,072 5489789,_:na89af6ee7736445fbcf8c529b92af6eexb0 | _:n9b8e969593194b559c037ac61503d845xb0
0734217140,2,0734 217140  | 0734 217140,_:nf3c5e57c837043e4b7706d5679717564xb0 | _:n4e59a468b550423e82edeb6de26b07e9xb0
0740317794,2,(07) 4031 7794,_:n5c548ba7fd014a278c036b7d7a6715ebxb0 | _:n7a6b2e7c907147f586cd01cb8594f73dxb0
0755884000,2,(07) 5588 4000,_:n551b50e92c0144808d6f2847e319a188xb0 | _:node1ifdua93mx2316774
0756810000,2,075 681 0000,_:n0ab81ece74244505a62525fccc3326d1xb0 | _:n9023e79d70144dadaf3a43468d301184xb0
075828350,2,07582 -8350,_:n067fdcb3da534002b632b10603830498xb0 | _:n455870ed92334c8a86b398515a956151xb0
0761727466,2,0761-72-7466,_:node1iffo3m89x5052830 | _:node1iffkp78cx12524577
0768537758,2,0768537758,<https://ville-data.com/musee/Puimoisson-4-04157#Atelier-Musee-Lallier-0> | <https://ville-data.com/musee/Riez-4-04166#Atelier-Musee-Lallier-2>
0782679273,2,0782679273,<https://ville-data.com/musee/Puimoisson-4-04157#Musee-de-la-Lavande-3> | <https://ville-data.com/musee/Riez-4-04166#Musee-de-la-Lavande-1>
08022352828,2,080 2235 2828,_:node1iffa4t37x14559658 | _:node1iffm97f9x12289042
08118191601,2,081 18191601,_:n558da356115646a1b1d3e3c84f9a999dxb0 | _:n4fe7c741f8d240d8b81a49c369c1b0fcxb0
08119565703,2,081 19565703,_:n309557f2cfc840b79934b9a172f6209fxb0 | _:n5d559c5a71064b5d8d0b6eb0d2a91ee0xb0
081203175,2,081203175,_:n40d4d86c4f264d9495a61efddc222738xb0 | _:n26c33d79bb6b488f8632e61cef2a1cd2xb0
081426543,2,081426543 ,_:n5db46e52e4524638b6ff27c7891d6377xb0 | _:n6271239f198845f482b3b7c3985d4217xb0
0815518470,2,081 5518470,_:nff877bb42ac944e9975de21761821410xb0 | _:ne9403bdd876f4e4a9f81ce16c8bbec6dxb0
0815571365,2,081 5571365,_:n5bec21345e924772af4c4616a709aa0axb0 | _:n3b6029c282b74a65af52ee00afc9c996xb0
0817958605,2,081 7958605,_:n57e8801456a54b908947cf8e2c9086fexb0 | _:nd4fd95f51ea34c1ab81614c96bea6b8dxb0
08218100150,2,0821/81001-50,_:node1ife5c26sx27964754 | _:node1ifdq5n77x25939183
08231606260,2,08231/606260,_:node1ifdtq23ox42596287 | _:node1ifed7e8kx8337973
0832294253294252,2,0832.294253/294252,_:n2c98aa5b233f407591d47d1ff7622c49xb0 | _:n09ce6a37acc84a8abef4457d56076087xb0
08331924715,2,08331/924715 | 08331 - 924715,_:node1ife670cmx23391919 | _:node1ifdvb30dx1025425
08413051885,2,0841/3051885,_:node1ifdtq5u1x3560791 | _:node1ifgj79mmx14927592
08448563797,2,0844 856 3797 | 08448563797,_:node1ifd0kkm5x2264593 | <https://www.creativetourist.com/venue/national-science-and-media-museum/#venue>
0850409971,2,085 040 9971,_:na81c58b34ec84e8aaea6b1ac4b19ce92xb0 | _:nfbf212d7aec2442c9ab39774ea0543aaxb0
08638959308,2,08638/959308 | 08638/ 959308,_:node1ife5bsgdx1026776 | _:node1ifduaaijx1013807
089179080,2,089/17908-0,_:node1ife7vr6sx13580034 | _:node1ife3rggox3424727
0899271323,2,(08) 9927 1323,_:node1ifdvgcnlx7264068 | _:node1ifdvelnsx7134592
091198205464,2,0911 98 205 464,_:node1ife672m9x25967799 | _:node1ifdsq2hgx5958230
09127579788,2,09127/579788,_:node1ife5bqoex5972762 | _:node1ifdsuojex3471435
091328060,2,091 328060,_:n1df2fa54186a475881173169f5ab9f66xb0 | _:n9c3b1e9d425c44cb955e75242954dbadxb0
0916116807,2,0916116807,_:n456077036c93453ea53c27c8921c7a72xb0 | _:n42ca67160506428a8e0e0010fe51719cxb0
0917407633,2,091 7407633 ,_:n86fb7683efad4d7cb0b83d777bb5e4ccxb0 | _:n0085bb4c7f8b435086ad9407f36c103bxb0
0917657621,2,091.7657621 ,_:nc695db43f5214586b0940c906717c4abxb0 | _:nedbe3d3582ac46acbcecf3c9336401acxb0
0922180514,2,09221/805-14,_:node1ife77b80x16085672 | _:node1ifdq5k8gx20785399
0931355170,2,0931/35517-0,_:node1ifgbvcbix4453941 | _:node1ifdq5sh3x10729565
09441682070,2,09441/68207-0,_:node1ife30p2hx1008280 | _:node1ifdsq01cx8465485
0951519390,2,0951/51939-0,_:node1ifdmh3anx18330627 | _:node1ifdvb4akx11102846
0951871816,2,0951/87 1816,_:node1ifdmte4qx20909200 | _:node1ifdvmh42x1045482
095618790,2,09561/8790,_:node1ifdn1j4hx58149650 | _:node1ifdmt7k8x23239465
0967392210,2,09673/9221-0,_:node1ifehbd9vx3486579 | _:node1ifdvb4akx13477737
0970870418820,2,09708/704188-20,_:node1ifdssft1x5921524 | _:node1ifd6t9ebx15602222
09819538390,2,0981/953839-0,_:node1ifdq5q41x11046074 | _:node1ifdvb79ax6104624
0994140032150,2,09941/40032150,_:node1ifdmte4qx20772821 | _:node1ifdvi584x3624776
12129828420,2,1 212 982 8420,_:node1iffcqj60x2476319 | _:node1ifef1fl1x38533000
1300134081,2,1300 134 081,_:n595899df2ec34081b7f8977d6962ffeaxb0 | _:node1ifduaaijx5101954
13038324092,2,1 303 832 4092,_:node1ifec7p6kx9756874 | _:node1ifec3t51x13348198
13053735437,2,1 305 373 5437,_:node1ife670cmx7644873 | _:node1ifencamgx1067881
13053751621,2,+1 305-375-1621,_:node1ifeva07px22413999 | _:node1ife3r63lx5736099
13104407300,2,+1 310-440-7300,_:node1iff9tjgjx7421915 | _:node1iffaao4bx11021233
16123417555,2,1 612 341 7555,_:node1ife7vpunx30087794 | _:node1ife5bsgdx20841104
18002337777,2,1800 233 7777,_:node1ife7qssix26484113 | _:node1ifec3t51x17104777
18082443326,2,+1 808 244 3326,_:node1ifevbu37x17089880 | _:node1ifd0kpegx20795739
2087874300,2,(208) 787-4300,_:nab9f4cf6aa344d2fa48bf80c4166b441xb0 | _:n443ac7e49ae043c78cbd739f00f00673xb0
2127695100,2,(212) 769-5100,_:n8d9b97df0c5043e9873bda0e14f2a5e2xb0 | _:node1iffivf7ix4743407
2299345282,2,229 934 52 82 | 229 934 5282,<https://sic.gob.mx/ficha.php?table=museo&table_id=1116> | <https://sic.gob.mx/ficha.php?table=museo&table_id=679>
249130375,2,249130375,_:node1ife5c908x18987292 | _:node1ifehbmvsx20067084
2514324722,2,(251) 432-4722,_:nc1ec7c23f0874add9fea415c0b1c3396xb0 | _:n7ab9b2d2fe2146829b413004ea4b2c3fxb0
2975847090,2,+297-584-7090,_:n6d3eee657f7642f3960a45295bdb8312xb0 | _:nfef762d5f4754a16a3c55947caffdaa4xb0
2975885199,2,+297-588-5199,_:nf273fab992e3407885bb097eb84624d1xb0 | _:n3b4e593de06448b999687b52987df28dxb0
310355393939,2,+31(0)35 539 39 39,_:node1ife8icrbx27016709 | _:node1ifenca12x17043096
310493322930,2,+31(0)493 322 930,_:node1ife8icrbx27016723 | _:node1ifenca12x17043110
310575474317,2,+31(0)575 474 317,_:node1ife8icrbx27016703 | _:node1ifenca12x17043090
31703023456,2,+31 70 302 3456 | +31 70 3023456,_:node1ifd0ri8fx17699468 | _:node1ife0csqvx3434236
31704277730,2,+31 70 427 7730,_:node1ifec7iq7x10017818 | _:node1ifd0kd5hx32907147
3177766000,2,(317) 776-6000,_:node1ifdmt7k8x36962804 | _:n343f72cfa51e4950b8636e4c70c5e42dxb0
3187419264,2,(318) 741-9264,_:n746034661d64403da9d1e3e8cef942b4xb0 | _:n7de4b73ca3e341ff881a404511c5960dxb0
32003281611073,2,+32 (0)03281611073,_:node1ifekm4ugx8355493 | _:node1ifelqf22x1021198
32019324930,2,+32 (0)1 932 49 30,_:node1ifdfphh0x6005168 | _:node1ifdvmh42x10863444
32022794383,2,+32 (0)2 279 43 83,_:node1iffedhimx13410773 | _:node1ifdbnh6jx8423798
32023572860,2,+32 (0)2 357 28 60,_:node1ifd4ptf1x28509046 | _:node1iffm9ap3x1039562
32025083211,2,+32 (0)2 508 32 11,_:n6863db8528a94e78b6a861897457139axb0 | _:nda28f512d98a44578cffd5158efb3022xb0
32027377811,2,+32 (0)2 737 78 11,_:node1ifd45j53x28636986 | _:node1ifdfu8s6x1043240
32042223295,2,+32 (0)4 222 32 95,_:node1ifdvcpbmx13237337 | _:node1ifd4r62bx10661383
32042385501,2,+32 (0)4 238 55 01,_:node1ifdvi584x18339044 | _:node1ifd6l9tmx20296430
32042869279,2,+32 (0)4 286 92 79,_:node1ife4g761x978239 | _:node1ife5c4iox13537111
32043874333,2,+32 (0)4 387 43 33,_:node1ifefavmvx23376920 | _:node1ifdcf2mux13564804
320493433092,2,+32 (0)493433092,_:node1ifduaedcx15451831 | _:node1iffedh9hx3541350
32056860466,2,+32 (0)5 686 04 66,_:node1iffllodgx1023629 | _:node1ifdllgvcx38371941
32063570315,2,+32 (0)6 357 03 15,_:node1ife0chh7x6062369 | _:node1ifdgf1p8x6052787
32067882280,2,+32 (0)6 788 22 80,_:node1ifd6tl28x20726019 | _:node1ife3r06vx5917841
32069224069,2,+32 (0)6 922 40 69,_:node1ifdq5sh3x23507705 | _:node1ifgj8gjux3561760
32069234285,2,+32 (0)6 923 42 85,_:node1ifdq5sh3x23507706 | _:node1ifd0kcn7x44791358
32069332343,2,+32 (0)6 933 23 43,_:node1ifenc4gqx1043710 | _:node1ifd6l9tmx20457560
32069354545,2,+32 (0)6 935 45 45,_:node1ifd2lvugx16466748 | _:node1ife30p2hx3303121
32071818313,2,+32 (0)7 181 83 13,_:node1ifflsiv4x1050954 | _:node1ifdsq2hgx15915872
32081745324,2,+32 (0)8 174 53 24,_:node1ifd7fkalx3561877 | _:node1ifdbjul8x10925537
32081840200,2,+32 (0)8 184 02 00,_:node1ifebbtbax36956673 | _:node1iffhed22x3661411
32084327060,2,+32 (0)8 432 70 60,_:node1ifdegna5x3471441 | _:node1ifelpqu5x3405279
32085211378,2,+32 (0)8 521 13 78,_:node1ife7707hx44970897 | _:node1ife4fukcx991464
32085314286,2,+32 (0)8 531 42 86,_:node1ifd4qmj1x10945608 | _:node1ifd6l59kx23074900
32085824400,2,+32 (0)8 582 44 00,_:node1ifdsq2hgx15815882 | _:node1ifflg8t6x1101516
32086210219,2,+32 (0)8 621 02 19,_:node1ifebqpjfx26959877 | _:node1ifdnm0pgx42075419
32087331695,2,+32 (0)8 733 16 95,_:node1ifgj8gjux3561783 | _:node1ifed7dhsx23872222
32087771838,2,+32 (0)8 777 18 38,_:node1ifd4r8bax28739806 | _:node1ifelq7k7x3639758
3212361534,2,(321) 236-1534,_:ne8dfd5450c37427d88222cc9e80e386fxb0 | _:n960f9440833645d09d29a186ebd39b62xb0
3223842424,2,3223842424,_:node1ife0csqvx8456056 | _:node1iffidhuax8706510
330490861618,2,+ 33 (0) 490 86 16 18,_:node1ifd2m99hx2030418 | _:node1ifd460htx7355680
33145621159,2,+33 1 45 62 11 59,_:node1iffkp78cx2544231 | _:node1ifdssft1x5985311
33156617000,2,+33 156617000 | +33 1 56 61 70 00,_:node1ifd0kntpx24736832 | _:node1ifd8tb9rx961939
33241053800,2,+33 2 41 05 38 00,_:ne3ab64dc29664401aa86dbb754074c19xb0 | _:n65286f55e41f46ef90a219d59ce5d864xb0
3336148487,2,33 3614 8487,<https://sic.gob.mx/ficha.php?table=museo&table_id=1083> | <https://sic.gob.mx/ficha.php?table=museo&table_id=1569>
33428400035,2,+33428400035,_:ne64a310cc5cc4ff89ecc9ab3214fad0dxb0 | _:n42c18b101d354644ad2fb0926acb4d04xb0
33466303655,2,+33466303655,_:nc86a70d7e2de45c5b6f0cd0e1476169bxb0 | _:n67c0fa81930c42a9b445c5ec8530474fxb0
33466456525,2,+33466456525,_:n118967a6277d48d9bf2448c837a2bc1bxb0 | _:n4375d0ae5331452c9e62ed6b95fde529xb0
33475043726,2,+33475043726,_:ncc2857b053eb40518a2e9ff0aca4a757xb0 | _:na75a8f98ba8d4785b796e658c1ad9c29xb0
33475495921,2,+33475495921,_:n1b23e7514ed743b08c517e7bca82596fxb0 | _:n7f041981d428412b9ff5357ba5142201xb0
33475508051,2,+33475508051,_:n57195f05874642779f6616b145c5be49xb0 | _:n89ffa102c07a4918a66fe017cdc89123xb0
33475510135,2,+33475510135,_:n560883122781455890c3df6dcbd3dee7xb0 | _:n1df979056f1d4822ac802f697f4da6fbxb0
33475537949,2,+33475537949,_:nea9eb304a0674da9a409252249abbb88xb0 | _:n4fb8b0a07bc5453ca8ce078b0214021axb0
33476347823,2,+33476347823,_:n7e485d9bd6944d31a36b251d04fae9f5xb0 | _:n3f6ecdfe21194022a62facceb8cd79a9xb0
33476348828,2,+33476348828,_:ndc4d8c2626464e95a7a1bf1a6d25ac60xb0 | _:nf091f474d1d1405297723b1727891b2fxb0
33491393333,2,+33 491393333,_:node1ifei8bs1x50247 | _:node1ifdq5sh3x16001317
33491904222,2,33 4 91 90 42 22,_:node1ife06fbbx55209 | _:node1ifduan22x13207968
3386620595,2,3386620595,_:nae4fca36ab04427fbcefd45e8dd3cb8cxb0 | _:n4241e444de1f49f78b55d23db0362dfbxb0
34902303131,2,(+34) 902 303 131 |  (+34) 902 303 131,_:node1ifencembx7482550 | _:n3fa474529e834f319bfdf5eb31359891xb0
34902760511,2,+34 902 76 05 11,_:node1ifgj76flx14490634 | _:node1ifebf7f9x11144924
34934841700,2,+34 934841700,_:node1ife5buqmx31013398 | _:node1ifduan22x11058336
34937972732,2,+34 937972732,_:node1ifencalmx16522885 | _:node1ifdt2f7fx12365406
34958180079,2,+34 958 18 00 79,_:n8023ea5e451340ef846247a1098cfe0fxb0 | _:nbf3659b29e57411294f18a88c35a1ff0xb0
34958575757,2,+34 958 575 757,_:n91da563a10e64453916a4a8fbaedeecexb0 | _:n1baed4c586454fcaa183cbaa8b250c39xb0
3498687335,2,3498687335,_:nce36c3ea9a7d4200b2f92ef4055d85ecxb0 | _:n96f80dfbc622435ca95613e4983b1045xb0
351223403000058,2,+351 223403000/058,_:node1iff53ok5x2447459 | _:node1ifdllgvcx13325419
351272337394,2,(+351) 272 337 394,_:node1ifencembx5036370 | _:node1ifeepsd0x3742779
353xxxxxxxxx,2,353 XXXXXXXXX,_:node1ifdnmbo0x27932247 | _:node1ifdq5od6x11254788
35929590939,2,+359 2 959 0939,_:node1ifelq318x2542173 | _:node1ifevbu37x35294086
35929884922,2,+359 2 988 4922,_:node1iff6qi48x33967091 | _:node1ife4k0dvx56550996
35932633106,2,+359 32 633 106,_:node1ife3r8gux47436158 | _:node1ifeu97v0x30260443
3612500288,2,+36 1 2500288,_:node1ifdse5s8x47846 | _:node1ifdn1klpx2528037
37031351024,2,+370 313 51024,_:node1ifdgf1p8x1212884 | _:node1ifedbsuhx3788281
37034557451,2,+370 (345) 5 74 51,_:node1iffqq80ox16280249 | _:node1ifehbqm4x28866070
37037207477,2,+370 37 207 477,_:node1iffviebvx6291882 | _:node1ifdse5s8x3531865
37037222371,2,+370 37 222 371,_:node1ife670cmx23570484 | _:node1ifdmtdo5x18464159
37037222853,2,+370 37 222853,_:node1iferln98x1261503 | _:node1ifdrt85bx6199040
37037373606,2,+370 37 373 606 ,_:node1ifed8ac0x3825130 | _:node1ife5bsgdx8622903
37037730474,2,+370 37 730474,_:node1ife674tkx23905921 | _:node1ife5c3vgx11300422
37052314437,2,+370 (5) 231 44 37,_:node1iff0qo73x6150456 | _:node1ifenc83gx11013847
37052617453,2,+370 5261 7453,_:node1iffukeudx6187572 | _:node1ifdvb10ix3647265
37052791644,2,+370 (5) 279 16 44,_:node1ife3r8gux28486390 | _:node1ifdsq30fx3630038
37052796346,2,+370  5  279 63 46,_:node1iffv10oix3918387 | _:node1ife4k0dvx13461566
37060565967,2,+370 605 65 967,_:node1ifeepjiox40065972 | _:node1ifduafncx8891363
37061162789,2,+370 611 62 789,_:node1ifepn82nx3834701 | _:node1ifdvcpbmx3684921
37062053365,2,+370 620 53365,_:node1iffsrcinx3731024 | _:node1ife7r1l3x3768261
37067097832,2,+37067097832,_:node1ifernimlx1292856 | _:node1ife5d7pux13789624
37067280767,2,+370 672 807 67,_:node1ifekjgkrx31270266 | _:node1ifdmhr87x18295452
37068227122,2,+37068227122,_:node1ifedcd5ex3824904 | _:node1ifdq5j97x10838474
37068534244,2,+37068534244,_:node1ifernjb9x29515828 | _:node1ifeamff3x21843837
37070664094,2,+370 706 64094,_:node1ifehbi36x21993796 | _:node1ifepn8k5x1337660
381113287242,2,381 11 328 7242,_:node1ifdtq575x9794824 | _:node1iff0ab33x15937541
381113343441,2,381 11 334 3441,_:node1ifedknf2x22419843 | _:node1ifd4pumhx18316592
38113342666,2,381 13 342 666,_:node1ifd0kntpx31815908 | _:node1iffhehenx1018546
38132222169,2,381 32 222 169,_:node1iff0qu5cx14915542 | _:node1ifec16hrx15781364
38514844050,2,+385 1 4844050,_:node1iff48mv8x5941079 | _:node1ifekl083x5918204
38520323172,2,385 20 323 172,_:node1ifdvejvjx57389 | _:node1ifd0kp0tx41050869
38520323242,2,+385 20 323 242 | (+385-20) 32 32 42,_:node1ife5casqx15070516 | _:n63b5e22835054b70aeb56bd0850f21fcxb0
3852325051638523250542,2,385 23 250 516; 385 23 250 542,_:node1iff0ab33x14665828 | _:node1ifei7b0bx6165064
38549587888,2,385 49 587 888,_:node1ifedknf2x29796344 | _:node1ife30p2hx49397006
386028450914,2,+386 (0)2 845 09 14,_:n5d8260d9077e47adb2e914dc198d999dxb0 | _:na9dd86104dc5497b804e32304ac2a36bxb0
38617291003,2,+386 1 729 10 03,_:node1ife5c49ax15947473 | _:node1iffm9ggox53969
38617506670,2,+386 1 750 66 70,_:node1ifernjrsx3609236 | _:node1ifd6t5j6x30863039
38617881006,2,+386 1 788 10 06,_:node1ifebbp8ax56130 | _:node1iff0qu5cx20835397
38618317647,2,+386 1 8317 647,_:node1ifdq5j97x22030601 | _:node1iff66lscx20009427
38618350376,2,+386 1 835 03 76,_:node1ifed7dhsx28140660 | _:node1ifdua6lnx5959942
38618950303,2,+386 1 895 03 03,_:node1ifdvmbv0x7718148 | _:node1ifebbtbax15856254
38624495006,2,+386 2 449 50 06,_:node1ifd0kbnlx8727842 | _:node1ifekv9gpx5886383
38627480360,2,+386 2 748 03 60,_:node1ifd1g577x5232097 | _:node1iff0qr8kx21347921
3862882213138628841283,2,"+386 2 882 21 31, +386 2 884 12 83",_:node1ife8p77mx13360739 | _:node1ifdtq23ox15909390
38634265156,2,+386 3 42 65 156,_:node1iff1ng3kx8391719 | _:node1ifeeqkcax31856
38634286410,2,+386 3 428 64 10,_:node1iff0qm4ux11177889 | _:node1iffidhplx58015
38638984420,2,+386 3 898 44 20,_:node1ifdtq23ox4937218 | _:node1ifeetri3x23435648
38642013983,2,+386 4 201 39 83,_:node1ifd2lvugx14881201 | _:node1iff6gjh0x2468506
38645147356,2,+386 4 514 73 56,_:node1iff53ok5x12257343 | _:node1ifdbc0m0x1050349
38645320520,2,+386 4 532 05 20,_:node1iff9ihi2x1056279 | _:node1ifedknf2x24504967
38645832061,2,+386 4 583 20 61,_:node1ifd0kiurx7517042 | _:node1ife6767sx31347256
38653359811,2,+386 5 335 98 11,_:node1ifd0ri8fx4975466 | _:node1ifdvbajkx12228896
38653726600,2,+386 5 37 26 600,_:node1ifdgo38gx49919 | _:node1iff9io9cx2466915
38656710040,2,+386 5 671 00 40,_:node1ifdvigi6x5892073 | _:node1ife4k0dvx37509487
38674988152,2,+386 7 49 88 152,_:node1ifd0kpegx35430749 | _:node1ifebbkobx19803872
38733239590,2,387 33 239 590,_:node1ifehbqm4x12563627 | _:node1ifekm4rlx1106215
3873531832038735318321,2,387 35 318 320; 387 35 318 321,_:node1ife1b6ikx5104579 | _:node1ifec7p6kx12427752
38753231220,2,387 53 231 220,_:node1ifeetri3x27870127 | _:node1iff1n039x33151127
38761707307,2,387 61 707 307,_:node1ifebqpjfx35975064 | _:node1ife7vpunx23484551
3891091865,2,389 109 1865,_:n6662e7e5bbd743de927fe4b23ced158cxb0 | _:n9f8f4439796d46f4a186edc102038331xb0
390102710250,2,+39 010 2710 250,_:nc3a9b8cd22054097b531e862bc729350xb0 | _:ne9a7549e87e74d048f669133948a8195xb0
390102723820,2,+39 010/2723820,_:n595982bdff6e48dba3f567ca2879f14cxb0 | _:n712f2e70bb9c432896424d054af6bd80xb0
390288445181,2,+39 0288445181,_:n6a38292c1d8d46ec8e38d28b4cc87a0axb0 | _:n77e32e862db7403eb5a54fd9222b7b4axb0
3902900122693902900121,2,+39 02 90012269 / +39 02 900121,_:n0fa8660ac4ac4abdab6b4ecb999f8ebdxb0 | _:n387ec4e9c25a44f091398c42a6b06ea1xb0
390415222247390415200345,2,"+39 041 5222247, +39 041 5200345",_:n912a59c2a7634ec8a746a506a9a87befxb0 | _:nbcd88b88406a44669cb8f959a89d8198xb0
390514209411,2,+39 051 4209411,_:nf0e458b0668544be83ba36c8620dc858xb0 | _:ne2ca70a7a0434a6aa529664d10911366xb0
390516496611,2,+39 0516496611,_:n2dbb68433b4841cdaf8b7a6a0e7a717dxb0 | _:n10c7137fbab74e8b808a713beb584c51xb0
39055486049,2,39 055 486 049 | +39 055 486049,_:node1ifdvbajkx13011858 | _:n437b458a4b814c51971db3d7945b70faxb0
39071202602,2,+39 071 202602,_:na55c48775a1e4b61a19e3f24ec34120fxb0 | _:ndffa179b36be44008ddafa5a104480ffxb0
3907319622,2,+39 0731 9622,_:n7cddb9cb9a3747e5be1b8f1838d3299fxb0 | _:n821520d44d1c4808b30ee14bb166c94bxb0
390733603399,2,+39 0733 603399,_:na8d151f90e7e468f81b576afbc01a686xb0 | _:nd3084aba23a544428f6d6059e620950axb0
3908119349740,2,+39 081 19349740,_:n0493622a95f1466a9252ca5015d478d7xb0 | _:n5876641df2674668be9060fb6d4ae0b6xb0
3908119737254,2,+39 08119737254,_:n7174465f711a40b8a92ba6a4da410564xb0 | _:n5d1d0a1f6e4f44af91acb7ab00423f2axb0
390812294502,2,+39 081 2294502  ,_:nc5f727045cda4a60b4d66dcf28841824xb0 | _:n477ad65341ef43fab39b2b17c98968cdxb0
390814976104390814238368,2,+39 081 4976104 / +39 081 4238368,_:n8a4f321adcd4405c959b0777b15c4d7dxb0 | _:n91c83b65e5d04a2c90fcb61b4d79e064xb0
390815638111,2,+39 081 5638111,_:n10272563a67641769faa24e527227fc8xb0 | _:nc6162cbda5904147b072b2b8cc58fd04xb0
39081669390390812294409,2,+39 081 669390 +39 081 2294409,_:nfc5666612ec14c169a23e135fcad0a6bxb0 | _:na001a829510b49e0961d6ea6a9f74beexb0
390874790207,2,+39 0874 790207,_:n2c8acf9068824a8f83724ef6d1057e1dxb0 | _:n94f1dc6e15da47908d30942c3289c756xb0
39091320532,2,+39 091 320532,_:nca052842a8a34358a066da4305496087xb0 | _:neb544bcf5f6d43ffa91d264f239a3abaxb0
390916164751,2,+39 091 6164751,_:n9a7db95f4ca54be7be9ffdf984180701xb0 | _:n36457947c17b49d3b1808f30e42836daxb0
3909162300110916230033,2,+39 0916230011 - 0916230033,_:n28978072449c4f6bae8da2a53a40e0acxb0 | _:n83f7cc111f814c7d9709b58a093b138axb0
390917521754,2,+39.091.7521754,_:n4605fd0c7d414f5f8887f9aa2e5e766axb0 | _:ne34003f094de4efcbaabe9ffb7c4df34xb0
393443460619,2,+39 3443460619,_:n5495d87f2dcb4ed081f3b2fb100ae028xb0 | _:n3674d83236e4461980c03ddbb271a16axb0
393492809485,2,+39 349 2809485,_:n774c25fb058947ef91c8b9eca796b86fxb0 | _:n8ff94f1e4e444000ba5635ebf11af324xb0
4019495454,2,(401) 949-5454,_:n3d679d97bae446c3a56901377cc64f07xb0 | _:n3945fe8d06e547a1bc5f51a2d04cf9eaxb0
4023423300,2,(402) 342-3300,_:n4de065c36a1c46e29f893dcceaeeefdfxb0 | _:nc520199cd9594398a1b906b3f1909336xb0
4076455311,2,(407) 645-5311,_:nbbe0ebb8aa154ec6b53fc35f072f5fd9xb0 | _:nf0d47c6de6a1449d96b44eb1488e3badxb0
4076560559,2,(407) 656-0559,_:ne0bbc8e94cf14699ae0b0a58abe31c5dxb0 | _:n7759b809d7ab4d889991cd172081295exb0
4078964231,2,(407) 896-4231,_:n2463464413c048b69259e5632cb16022xb0 | _:n24533aa1139c4ec4b96bd28fec426a01xb0
40a0268a477864,2,+40 â€“ (0)268 â€“ 477864,_:node1ife08g3rx4196609 | _:node1ifgj7bvfx18745257
41228200,2,4122 8200,_:nbff5f6c579254e47bf5b63f64a795158xb1 | _:n55b0f14bca114fd9bec17df4026c9a65xb1
4238948028,2,423-894-8028,_:n077b97ad962347b195b221a70bfc55b0xb0 | _:nd233cd890c0343de937fa8c04d27f32cxb0
431525700,2,+43 1 525 70 0 | +43 1 52 57 00,_:node1ife4fsibx5915923 | _:n8f6c1d8316cf46419f3e10592e083803xb0
431534830,2,+43 1 534 83-0 | +43 1 53 48 30,_:node1ife4g12dx4825408 | _:n76df91451a854488a11feb1e3043abe2xb0
43216333770,2,+43 2163 33770 | 43 2163 3377 0,_:node1ife3r5pqx4893119 | _:node1ifd8th5ax12427135
43268265145,2,43 2682 65145,_:node1ife5bsdlx12044128 | _:node1ife8piilx13341859
4331680170,2,43 316 8017 0,_:node1ifeamff3x14991143 | _:node1ifd0kipmx18432722
4331680179200,2,43 316 8017 9200,_:node1ifedc497x10229624 | _:node1ife6ul2ox29571908
4401512361337,2,+44 (0)151 236 1337,_:n1279a927364c4d288a90a1ccfed3295fxb0 | _:n383d8561191c491887ce0ac73b73bc71xb0
4401516446466,2,+44 (0)151 644 6466,_:n59b9d4255a7044cd8e042523231cf866xb0 | _:n3f0f23a1a4e043aa84f996e7fa7e713bxb0
4401517091963,2,+44 (0)151 709 1963,_:n1ec2f27b782d4a85b1c5c43578f5e3b6xb0 | _:nbfb6d0a312ba41d88961631f20459215xb0
4401789204016,2,+44 (0)1789 204016 | +44 (0)1789 204 016,_:nbda7774c060c4582b662a5faf7a879cdxb0 | _:n5c1104bc847c46318f04a50e457a37d0xb0
4401913704000,2,+44 0191 370 4000,_:node1iffhli21x7300148 | _:node1ifeh8ahbx17415669
4401983567796,2,+44 (0) 1983 567796,_:node1ifevbtamx24544699 | _:node1iff48mv8x12290273
4402074052107,2,+ 44 (0) 20 7405 2107,_:node1iff9in80x2624425 | _:node1ifd32opkx25769928
4402392510354,2,+44 (0) 23 9251 0354,_:node1iff9iqt6x2151288 | _:node1iff48mv8x12290263
4402392520642,2,+44 (0) 23 9252 0642,_:node1iff0qu5cx21981378 | _:node1iff48mv8x12290269
4402392588035,2,+44 (0) 23 9258 8035,_:node1iff48mv8x12290265 | _:node1iff48mv8x12290267
4402392826722,2,+44 (0) 23 9282 6722,_:node1iff29tbdx19500952 | _:node1iff48mv8x12290251
4402920573500,2,+44 (0) 29 2057 3500,_:node1ifdq5j41x1702865 | _:node1ifdq5nbix4159248
4403001112333,2,+44 (0) 300 111 2333,_:node1ifdq5j97x1665029 | _:node1ifdq5nbix4159250
441162995111,2,+44 116 2995111,_:node1iff0r15cx39078966 | _:node1ifdmhr87x28168954
441212364353,2,+44 121 236 4353,_:node1ifec7iq7x12833203 | _:node1ifencalmx58357
441213488150,2,+44 121 348 8150,_:node1ife5c3vgx17253816 | _:node1ifeepo57x8629657
441225477789,2,44 12 2547 7789,_:node1ife8pibix35065780 | _:node1ifflsiv4x1049019
441226740203,2,44 12 2674 0203,_:node1iffdmmb0x49292 | _:node1ifd0kqgqx6016346
441413305431,2,+44 141 3305431,_:node1ife3r8gux55536180 | _:node1ifdbugrcx5028960
441482613902,2,+44 1482 613902,_:node1ifdnm0pgx39205419 | _:node1iffm9c01x1028806
441495752036,2,+44 1495 752036,_:node1iff0qnh9x15769827 | _:node1ifec16hrx9974432
441642479500,2,+44 1642 479500,_:node1ifd32opkx49114 | _:node1ifdbknl7x1056691
442070019844,2,44 20 7001 9844,_:node1iffcqu90x2410924 | _:node1ifd3tmglx1048129
442072532262,2,+44 20 72532262,_:node1ifd4gjm0x2393901 | _:node1ifd0kpegx12275993
442074352002,2,+44 20 7435 2002,_:node1ifdtq22mx7444351 | _:node1ifed8601x18376808
442074951685,2,+44 20 7495 1685,_:node1ife8pi8cx17607690 | _:node1ifebbkobx17376288
442077130836,2,+44 20 7713 0836,_:node1ife4g3rmx30014078 | _:node1ifdq5pj1x194462
442078311772,2,+44 20 78311772,_:node1iff9io8dx10763454 | _:node1ifd6t5j6x5785448
442078878888,2,+44 20 7887 8888,_:node1iff53lbax25976579 | _:n13794db99eab4d2ea5431a32d46180d2xb0
442079408790,2,+44 20 7940 8790 ,_:node1ifflgumrx20835247 | _:node1ifd3sdakx1052983
442079422000,2,+44 20 7942 2000,_:node1ifd6t5utx2522244 | _:node1ifdvkl7ex953323
442079425000,2,+44 20 7942 5000,_:node1ifd4el4cx8375673 | _:node1ifd4q14px23182908
442920573500,2,+44 29 2057 3500,_:node1ifd2m58qx22435409 | _:node1ife5bsgdx18286279
4433128838,2,443 312 88 38 |  (443) 312 88 38,<https://sic.gob.mx/ficha.php?table=museo&table_id=1038> | <https://sic.gob.mx/ficha.php?table=museo&table_id=2098>
4684428000,2,+46 8 442 80 00,_:node1ifdssg4vx7450173 | _:node1ifdjcdrfx3458955
46xxxxxxxxx,2,46 XXXXXXXXX,_:node1ife30p2hx27960775 | _:node1ifec7pp4x6372826
4773538180,2,+47 73 53 81 80,_:nf9fe328100e34887ba718ef37d76730dxb0 | _:n15bce8fa99134bc98b0b99785437b11axb0
4804786000,2,(480) 478-6000,_:n87646180fdf84b44992d8e7842acf542xb0 | _:nc33ae0c5e3ca4820b7366aec56e78573xb0
48426339790,2,(+48) 42 633 97 90,_:nc9102ad9cda44bca820767fddf0ec23cxb0 | _:nd38917dd61d943cabc0d204415f7045fxb0
4906214298756,2,+49 (0) 621 / 42 98-756,_:n5d20c812f6c94fcb8f54436c3dfc1d19xb0 | _:n140b1efc397843b3b21c816b03616af2xb0
4922891710,2,49 228 9171 0,_:node1ifdvb0tex58005 | _:node1ife3rfdox984188
493061725629,2,+49 30 61725629,_:node1ifdvgcnlx57162 | _:node1ifdqdl1px15992410
496131122503,2,49 6131 12 25 03,_:node1iffukje0x4398806 | _:node1ife30p2hx3288344
49692998820,2,49 69 29 98 82 0,_:node1ifdq5n77x54676 | _:node1ifflg2n5x1074086
49813156750,2,+49 8131 56750,_:node1ifd6tg96x10606286 | _:node1ifdbrsdnx1045852
50322436099,2,(503)2243-6099 | +503 2243-6099,_:nbbfde6f69f1747d1b6dbf663cd753360xb0 | _:node1ifdboucex7480174
5129747480,2,(512) 974-7480,_:n3b33d16924d448dcb796f2803d70782dxb0 | _:n936b9875d047469aa1b969114c867facxb0
5142828670,2,514 282-8670,_:nac66c34fa30f46629cf2cc1b7d68486dxb0 | _:nc3f04cdaf63b49829f148adc49748865xb0
5144964724,2,514 496-4724 | (514) 496-4724,_:n5ba15a72a1684c01b10933e3a437da0fxb0 | _:node1ifdbn891x9788789
5146301254,2,(514) 630-1254,_:ndbc4054c874a4ffea5ed17d08073da4bxb0 | _:n4f1ae6b6da3d467ca7467ce7b7ce05b6xb0
5152741777,2,(515) 274-1777,_:n4add8639a02e4721ba3e0fbabbff875fxb0 | _:n10ef7e478d3f4effb857f16ba30db15fxb0
52555566190255462115,2,"+52 55 55661902, 55462115",_:node1ifd0kauix7432720 | _:node1ife54hpux3520882
5536011000exts51238,2,55 3601 1000 exts. 51238,<https://sic.gob.mx/ficha.php?table=museo&table_id=2173> | <https://sic.gob.mx/ficha.php?table=museo&table_id=706>
5541550200ext2412,2,55 41550200 ext. 2412 | 55 4155 0200 ext. 2412,<https://sic.gob.mx/ficha.php?table=museo&table_id=2181> | <https://sic.gob.mx/ficha.php?table=museo&table_id=2194>
5556596015,2,55 5659 6015,_:n609140b69a454fbd847c1fbf8aafd5d7xb1 | <https://sic.gob.mx/ficha.php?table=museo&table_id=852>
5557827290,2,555 782 72 90 | 55 5782 7290,<https://sic.gob.mx/ficha.php?table=museo&table_id=1550> | <https://sic.gob.mx/ficha.php?table=museo&table_id=733>
57022991,2,5702 2991,_:n3816921b7ab94345adb21cf60c139c52xb1 | _:ne1abc82dc2fe4265a8bd78f40fae3fbexb1
5706854871,2,(570) 685-4871,_:n55e922e5c90646e099c92a66c70bae44xb0 | _:n7485f743b9344b6a851e6ca9ac295d95xb0
607237911,2,607237911 | 607 23 79 11,_:n33240775bd8f406aa9095cd853a559e1xb0 | _:node1ifd21ilkx2552892
61262406411,2,+61 2 6240 6411 | 61 2 6240 6411,_:n2082f45ea7634d5081e395351f9db38axb0 | _:node1ifelq264x40654058
61282392311,2,61 2 8239 2311,_:node1ifehbsikx12573506 | _:node1ife06rsvx1062905
6142216801,2,(614) 221-6801,_:n1db4728edb2d4598a71c3a5031f3df0fxb0 | _:ncf07345d71ce4c4ea715d3dd0422ce97xb0
6144104258,2,(614) 410 42 58 | 614 410 42 58,<https://sic.gob.mx/ficha.php?table=museo&table_id=921> | <https://sic.gob.mx/ficha.php?table=museo&table_id=928>
6151540222,2,615 154 02 22,<https://sic.gob.mx/ficha.php?table=museo&table_id=1073> | <https://sic.gob.mx/ficha.php?table=museo&table_id=2082>
616318198985640083,2,616 318 198 / 985 640 083,_:node1ifdbjul8x4849549 | _:node1ifffo7pux2308932
61865527800,2,+61.8 6552 7800,_:node1ifenccslx12483090 | _:node1ife8piilx32289771
620309362,2,620 30 93 62,_:node1ifd0klcpx19544813 | _:node1ifd45j53x10858052
6275254400,2,627 525 4400,<https://sic.gob.mx/ficha.php?table=museo&table_id=672> | <https://sic.gob.mx/ficha.php?table=museo&table_id=1377>
689570708660660400,2,689 570 708 - 660 660 400,_:node1ifd4gr2ex22027488 | _:node1iff9ococx14733941
7026301037,2,702-630-1037,_:node1iffo40b6x5168694 | _:node1iffo40b6x5168695
7132251688,2,(713) 225-1688,_:n1c0d020e27ad4194909a9a959ec3a53dxb0 | _:n2c57301d5f504af89f88405e27d32465xb0
7135294848,2,(713) 529-4848,_:n0f69362dcc0c4b1db2fac7f04ddda5acxb0 | _:n3d7db17350ff4321a45a7b56627163afxb0
7136397300,2,(713) 639-7300,_:nbc893b6e85d04e5aa05b36b6be0f609bxb0 | _:nf0f1ec7090b04efabbb4893e6bce7075xb0
7136551912,2,(713) 655-1912,_:n6916c9be3b584ad6b28488d69ec68beaxb0 | _:n4ad71c1686cb40278e136f8e141e7b45xb0
7139428920,2,(713) 942-8920,_:n90898d2adda3402e8f7a8c0b85bd9f5fxb0 | _:nceac581736ef41ee8532710d54d22ea4xb0
7172326221,2,(717) 232-6221,_:n324f2dd8d6bf4d9ca55626740859c3d2xb0 | _:nec733a479db14b2b8fed5a7a8c6b58a0xb0
7176976088,2,(717) 697-6088,_:nb6198a07d49d4945ab8378d00b765a03xb0 | _:n60db32f74d3f4e67ae9514fa41fc1e68xb0
73832035479,2,+7 (383) 203 54 79,_:nf1b2b4db37a5471381f58e070c22098dxb0 | _:node1ifekm4rlx24850124
73832213668,2,+7 (383) 221 36 68,_:n379b6a94742f48479b07242fa1a4c487xb0 | _:node1ifed7udcx32369122
73832241552,2,+7 (383) 224 15 52,_:n742796ccbe834dff8a03ed67bd85b1efxb0 | _:node1ife5s0i1x6386035
74952217690,2,+7 (495) 221 76 90,_:nc712ee764f5c4d8d8a76f35163dd9ac0xb0 | _:node1ifevg2alx14058588
74953753131,2,+7 (495) 375 31 31,_:nd0473935c2a84fa39f37aa68bdc9ec70xb0 | _:node1ife9hbpsx1602329
74956377005,2,+7 (495) 637 70 05,_:n9c7b2f1ab15d4860a0c7e7239a96d49bxb0 | _:node1ifd0kcp7x4093957
74956450550,2,+7 (495) 645 05 50,_:n368edf9cfe0a457688bc1476f0a1d82fxb0 | _:node1ifdq5k8gx4012285
74957305526,2,+7 (495) 730 55 26,_:ne580d1af290840a8a9800bab037d7191xb0 | _:node1ifdrtp04x42365906
74957390008,2,+7 (495) 739 00 08,_:n9c7b2f1ab15d4860a0c7e7239a96d49bxb0 | _:node1ifd0kcp7x4093957
74959899561,2,+7 (495) 989 95 61,_:n38c3e38ef674467bb5e1ced7c0f0ef62xb0 | _:node1ifec7iq7x14143400
7495995002019,2,"+7 (495) 995 00 20, доб. 19",_:n67a75bcea442401d8a632fe396609e23xb0 | _:node1ifd3sebux4143956
7737555100,2,7737555100,<https://naturemuseum.org/#creator> | <https://naturemuseum.org/#identity>
78125954248,2,(+7) 812 595 42 48,_:n658079646c9a4148974b7b37a77bb7f7xb0 | _:ncfb3d515732d4ca68a3c060c63910ccaxb0
78412561010,2,+7 (8412) 56 10 10,_:na4e92eac34844a3eb8a719d39368d320xb0 | _:node1iff9in80x36231563
78412561312,2,+7 (8412) 56 13 12,_:na4e92eac34844a3eb8a719d39368d320xb0 | _:node1iff9in80x36231563
78412562470,2,+7 (8412) 56 24 70,_:nb0cd6f4d3cbd4acd8f9c4997883d46f1xb0 | _:node1iffvo79ox1683816
78412563414,2,+7 (8412) 56 34 14,_:nb0cd6f4d3cbd4acd8f9c4997883d46f1xb0 | _:node1iffvo79ox1683816
78412565520,2,+7 (8412) 56 55 20,_:nb0cd6f4d3cbd4acd8f9c4997883d46f1xb0 | _:node1iffvo79ox1683816
79015018085,2,+7 901 501 80 85,_:n50ee06b7b7c84652af2ae4d0b044ac39xb0 | _:node1ifdbn7lux6540372
79059349357,2,+7 905 934 93 57,_:n75b970a2463c4ce4947d2a3d4c1bfc14xb0 | _:node1ifeeatusx38902705
79164415554,2,+7 916 441 55 54,_:n50ee06b7b7c84652af2ae4d0b044ac39xb0 | _:node1ifdbn7lux6540372
79169420258,2,+7 916 942 02 58,_:neabbb21631414f5a892fb4393be316b9xb0 | _:node1ifdgoahex9055499
79684098277,2,+7 968 409 82 77,_:n9c7b2f1ab15d4860a0c7e7239a96d49bxb0 | _:node1ifd0kcp7x4093957
800942241,2,800 942 241 ,_:n1cc7133ce7d74855beb53f754db7528cxb0 | _:nf086dc6bce6d431eb5aa1829563195d0xb0
8032527742,2,(803) 252-7742,_:nc9db7819704d41cfa7e93a7e6e2664caxb0 | _:nf9e2a6f2e9154e3f86ec1ee2c519c55bxb0
8037342430,2,(803) 734-2430,_:n0a30967e48674ad585378ee07067a97cxb0 | _:n1107e329ab00406cbbe3a85e17e2a195xb0
8148866170,2,814-886-6170,_:nacfd3446ac9e4527a2c41bcf09c6b97cxb0 | _:ncf49c201d5014a7780722bad838492d2xb0
8168888100,2,816-888-8100,_:n5ff129a53dd64a198448941f2576f48cxb0 | _:nb436978175fb4ca898734b3b081025aaxb0
8172511185,2,(817) 251-1185,_:n0eb7d0091d20493daca143da425a7543xb0 | _:n6b4f36462bc34c1ea0c6f89dcac83bc2xb0
8193720406,2,819 372-0406,_:ne7ed6af183a64300b6a59ef15f4dd10bxb0 | _:nfe7036fa8d8e4d91b1e2a2bb0e0ce940xb0
8323513366,2,832-351-3366,_:n7dc508d87dac43ddac56a57ec394d972xb0 | _:ne0b07bbb302042f09b6cc4c5cbb5d887xb0
8326684410,2,(832) 668-4410,_:n56fd2379f2bc47bdbba8ce31a0d6359exb0 | _:n6aeea82f73db4659a715158da7d38bc6xb0
837207947,2,8 37 207 947,_:node1iff0qo73x6150638 | _:node1ifdmhr87x27873829
837229475,2,(8 ~ 37) 22 94 75,_:node1ifed7hogx3778861 | _:node1ife08agox1216108
837322584,2,837322584,_:node1ife670cmx23570534 | _:node1ife5c3vgx11300504
837422295,2,(8 37) 422 295,_:node1iffukeudx6187561 | _:node1ifdvb10ix3647254
837731184,2,(8 37) 731 184,_:node1ifefhh10x53039377 | _:node1ifdq5j97x10838433
837751047,2,(8 37) 751047,_:node1iffsrcinx3730998 | _:node1ifelpshkx11322393
841553934,2,(8 41) 553 934,_:node1ifelq5n1x16251876 | _:node1ife3r7avx13720950
841823883,2,841823883,_:node1ifehbi36x21993756 | _:node1ife77d55x26405467
846057216,2,(8-460) 57216,_:node1ifepn4mbx3722664 | _:node1ifdq82kpx11069119
852312357,2,85 231 2357,_:node1ife8pclux16033208 | _:node1ife5bsgdx8622833
852312724,2,8 5 231 27 24,_:node1ifed7hogx3778924 | _:node1ifelr2fox18761921
852620981,2,85 262 0981,_:node1iffsrcinx3704780 | _:node1ifdvcpbmx3685075
852628080,2,85 262 8080,_:node1ifed7dhsx34301651 | _:node1ifdn1qsmx16652775
852697698,2,(8 5) 269 76 98,_:node1iffv0v7tx6116381 | _:node1ife9hbpsx1291576
852697803852697800,2,"85 269 78 03, 85 269 78 00",_:node1ifenc53ex11273232 | _:node1ifenc83gx11013948
861487988,2,861487988,_:node1ifed7kjpx3638875 | _:node1ifduafncx8891226
865041018,2,8 65041018,_:node1iffuto4kx1317008 | _:node1ifdse5s8x3532017
866421174,2,866421174,_:node1ife7sc3ix18442611 | _:node1ifdmgvn4x30670970
867016445,2,867016445,_:node1ifepn4mbx3722633 | _:node1ife5cp48x8531493
9026482253,2,(902) 648-2253,_:nde20f6645c4d41cd81acfbacb02d6f6fxb0 | _:n61299f45be754dd8879831042f1d9190xb0
9026482315,2,(902) 648-2315,_:n0dbbf49a2604447baf8200a918a6925fxb0 | _:n18b563a3a0734fd28accdfd818024654xb0
9026482493,2,(902) 648-2493,_:n05d1eb4129e04a16a4c80718b1ac2687xb0 | _:n429290808a254d149120fabb5fc61d66xb0
9026632536,2,(902) 663-2536,_:n7cd61b65b56449a8a5bb47366dc4cca0xb0 | _:nee1e02a2019a48ee8a1020231cedb785xb0
9027425539,2,(902) 742-5539  | (902) 742-5539,_:nf8ebd97db6ce4ab5a904f780d680e561xb0 | _:n68856bd7ff5a4ca19389d4ac8dd110b7xb0
9027491360,2,(902) 749-1360,_:n74b7c2f15d3a4f049164ce16b6413b26xb0 | _:naf5464039d064df8b23b6db3ffc2a330xb0
9055462872,2,(905) 546-2872,_:node1ifd6t8skx8722582 | _:node1ifebbn59x17327947
918453136,2, 91 845 31 36,_:node1ifdvknm8x16334931 | _:node1ifdvknm8x16334934
925990980,2,925 990 980,_:node1iff0r15cx69471971 | _:node1iff0qsf3x11666272
928311800,2,928311800,_:nd864b95dccde492085991fbf7d78d06dxb0 | _:nfd6f5c665bc54fe1acf8cc304b311036xb0
950128916,2,950128916,_:node1ifd0kcvlx8802828 | _:node1iff9ir6hx27083058
9616160055,2,(961) 616 00 55 | 961 616 00 55,<https://sic.gob.mx/ficha.php?table=museo&table_id=859> | <https://sic.gob.mx/ficha.php?table=museo&table_id=860>
9787440991,2,978-744-0991,_:nd427a1fa31424a9e90980c615ae3ffe6xb0 | _:n128d8972fac54f28b1ed30130f15280fxb0
984497009,2,984 497 009,_:node1ifencalmx4832565 | _:node1ifd0tb8tx32000793
984835031,2,984 835 031,_:node1ifdspu54x9804275 | _:node1ifdbncpdx4920853
985181777,2,985 181 777,_:node1ifernl21x16964588 | _:node1ifgj79mmx6629776
985422185,2,985 422 185,_:node1ife8pdj7x9920496 | _:node1ifencfsix35060953
985646817619635330,2,985 646 817 / 619 635 330,_:node1iffqiui0x4832165 | _:node1ifdq5sh3x27436276
985654923630119642horariodeatencionde800a1400h,2,985 654 923 / 630 119 642 (horario de atención de 8:00 a 14:00 h),_:node1ifdq5j41x4890001 | _:node1ife7vpunx12455462
985717422,2,985 717 422,_:node1ife3rfdox57681266 | _:node1iff0qm93x9652066
985763758,2,985 763 758,_:node1ifdru3qjx2426732 | _:node1iff9tdf4x14640868
985763984985763652,2,985 76 39 84 / 985 76 36 52 | 985 763 984 / 985 763 652,_:node1ifernpe8x46842602 | _:node1ifekjgkrx14643586
985804835677896992,2,985 80 48 35 / 677 89 69 92,_:node1ifdvb6ckx2462649 | _:node1ifdq5pdmx4934290
985848614,2,985 848 614,_:node1ifdsprmtx9696492 | _:node1ifd6t6cix4875609
994125056003,2,(+99412) 505-60-03,_:node1ifekm4rlx26487779 | _:node1ife77d55x47767397
994233353707,2,+994 23 335 37 07,_:node1iff29tbdx9953922 | _:node1iff0qmv6x5909337
nn0322370463n,2,\n\n(032) 237-04-63\n,_:node1ifevbu37x14801327 | _:node1ifd0rac8x12509076
nn03322613799n,2,\n\n(0332) 261-37-99\n,_:node1ifevbu37x14801325 | _:node1ifd0rac8x12509074
nn03322614145n,2,\n\n(0332) 261-41-45\n,_:node1ifevbu37x14801325 | _:node1ifd0rac8x12509074
nn03322718017n,2,\n\n(0332) 271-80-17\n,_:node1ifevbu37x14801321 | _:node1ifd0rac8x12509062
nn0632020120n,2,\n\n(063) 202-01-20\n,_:node1ifevbu37x14801323 | _:node1ifd0rac8x12509058
nn0682020120n,2,\n\n(068) 202-01-20\n,_:node1ifevbu37x14801323 | _:node1ifd0rac8x12509058
nn0685259185n,2,\n\n(068) 525-91-85\n,_:node1ifevbu37x14801321 | _:node1ifd0rac8x12509062
nn0972384548n,2,\n\n(097) 238-45-48\n,_:node1ifevbu37x14801327 | _:node1ifd0rac8x12509076
nttttttttttt,2,\n\t\t\t\t\t\t\t\t\t\t\t,_:node1ifghjajhx24975269 | _:node1ifdi87opx2954653
telefono972349573,2,Teléfono : 972349573 | Teléfono : 972 349573,_:node1ifefavmvx46474777 | _:node1ifepn4abx11616457
telfaks838345424838345424,2,"Tel./Faks: (8-383) 45-424, (8-383) 45-424,",_:node1ife4g3rmx28289521 | _:node1ife4k0dvx13461426
x2b310302866611,2,&#x2B;31 (0)30-286 66 11,_:n467032a175a640809137fb8ae9ce4a72xb0 | _:n84443495de4140edbf3e2b393157e68exb0
